query_id	read_len	kmers_sketched	kmers_seeds	possible_matches	examined_matches	seed_matches	seeded_buckets	refined_buckets	final_buckets	matches_in_mapping	mapped	mapq	query_mapping_s
SRR11032669.1	25147	231	156	314	0	0	0	0	0	0	0	-1	0.001228723
SRR11032669.116	20124	199	135	89	0	0	0	0	0	0	0	-1	0.000084000
SRR11032669.258	20739	212	144	115160	48	48	45	0	0	0	0	-1	0.000091800
SRR11032669.359	25885	253	171	283780	55	55	59	0	0	0	0	-1	0.000111720
SRR11032669.481	20444	201	136	207833	55	55	59	0	0	0	0	-1	0.000096440
SRR11032669.574	21036	210	142	152344	28	28	21	0	0	0	0	-1	0.000087240
SRR11032669.718	21598	229	155	147057	51	51	39	0	0	0	0	-1	0.000100160
SRR11032669.936	22512	223	151	111293	58	58	41	0	0	0	0	-1	0.000099360
SRR11032669.1129	27808	257	174	21197	30	30	23	0	0	0	0	-1	0.000118161
SRR11032669.1227	24835	243	165	326328	72	72	97	0	0	0	0	-1	0.000113080
SRR11032669.1368	27656	296	200	159571	7	7	12	0	0	0	0	-1	0.000113401
SRR11032669.1563	26410	245	166	280895	99	99	85	1	2	108	1	60	0.000147160
SRR11032669.1632	22691	237	160	1923	16	16	30	0	0	0	0	-1	0.000094640
SRR11032669.1789	21958	199	135	77900	82	82	49	1	2	108	1	60	0.000115401
SRR11032669.1860	22979	245	166	108404	51	51	27	1	2	100	1	60	0.000119520
SRR11032669.2014	25548	271	183	200455	103	103	135	0	0	0	0	-1	0.000132240
SRR11032669.2057	25285	239	162	151006	60	60	45	0	0	0	0	-1	0.000104761
SRR11032669.2198	21732	187	127	175	0	0	0	0	0	0	0	-1	0.000074720
SRR11032669.2275	20814	209	142	696	7	7	14	0	0	0	0	-1	0.000082081
SRR11032669.2377	21999	235	159	136578	51	51	27	0	0	0	0	-1	0.000102880
SRR11032669.2451	21203	221	150	44664	91	91	61	1	2	110	1	60	0.000133041
SRR11032669.2596	25663	251	170	9196	58	58	39	0	0	0	0	-1	0.000128280
SRR11032669.2675	22779	214	145	58644	56	56	53	0	0	0	0	-1	0.000096560
SRR11032669.2768	20291	192	130	52650	62	62	55	2	3	77	1	60	0.000120921
SRR11032669.2894	24271	273	185	153208	76	76	71	0	0	0	0	-1	0.000115160
SRR11032669.2962	22938	246	167	58209	69	69	61	0	0	0	0	-1	0.000106520
SRR11032669.3035	24405	275	186	3151	81	81	51	1	2	113	1	60	0.000152881
SRR11032669.3112	24635	253	171	123868	115	115	69	1	2	127	1	60	0.000139281
SRR11032669.3204	21172	218	148	96336	64	64	57	0	0	0	0	-1	0.000094680
SRR11032669.3334	24380	250	169	149338	65	65	59	0	0	0	0	-1	0.000108840
SRR11032669.3385	26810	250	169	2106	73	73	64	0	0	0	0	-1	0.000118440
SRR11032669.3542	20571	190	129	60198	49	49	39	0	0	0	0	-1	0.000095960
SRR11032669.3718	25523	247	167	388	44	44	54	0	0	0	0	-1	0.000106200
SRR11032669.3825	22472	231	156	10059	51	51	41	0	0	0	0	-1	0.000097840
SRR11032669.3956	25691	261	177	95065	127	127	117	1	2	123	1	60	0.000151240
SRR11032669.4053	27757	265	179	5091	66	66	67	0	0	0	0	-1	0.000115801
SRR11032669.4164	23251	237	160	562	30	30	45	0	0	0	0	-1	0.000095480
SRR11032669.4301	21338	206	140	7928	17	17	32	0	0	0	0	-1	0.000100161
SRR11032669.4441	25530	255	173	66729	67	67	91	0	0	0	0	-1	0.000110001
SRR11032669.4520	22276	220	149	1376	46	46	39	0	0	0	0	-1	0.000090360
SRR11032669.4624	22413	245	166	98745	58	58	43	0	0	0	0	-1	0.000102521
SRR11032669.4737	25980	268	181	129702	43	43	27	0	0	0	0	-1	0.000105240
SRR11032669.4876	25510	264	179	153	0	0	0	0	0	0	0	-1	0.000094840
SRR11032669.5002	22772	231	156	27808	47	47	25	0	0	0	0	-1	0.000101041
SRR11032669.5191	27604	282	191	161988	183	183	140	1	2	115	1	60	0.000180920
SRR11032669.5351	21601	195	132	112717	194	194	287	0	0	0	0	-1	0.000154000
SRR11032669.5429	27901	277	187	57665	13	13	26	0	0	0	0	-1	0.000104961
SRR11032669.5563	26433	244	165	50666	2	2	4	0	0	0	0	-1	0.000092081
SRR11032669.5701	24129	257	174	89724	1635	1635	769	0	0	0	0	-1	0.000162520
SRR11032669.5771	25967	223	151	2798	16	16	32	0	0	0	0	-1	0.000089480
SRR11032669.5849	26895	227	154	89618	307	307	417	0	0	0	0	-1	0.000133081
SRR11032669.5987	25825	235	159	56614	21	21	42	0	0	0	0	-1	0.000096200
SRR11032669.6066	20277	213	144	35641	5	5	10	0	0	0	0	-1	0.000079040
SRR11032669.6298	24719	256	173	59221	53	53	94	0	0	0	0	-1	0.000107240
SRR11032669.6383	21605	218	148	540	0	0	0	0	0	0	0	-1	0.000079400
SRR11032669.6443	20841	184	125	118819	76	76	105	0	0	0	0	-1	0.000091801
SRR11032669.6554	22734	230	156	22608	28	28	9	0	0	0	0	-1	0.000099161
SRR11032669.6602	24728	259	175	30176	86	86	33	1	2	136	1	60	0.000129160
SRR11032669.6788	20318	201	136	238	12	12	22	0	0	0	0	-1	0.000078521
SRR11032669.6864	21359	220	149	5517	24	24	19	0	0	0	0	-1	0.000084560
SRR11032669.6983	24261	249	169	56559	15	15	23	0	0	0	0	-1	0.000094960
SRR11032669.7076	22578	220	149	7107	26	26	23	0	0	0	0	-1	0.000088280
SRR11032669.7154	22681	244	165	33174	31	31	31	0	0	0	0	-1	0.000095121
SRR11032669.7238	23010	263	178	3188	58	58	55	0	0	0	0	-1	0.000107520
SRR11032669.7372	22593	244	165	481	36	36	43	0	0	0	0	-1	0.000096800
SRR11032669.7481	22033	214	145	197930	88	88	54	2	3	111	1	60	0.000149960
SRR11032669.7560	26002	300	203	38904	40	40	57	0	0	0	0	-1	0.000113480
SRR11032669.7690	27181	281	190	69478	55	55	69	0	0	0	0	-1	0.000115240
SRR11032669.7844	23184	216	146	15642	26	26	31	0	0	0	0	-1	0.000086120
SRR11032669.7986	25926	254	172	23411	59	59	25	1	2	102	1	60	0.000127441
SRR11032669.8118	24647	243	165	70425	86	86	63	2	3	102	1	60	0.000148800
SRR11032669.8173	20873	204	138	89353	23	23	37	0	0	0	0	-1	0.000080400
SRR11032669.8235	23280	233	158	14643	58	58	35	0	0	0	0	-1	0.000101121
SRR11032669.8344	27429	291	197	77615	96	96	83	0	0	0	0	-1	0.000128120
SRR11032669.8474	26361	263	178	37622	64	64	33	0	0	0	0	-1	0.000113000
SRR11032669.8583	21197	209	142	164162	70	70	65	0	0	0	0	-1	0.000108320
SRR11032669.8697	22449	230	156	32778	27	27	23	0	0	0	0	-1	0.000089920
SRR11032669.8835	23449	233	158	9075	0	0	0	0	0	0	0	-1	0.000085920
SRR11032669.8982	22950	233	158	72056	102	102	85	2	3	98	1	60	0.000145400
SRR11032669.9065	25435	246	167	86954	62	62	67	0	0	0	0	-1	0.000105560
SRR11032669.9189	23110	225	152	97262	37	37	43	0	0	0	0	-1	0.000091760
SRR11032669.9245	23108	224	152	19019	41	41	39	0	0	0	0	-1	0.000092760
SRR11032669.9319	25682	278	188	1610	60	60	45	0	0	0	0	-1	0.000109200
SRR11032669.9473	21726	219	148	224	13	13	22	0	0	0	0	-1	0.000082441
SRR11032669.9526	27589	291	197	99062	86	86	59	1	0	0	0	-1	0.000154641
SRR11032669.9637	21695	223	151	171011	49	49	67	0	0	0	0	-1	0.000090880
SRR11032669.9775	22400	212	144	170945	42	42	37	0	0	0	0	-1	0.000088241
SRR11032669.9868	22211	207	140	7920	31	31	21	0	0	0	0	-1	0.000085080
SRR11032669.10021	25826	281	190	91251	50	50	77	0	0	0	0	-1	0.000112801
SRR11032669.10119	20650	201	136	97658	35	35	39	0	0	0	0	-1	0.000082400
SRR11032669.10232	22801	251	170	62257	40	40	31	0	0	0	0	-1	0.000150161
SRR11032669.10328	26510	252	171	39715	0	0	0	0	0	0	0	-1	0.000095000
SRR11032669.10429	21434	198	134	80708	47	47	87	0	0	0	0	-1	0.000089920
SRR11032669.10499	26151	272	184	229697	72	72	65	0	0	0	0	-1	0.000116760
SRR11032669.10562	20080	193	131	28827	17	17	32	0	0	0	0	-1	0.000076320
SRR11032669.10644	21701	222	150	15099	94	94	89	1	2	103	1	60	0.000128600
SRR11032669.10745	21231	242	164	25706	13	13	22	0	0	0	0	-1	0.000087920
SRR11032669.10847	21265	204	138	168503	66	66	27	1	2	99	1	60	0.000117521
SRR11032669.10957	22256	208	141	23936	41	41	29	0	0	0	0	-1	0.000089000
SRR11032669.11067	24882	256	173	94609	29	29	34	0	0	0	0	-1	0.000098720
SRR11032669.11203	22019	208	141	57498	48	48	33	0	0	0	0	-1	0.000088480
SRR11032669.11324	21598	183	124	81179	248	248	372	2	3	100	1	60	0.000195280
SRR11032669.11444	27397	272	184	94745	61	61	43	0	0	0	0	-1	0.000115880
SRR11032669.11544	21158	235	159	13973	21	21	27	0	0	0	0	-1	0.000087760
SRR11032669.11655	22005	218	148	140959	73	73	45	1	2	96	1	60	0.000121480
SRR11032669.11785	27706	298	202	1538	0	0	0	0	0	0	0	-1	0.000102920
SRR11032669.11906	25180	251	170	36840	9	9	17	0	0	0	0	-1	0.000096201
SRR11032669.12067	21852	237	160	150790	74	74	47	1	2	101	1	60	0.000121040
SRR11032669.12174	22338	203	138	96160	78	78	71	1	0	0	0	-1	0.000124640
SRR11032669.12267	27535	290	196	71645	93	93	29	1	2	144	1	60	0.000144160
SRR11032669.12362	26467	264	179	10721	30	30	35	0	0	0	0	-1	0.000103920
SRR11032669.12426	26352	257	174	343	10	10	16	0	0	0	0	-1	0.000099241
SRR11032669.12559	24014	248	168	3992	15	15	30	0	0	0	0	-1	0.000094560
SRR11032669.12702	22798	230	156	62398	84	84	67	1	2	99	1	60	0.000128601
SRR11032669.12758	25146	272	184	8706	32	32	35	0	0	0	0	-1	0.000103560
SRR11032669.12858	25794	271	183	61914	55	55	45	0	0	0	0	-1	0.000111400
SRR11032669.12985	21211	239	162	4712	35	35	33	0	0	0	0	-1	0.000093040
SRR11032669.13122	27724	287	194	106461	120	120	113	1	0	0	0	-1	0.000182280
SRR11032669.13214	21024	237	160	104629	62	62	69	0	0	0	0	-1	0.000102041
SRR11032669.13318	20089	222	150	48374	87	87	69	2	3	108	1	60	0.000147241
SRR11032669.13448	20134	204	138	63268	45	45	31	0	0	0	0	-1	0.000084200
SRR11032669.13542	22154	226	153	130	0	0	0	0	0	0	0	-1	0.000084561
SRR11032669.13672	20467	194	131	137632	52	52	35	0	0	0	0	-1	0.000088600
SRR11032669.13749	25800	254	172	131958	40	40	27	0	0	0	0	-1	0.000103961
SRR11032669.13898	26382	240	163	111181	51	51	59	0	0	0	0	-1	0.000112280
SRR11032669.13988	24938	230	156	368	39	39	67	0	0	0	0	-1	0.000097560
SRR11032669.14069	27476	293	198	18148	92	92	51	1	2	136	1	60	0.000147160
SRR11032669.14161	20900	198	134	647	50	50	37	0	0	0	0	-1	0.000088560
SRR11032669.14252	24251	266	180	168224	129	129	132	1	2	124	1	60	0.000150641
SRR11032669.14320	24444	251	170	17561	129	129	127	2	3	130	1	60	0.000159000
SRR11032669.14446	22433	233	158	9867	0	0	0	0	0	0	0	-1	0.000092920
SRR11032669.14522	26391	261	177	4011	36	36	72	0	0	0	0	-1	0.000107481
SRR11032669.14642	20391	167	113	12003	30	30	56	0	0	0	0	-1	0.000078321
SRR11032669.14866	24481	239	162	141038	40	40	37	0	0	0	0	-1	0.000096360
SRR11032669.14981	23671	226	153	62539	13	13	24	0	0	0	0	-1	0.000090480
SRR11032669.15106	25253	226	153	33345	60	60	17	1	0	0	0	-1	0.000126280
SRR11032669.15193	25833	278	188	6086	0	0	0	0	0	0	0	-1	0.000099400
SRR11032669.15290	23629	241	163	36238	60	60	100	0	0	0	0	-1	0.000105041
SRR11032669.15422	21452	232	157	142159	43	43	35	0	0	0	0	-1	0.000090361
SRR11032669.15509	23748	242	164	102036	33	33	45	0	0	0	0	-1	0.000112480
SRR11032669.15590	24336	249	169	124241	76	76	47	1	2	113	1	60	0.000128280
SRR11032669.15725	24360	234	158	68741	46	46	53	0	0	0	0	-1	0.000100721
SRR11032669.15794	24324	245	166	206960	61	61	48	0	0	0	0	-1	0.000107200
SRR11032669.15908	25229	240	163	23418	58	58	31	1	2	99	1	60	0.000121441
SRR11032669.16054	24603	253	171	343	0	0	0	0	0	0	0	-1	0.000091720
SRR11032669.16272	22104	240	163	4041	68	68	27	1	2	105	1	60	0.000116880
SRR11032669.16390	24580	211	143	4961	41	41	31	0	0	0	0	-1	0.000107040
SRR11032669.16470	21473	223	151	1170	42	42	35	0	0	0	0	-1	0.000088920
SRR11032669.16540	27654	248	168	15544	63	63	55	0	0	0	0	-1	0.000113481
SRR11032669.16657	22009	204	138	70828	55	55	55	0	0	0	0	-1	0.000090880
SRR11032669.16775	24598	258	175	7896	95	95	57	1	2	119	1	60	0.000130480
SRR11032669.16879	21962	214	145	76212	81	81	61	1	2	101	1	60	0.000125200
SRR11032669.17022	20530	216	146	568	19	19	19	0	0	0	0	-1	0.000127400
SRR11032669.17135	27919	259	175	854	18	18	30	0	0	0	0	-1	0.000104801
SRR11032669.17252	25767	253	171	142994	75	75	85	0	0	0	0	-1	0.000113040
SRR11032669.17385	24394	244	165	44694	106	106	81	1	2	128	1	60	0.000134400
SRR11032669.17488	21067	214	145	88286	110	110	103	2	3	99	1	60	0.000148121
SRR11032669.17580	27778	315	213	23561	15	15	27	0	0	0	0	-1	0.000110240
SRR11032669.17792	22487	202	137	89632	48	48	31	0	0	0	0	-1	0.000088561
SRR11032669.17854	26381	248	168	73411	65	65	47	0	0	0	0	-1	0.000111800
SRR11032669.18021	23258	219	148	138193	74	74	43	1	2	104	1	60	0.000126921
SRR11032669.18103	26248	266	180	17007	30	30	39	0	0	0	0	-1	0.000102520
SRR11032669.18230	22232	232	157	87268	76	76	41	1	2	102	1	60	0.000122560
SRR11032669.18329	20483	200	136	5669	63	63	41	1	0	0	0	-1	0.000105400
SRR11032669.18449	21703	218	148	11133	16	16	30	0	0	0	0	-1	0.000084720
SRR11032669.18668	25087	255	173	404	0	0	0	0	0	0	0	-1	0.000092480
SRR11032669.18849	23671	252	171	4362	109	109	67	1	2	132	1	60	0.000147481
SRR11032669.18967	25767	274	185	100986	65	65	58	0	0	0	0	-1	0.000112921
SRR11032669.19055	24001	221	150	2979	69	69	31	2	3	91	1	60	0.000147000
SRR11032669.19214	25531	253	171	244583	87	87	95	0	0	0	0	-1	0.000117680
SRR11032669.19318	27693	287	194	54473	119	119	83	1	2	147	1	60	0.000151361
SRR11032669.19447	22913	205	139	54947	58	58	33	1	2	86	1	60	0.000134520
SRR11032669.19565	21042	204	138	24154	35	35	43	0	0	0	0	-1	0.000084040
SRR11032669.19660	25091	303	205	31198	41	41	56	0	0	0	0	-1	0.000110441
SRR11032669.19815	23739	218	148	79477	47	47	59	0	0	0	0	-1	0.000094200
SRR11032669.19930	20622	196	133	36107	70	70	25	1	2	90	1	60	0.000107080
SRR11032669.20085	25126	237	160	90252	64	64	39	1	2	96	1	60	0.000134841
SRR11032669.20208	26341	265	179	80023	10	10	9	0	0	0	0	-1	0.000097960
SRR11032669.20311	24126	267	181	26150	66	66	55	0	0	0	0	-1	0.000109200
SRR11032669.20414	20547	207	140	12529	12	12	16	0	0	0	0	-1	0.000079800
SRR11032669.20522	20913	202	137	1864	56	56	29	1	0	0	0	-1	0.000107440
SRR11032669.20677	22674	238	161	155920	63	63	55	0	0	0	0	-1	0.000105761
SRR11032669.20779	20886	199	135	35285	26	26	19	0	0	0	0	-1	0.000080040
SRR11032669.20890	24257	241	163	177678	79	79	49	1	2	114	1	60	0.000130960
SRR11032669.21038	24002	250	169	6846	79	79	35	1	2	124	1	60	0.000128520
SRR11032669.21183	26349	276	187	139943	68	68	33	2	3	115	1	60	0.000153041
SRR11032669.21280	25402	238	161	681	37	37	49	0	0	0	0	-1	0.000100440
SRR11032669.21415	25400	256	173	146065	55	55	39	0	0	0	0	-1	0.000108121
SRR11032669.21546	22190	230	156	411	6	6	12	0	0	0	0	-1	0.000086080
SRR11032669.21618	22500	239	162	15787	15	15	15	0	0	0	0	-1	0.000088480
SRR11032669.21737	25311	257	174	28020	33	33	41	0	0	0	0	-1	0.000100680
SRR11032669.21859	25814	241	163	168263	34	34	37	0	0	0	0	-1	0.000097881
SRR11032669.21986	24499	281	190	2077	67	67	63	0	0	0	0	-1	0.000130640
SRR11032669.22090	24559	248	168	53401	102	102	51	1	2	122	1	60	0.000135921
SRR11032669.22274	26926	302	204	32091	92	92	44	2	3	137	1	60	0.001423723
SRR11032669.22386	21101	226	153	139013	54	54	57	0	0	0	0	-1	0.000096000
SRR11032669.22508	26110	273	185	91715	131	131	99	1	2	146	1	60	0.000201201
SRR11032669.22619	22281	252	171	160260	104	104	75	1	2	119	1	60	0.000133960
SRR11032669.22730	24860	225	152	77548	47	47	55	0	0	0	0	-1	0.000097520
SRR11032669.22827	23413	257	174	10588	79	79	37	1	2	116	1	60	0.000126121
SRR11032669.22896	22518	227	154	1655	82	82	25	1	2	123	1	60	0.000115480
SRR11032669.22994	26552	278	188	20879	55	55	29	0	0	0	0	-1	0.000113640
SRR11032669.23117	22832	236	160	444	18	18	21	0	0	0	0	-1	0.000091360
SRR11032669.23236	24480	229	155	50471	4	4	7	0	0	0	0	-1	0.000097720
SRR11032669.23363	21730	213	144	84693	0	0	0	0	0	0	0	-1	0.000078880
SRR11032669.23522	22126	213	144	58182	39	39	21	0	0	0	0	-1	0.000089441
SRR11032669.23627	20226	186	126	13612	18	18	19	0	0	0	0	-1	0.000073320
SRR11032669.23801	21308	213	144	14673	37	37	33	0	0	0	0	-1	0.000085561
SRR11032669.23881	27175	272	184	11617	27	27	41	0	0	0	0	-1	0.000106840
SRR11032669.23974	25682	270	183	39394	45	45	33	0	0	0	0	-1	0.000104641
SRR11032669.24041	25231	258	175	11461	45	45	47	0	0	0	0	-1	0.000104120
SRR11032669.24195	21731	237	160	173730	61	61	51	0	0	0	0	-1	0.000098360
SRR11032669.24269	21603	246	167	284	11	11	12	0	0	0	0	-1	0.000087520
SRR11032669.24383	25690	240	163	56006	49	49	73	0	0	0	0	-1	0.000103201
SRR11032669.24508	21570	215	146	115831	41	41	35	0	0	0	0	-1	0.000086800
SRR11032669.24619	21220	220	149	368	3	3	6	0	0	0	0	-1	0.000080760
SRR11032669.24730	26635	253	171	101773	47	47	57	0	0	0	0	-1	0.000104480
SRR11032669.24839	26424	279	189	38815	60	60	51	0	0	0	0	-1	0.000116760
SRR11032669.25014	24902	238	161	54406	47	47	33	0	0	0	0	-1	0.000100280
SRR11032669.25127	22507	234	158	26371	110	110	154	0	0	0	0	-1	0.000109361
SRR11032669.25238	24365	281	190	43482	60	60	117	0	0	0	0	-1	0.000103880
SRR11032669.25366	20110	214	145	1236	63	63	73	0	0	0	0	-1	0.000089080
SRR11032669.25495	21084	201	136	43799	44	44	35	0	0	0	0	-1	0.000087440
SRR11032669.25586	20857	198	134	25168	54	54	31	1	2	81	1	60	0.000105361
SRR11032669.25654	20885	206	140	97114	52	52	43	0	0	0	0	-1	0.000090241
SRR11032669.25722	26278	255	173	33621	60	60	53	0	0	0	0	-1	0.000109640
SRR11032669.25905	23807	237	160	13864	84	84	47	2	3	109	1	60	0.000363040
SRR11032669.25972	27869	283	192	75867	41	41	49	0	0	0	0	-1	0.000111000
SRR11032669.26119	24441	259	175	84120	81	81	33	2	3	132	1	60	0.000147400
SRR11032669.26248	24259	249	169	15466	61	61	33	1	2	104	1	60	0.000122921
SRR11032669.26340	25481	259	175	64120	49	49	63	0	0	0	0	-1	0.000104120
SRR11032669.26474	25470	269	182	99466	47	47	39	0	0	0	0	-1	0.000106360
SRR11032669.26568	20350	209	142	121578	80	80	109	0	0	0	0	-1	0.000094760
SRR11032669.26643	27211	264	179	22869	56	56	19	0	0	0	0	-1	0.000126360
SRR11032669.26712	23024	261	177	6413	29	29	29	0	0	0	0	-1	0.000097521
SRR11032669.26822	22034	205	139	179749	47	47	47	0	0	0	0	-1	0.000089160
SRR11032669.26888	26689	259	175	231239	73	73	57	0	0	0	0	-1	0.000118961
SRR11032669.26978	20541	201	136	15211	51	51	29	1	2	86	1	60	0.000109360
SRR11032669.27080	20566	197	133	124213	42	42	31	0	0	0	0	-1	0.000083520
SRR11032669.27197	24993	248	168	27278	34	34	51	0	0	0	0	-1	0.000100320
SRR11032669.27311	21776	206	140	2055	11	11	22	0	0	0	0	-1	0.000081400
SRR11032669.27386	26047	252	171	42727	66	66	59	0	0	0	0	-1	0.000109840
SRR11032669.27444	20973	217	147	109314	64	64	61	0	0	0	0	-1	0.000099961
SRR11032669.27545	25581	229	155	3849	65	65	47	0	0	0	0	-1	0.000104760
SRR11032669.27646	23982	248	168	27732	62	62	49	0	0	0	0	-1	0.000105361
SRR11032669.27808	25360	263	178	71033	53	53	19	0	0	0	0	-1	0.000110760
SRR11032669.27891	24297	253	171	9560	20	20	27	0	0	0	0	-1	0.000095960
SRR11032669.28078	21592	222	150	54249	41	41	34	0	0	0	0	-1	0.000088241
SRR11032669.28150	21226	236	160	55744	39	39	36	0	0	0	0	-1	0.000095040
SRR11032669.28256	23395	223	151	224722	78	78	87	0	0	0	0	-1	0.000104360
SRR11032669.28337	21592	211	143	80085	70	70	65	0	0	0	0	-1	0.000098481
SRR11032669.28457	25019	258	175	47440	71	71	81	0	0	0	0	-1	0.000109880
SRR11032669.28549	23822	233	158	33786	47	47	63	0	0	0	0	-1	0.000099080
SRR11032669.28629	24026	252	171	9814	93	93	67	1	2	104	1	60	0.000129680
SRR11032669.28712	22953	234	158	1823	23	23	28	0	0	0	0	-1	0.000092241
SRR11032669.28819	26718	263	178	111084	63	63	37	0	0	0	0	-1	0.000113280
SRR11032669.28884	24907	290	196	3626	40	40	47	0	0	0	0	-1	0.000108400
SRR11032669.29053	25849	265	179	78235	67	67	51	0	0	0	0	-1	0.000114080
SRR11032669.29149	20610	189	128	11792	27	27	35	0	0	0	0	-1	0.000079400
SRR11032669.29246	21073	197	133	113997	39	39	54	0	0	0	0	-1	0.000098640
SRR11032669.29364	23746	220	149	4907	0	0	0	0	0	0	0	-1	0.000083640
SRR11032669.29501	22818	230	156	37670	57	57	33	0	0	0	0	-1	0.000100480
SRR11032669.29567	20220	189	128	75876	38	38	27	0	0	0	0	-1	0.000081240
SRR11032669.29652	25231	272	184	34823	24	24	35	0	0	0	0	-1	0.000103760
SRR11032669.29703	23679	220	149	67288	83	83	67	1	2	93	1	60	0.000131880
SRR11032669.29801	23075	236	160	76530	27	27	50	0	0	0	0	-1	0.000092521
SRR11032669.29901	23787	234	158	139971	64	64	75	0	0	0	0	-1	0.000107080
SRR11032669.29971	20195	204	138	164706	39	39	23	0	0	0	0	-1	0.000083880
SRR11032669.30107	24579	226	153	9243	0	0	0	0	0	0	0	-1	0.000087000
SRR11032669.30207	24380	247	167	148	20	20	5	0	0	0	0	-1	0.000095841
SRR11032669.30313	27533	279	189	5147	52	52	39	0	0	0	0	-1	0.000111520
SRR11032669.30395	20491	216	146	17121	27	27	17	0	0	0	0	-1	0.000081920
SRR11032669.30515	27177	293	198	377	35	35	19	0	0	0	0	-1	0.000109160
SRR11032669.30585	21355	219	148	88330	44	44	53	0	0	0	0	-1	0.000088120
SRR11032669.30670	26038	254	172	2391	52	52	49	0	0	0	0	-1	0.000110160
SRR11032669.30805	20418	186	126	31793	88	88	37	1	2	95	1	60	0.000107160
SRR11032669.30911	21461	193	131	8691	15	15	13	0	0	0	0	-1	0.000078320
SRR11032669.31019	23018	193	131	70533	54	54	43	0	0	0	0	-1	0.000089040
SRR11032669.31168	27621	247	167	74129	76	76	61	0	0	0	0	-1	0.000115640
SRR11032669.31324	27845	267	181	711	85	85	63	0	0	0	0	-1	0.000129280
SRR11032669.31416	21810	222	150	148149	61	61	57	0	0	0	0	-1	0.000096801
SRR11032669.31464	22200	212	144	44955	57	57	51	0	0	0	0	-1	0.000091800
SRR11032669.31551	21744	232	157	127055	52	52	81	0	0	0	0	-1	0.000094840
SRR11032669.31634	25112	249	169	126011	58	58	35	0	0	0	0	-1	0.000107721
SRR11032669.31780	24059	240	163	70824	81	81	65	1	2	103	1	60	0.000183920
SRR11032669.31903	22169	232	157	68724	23	23	44	0	0	0	0	-1	0.000089920
SRR11032669.32084	24953	244	165	51779	29	29	48	0	0	0	0	-1	0.000091840
SRR11032669.32173	27766	263	178	76758	21	21	42	0	0	0	0	-1	0.000101521
SRR11032669.32355	27106	245	166	82927	53	53	47	0	0	0	0	-1	0.000111280
SRR11032669.32424	26763	255	173	70027	46	46	63	0	0	0	0	-1	0.000105960
SRR11032669.32552	27953	269	182	26891	63	63	45	0	0	0	0	-1	0.000117880
SRR11032669.32698	21395	227	154	46051	82	82	59	1	2	100	1	60	0.000120760
SRR11032669.32847	27946	270	183	58966	79	79	53	1	0	0	0	-1	0.000138640
SRR11032669.32997	26256	286	194	120680	79	79	67	0	0	0	0	-1	0.000121080
SRR11032669.33135	26912	259	175	7923	64	64	45	0	0	0	0	-1	0.000177640
SRR11032669.33303	27752	296	200	162189	93	93	59	1	2	124	1	60	0.000153561
SRR11032669.33449	23087	234	158	227	0	0	0	0	0	0	0	-1	0.000086480
SRR11032669.33540	26097	250	169	87996	41	41	39	0	0	0	0	-1	0.000099920
SRR11032669.33685	21687	193	131	6851	36	36	51	0	0	0	0	-1	0.000111040
SRR11032669.33763	22564	214	145	195468	103	103	115	1	2	93	1	60	0.000139600
SRR11032669.33883	25553	269	182	26660	92	92	89	0	0	0	0	-1	0.000132401
SRR11032669.34033	25363	269	182	17529	34	34	49	0	0	0	0	-1	0.000105280
SRR11032669.34155	22837	237	160	33927	71	71	67	0	0	0	0	-1	0.000107240
SRR11032669.34234	23077	217	147	127759	64	64	49	0	0	0	0	-1	0.000099520
SRR11032669.34291	22509	250	169	402	20	20	38	0	0	0	0	-1	0.000094560
SRR11032669.34420	23876	229	155	224	4	4	8	0	0	0	0	-1	0.000088840
SRR11032669.34495	21634	195	132	133692	70	70	69	1	2	79	1	60	0.000128360
SRR11032669.34566	25423	250	169	1011	55	55	47	0	0	0	0	-1	0.000104960
SRR11032669.34664	27986	302	204	11744	83	83	61	0	0	0	0	-1	0.000128321
SRR11032669.34766	25879	254	172	389	19	19	36	0	0	0	0	-1	0.000098800
SRR11032669.34885	27577	289	196	3734	37	37	29	0	0	0	0	-1	0.000109520
SRR11032669.34970	25149	221	150	112290	84	84	39	1	2	109	1	60	0.000136760
SRR11032669.35073	21361	215	146	2531	42	42	44	0	0	0	0	-1	0.000088520
SRR11032669.35176	25842	278	188	2134	110	110	83	1	2	123	1	60	0.000143600
SRR11032669.35322	24414	242	164	22274	61	61	45	0	0	0	0	-1	0.000106920
SRR11032669.35403	26240	247	167	23530	66	66	102	0	0	0	0	-1	0.000110840
SRR11032669.35495	23369	233	158	99679	81	81	69	0	0	0	0	-1	0.000110440
SRR11032669.35613	26924	275	186	81680	16	16	15	0	0	0	0	-1	0.000121081
SRR11032669.35714	23516	251	170	6549	95	95	45	2	3	131	1	60	0.000141080
SRR11032669.35893	20445	190	129	303	3	3	6	0	0	0	0	-1	0.000075880
SRR11032669.36070	25186	263	178	124249	97	97	43	2	3	136	1	60	0.000152401
SRR11032669.36232	20130	200	136	2248	52	52	29	1	2	84	1	60	0.000119841
SRR11032669.36410	24134	274	185	77361	109	109	51	1	2	151	1	60	0.000136160
SRR11032669.36478	22338	236	160	268	17	17	21	0	0	0	0	-1	0.000089360
SRR11032669.36622	27243	265	179	4913	12	12	16	0	0	0	0	-1	0.000101441
SRR11032669.36733	24356	270	183	25031	86	86	37	1	2	131	1	60	0.000128560
SRR11032669.36830	26979	278	188	110321	103	103	81	1	2	129	1	60	0.000164680
SRR11032669.36941	26964	271	183	145599	118	118	67	1	2	155	1	60	0.000149040
SRR11032669.37041	26311	248	168	22825	48	48	45	0	0	0	0	-1	0.000105761
SRR11032669.37165	20548	202	137	5993	10	10	16	0	0	0	0	-1	0.000076920
SRR11032669.37288	27509	248	168	38490	73	73	71	0	0	0	0	-1	0.000116641
SRR11032669.37375	27897	259	175	46125	58	58	53	0	0	0	0	-1	0.000112640
SRR11032669.37517	26000	257	174	1840	52	52	53	0	0	0	0	-1	0.000108681
SRR11032669.37603	20118	203	138	13183	34	34	45	0	0	0	0	-1	0.000089960
SRR11032669.37710	21500	207	140	4047	48	48	23	0	0	0	0	-1	0.000091520
SRR11032669.37791	21613	197	133	16224	84	84	39	1	2	106	1	60	0.000117601
SRR11032669.37866	24293	253	171	109832	50	50	43	0	0	0	0	-1	0.000104520
SRR11032669.38018	23425	264	179	85466	82	82	45	1	2	115	1	60	0.000130121
SRR11032669.38114	20677	195	132	10616	28	28	39	0	0	0	0	-1	0.000103880
SRR11032669.38216	21403	213	144	19314	52	52	35	0	0	0	0	-1	0.000091880
SRR11032669.38322	25175	269	182	103244	77	77	39	1	2	119	1	60	0.000137801
SRR11032669.38422	21301	235	159	764	23	23	17	0	0	0	0	-1	0.000090961
SRR11032669.38499	23168	243	165	496	0	0	0	0	0	0	0	-1	0.000089560
SRR11032669.38646	21753	213	144	2420	26	26	29	0	0	0	0	-1	0.000084280
SRR11032669.38717	24666	240	163	8485	0	0	0	0	0	0	0	-1	0.000100560
SRR11032669.38800	27351	270	183	78404	96	96	39	1	2	142	1	60	0.000137840
SRR11032669.38922	27982	278	188	54363	38	38	39	0	0	0	0	-1	0.000108800
SRR11032669.38992	24881	221	150	1049	44	44	37	0	0	0	0	-1	0.000093680
SRR11032669.39230	22754	233	158	98142	74	74	43	1	2	108	1	60	0.000120201
SRR11032669.39331	20206	209	142	155042	70	70	83	0	0	0	0	-1	0.000095520
SRR11032669.39430	21594	218	148	13463	67	67	67	0	0	0	0	-1	0.000097401
SRR11032669.39586	27361	280	190	27195	54	54	67	0	0	0	0	-1	0.000115400
SRR11032669.39735	24462	243	165	41366	75	75	85	0	0	0	0	-1	0.000112200
SRR11032669.39887	25968	251	170	6631	16	16	27	0	0	0	0	-1	0.000098200
SRR11032669.39986	27084	265	179	24167	42	42	35	0	0	0	0	-1	0.000108400
SRR11032669.40160	24714	238	161	152208	107	107	97	1	2	110	1	60	0.000142881
SRR11032669.40270	27158	239	162	15162	57	57	39	1	2	96	1	60	0.000125600
SRR11032669.40368	22629	227	154	3376	28	28	41	0	0	0	0	-1	0.000093200
SRR11032669.40451	24006	232	157	127194	71	71	51	1	2	103	1	60	0.000128601
SRR11032669.40527	27370	267	181	74360	41	41	39	0	0	0	0	-1	0.000107080
SRR11032669.40680	23020	236	160	96264	20	20	40	0	0	0	0	-1	0.000087560
SRR11032669.40758	21609	212	144	477	7	7	14	0	0	0	0	-1	0.000080640
SRR11032669.40827	20807	216	146	15210	42	42	59	0	0	0	0	-1	0.000089120
SRR11032669.40915	21656	201	136	56781	38	38	29	0	0	0	0	-1	0.000102200
SRR11032669.41032	20965	219	148	170	0	0	0	0	0	0	0	-1	0.000078640
SRR11032669.41184	27033	259	175	270	9	9	18	0	0	0	0	-1	0.000098800
SRR11032669.41222	21615	226	153	30591	26	26	41	0	0	0	0	-1	0.000088680
SRR11032669.41330	23784	245	166	460	0	0	0	0	0	0	0	-1	0.000088240
SRR11032669.41406	22664	216	146	153	0	0	0	0	0	0	0	-1	0.000081480
SRR11032669.41458	21188	207	140	148626	75	75	67	1	2	84	1	60	0.000122480
SRR11032669.41563	27035	272	184	59990	99	99	33	1	2	147	1	60	0.000156560
SRR11032669.41726	25463	260	176	46684	0	0	0	0	0	0	0	-1	0.000096160
SRR11032669.41802	24172	230	156	37103	55	55	36	1	0	0	0	-1	0.000120320
SRR11032669.41889	21181	245	166	88585	48	48	27	0	0	0	0	-1	0.000095760
SRR11032669.42014	24307	258	175	74967	46	46	33	0	0	0	0	-1	0.000102480
SRR11032669.42083	24444	234	158	94895	70	70	77	0	0	0	0	-1	0.000108160
SRR11032669.42216	27903	306	207	107945	65	65	57	0	0	0	0	-1	0.000121441
SRR11032669.42313	21762	210	142	73623	29	29	39	0	0	0	0	-1	0.000086440
SRR11032669.42529	24829	254	172	31133	106	106	85	1	2	117	1	60	0.000141680
SRR11032669.42634	22810	226	153	25030	26	26	39	0	0	0	0	-1	0.000092720
SRR11032669.42771	20191	219	148	210	19	19	15	0	0	0	0	-1	0.000081600
SRR11032669.42878	25971	248	168	4707	15	15	19	0	0	0	0	-1	0.000097680
SRR11032669.42999	26097	232	157	61582	73	73	49	1	2	97	1	60	0.000123880
SRR11032669.43089	23231	261	177	317	0	0	0	0	0	0	0	-1	0.000091600
SRR11032669.43195	26782	250	169	894	25	25	46	0	0	0	0	-1	0.000101520
SRR11032669.43325	24844	252	171	35382	82	82	61	0	0	0	0	-1	0.000123441
SRR11032669.43430	26858	257	174	5412	21	21	35	0	0	0	0	-1	0.000103280
SRR11032669.43550	21719	236	160	1014	31	31	58	0	0	0	0	-1	0.000092360
SRR11032669.43677	23007	223	151	73930	29	29	40	0	0	0	0	-1	0.000090320
SRR11032669.43789	20270	192	130	21964	44	44	27	0	0	0	0	-1	0.000086440
SRR11032669.43861	27329	278	188	171	0	0	0	0	0	0	0	-1	0.000111960
SRR11032669.43964	22731	228	154	25541	3	3	4	0	0	0	0	-1	0.000085240
SRR11032669.44072	21766	225	152	231	4	4	8	0	0	0	0	-1	0.000082680
SRR11032669.44210	21200	182	123	5503	20	20	38	0	0	0	0	-1	0.000078720
SRR11032669.44323	23064	232	157	151028	120	120	103	1	2	125	1	60	0.000133641
SRR11032669.44415	27530	295	200	111762	62	62	77	0	0	0	0	-1	0.000117920
SRR11032669.44544	27145	276	187	117645	50	50	53	0	0	0	0	-1	0.000126761
SRR11032669.44641	25178	217	147	114410	68	68	71	0	0	0	0	-1	0.000109760
SRR11032669.44750	25952	265	179	85024	56	56	43	0	0	0	0	-1	0.000108801
SRR11032669.44835	21750	209	142	142317	32	32	13	0	0	0	0	-1	0.000084640
SRR11032669.45010	21650	208	141	22469	19	19	22	0	0	0	0	-1	0.000081000
SRR11032669.45107	21228	203	138	41957	75	75	51	1	2	94	1	60	0.000116281
SRR11032669.45208	26498	271	183	4030	70	70	51	0	0	0	0	-1	0.000116400
SRR11032669.45286	23290	243	165	91469	64	64	45	0	0	0	0	-1	0.000106480
SRR11032669.45374	20404	217	147	73632	41	41	17	0	0	0	0	-1	0.000087480
SRR11032669.45498	25130	262	177	139167	81	81	52	2	3	106	1	60	0.000148121
SRR11032669.45592	22148	211	143	80617	30	30	33	0	0	0	0	-1	0.000086400
SRR11032669.45702	24747	244	165	183188	60	60	75	0	0	0	0	-1	0.000103480
SRR11032669.45871	24784	258	175	17154	66	66	53	0	0	0	0	-1	0.000109800
SRR11032669.46030	21772	214	145	120157	38	38	67	0	0	0	0	-1	0.000087720
SRR11032669.46123	23767	225	152	6177	39	39	29	0	0	0	0	-1	0.000094801
SRR11032669.46198	24026	255	173	81066	0	0	0	0	0	0	0	-1	0.000092160
SRR11032669.46299	26962	283	192	34115	55	55	27	0	0	0	0	-1	0.000110641
SRR11032669.46392	23002	219	148	67942	0	0	0	0	0	0	0	-1	0.000081920
SRR11032669.46552	24022	222	150	97527	39	39	31	0	0	0	0	-1	0.000092160
SRR11032669.46630	23470	235	159	660	20	20	20	0	0	0	0	-1	0.000092840
SRR11032669.46806	27599	283	192	34572	52	52	51	0	0	0	0	-1	0.000112280
SRR11032669.46913	23002	223	151	112532	31	31	43	0	0	0	0	-1	0.000089720
SRR11032669.47024	22811	241	163	226	0	0	0	0	0	0	0	-1	0.000087120
SRR11032669.47154	27986	271	183	5552	12	12	13	0	0	0	0	-1	0.000104440
SRR11032669.47254	25207	257	174	88608	74	74	43	1	2	113	1	60	0.000132920
SRR11032669.47371	26360	248	168	251701	89	89	97	0	0	0	0	-1	0.000116400
SRR11032669.47462	24268	259	175	91760	61	61	49	0	0	0	0	-1	0.000107560
SRR11032669.47596	20733	215	146	143676	49	49	45	0	0	0	0	-1	0.000084920
SRR11032669.47705	22936	213	144	82778	57	57	61	0	0	0	0	-1	0.000093880
SRR11032669.47816	21120	229	155	10344	22	22	31	0	0	0	0	-1	0.000087880
SRR11032669.48039	20234	206	140	5833	36	36	51	0	0	0	0	-1	0.000082681
SRR11032669.48135	25776	250	169	135174	57	57	51	0	0	0	0	-1	0.000108120
SRR11032669.48260	25806	271	183	107457	58	58	49	0	0	0	0	-1	0.000111680
SRR11032669.48439	22016	229	155	61408	75	75	98	0	0	0	0	-1	0.000101121
SRR11032669.48565	24036	234	158	16335	3	3	4	0	0	0	0	-1	0.000090240
SRR11032669.48681	21858	216	146	209	0	0	0	0	0	0	0	-1	0.000080321
SRR11032669.48802	20422	204	138	81569	29	29	45	0	0	0	0	-1	0.000081960
SRR11032669.48930	20685	209	142	19445	28	28	37	0	0	0	0	-1	0.000083080
SRR11032669.49104	27367	266	180	51595	113	113	89	1	2	112	1	60	0.000166361
SRR11032669.49205	21941	217	147	60173	0	0	0	0	0	0	0	-1	0.000081560
SRR11032669.49297	26411	297	201	49784	75	75	148	0	0	0	0	-1	0.000112401
SRR11032669.49377	24557	275	186	42563	126	126	138	1	2	133	1	60	0.000152441
SRR11032669.49451	25544	264	179	545	65	65	37	0	0	0	0	-1	0.000116040
SRR11032669.49558	27415	266	180	9036	77	77	82	0	0	0	0	-1	0.000118320
SRR11032669.49714	24612	255	173	139978	105	105	97	1	2	115	1	60	0.000142921
SRR11032669.49794	23097	219	148	1839	49	49	33	0	0	0	0	-1	0.000093000
SRR11032669.49894	26464	253	171	56067	49	49	65	0	0	0	0	-1	0.000107400
SRR11032669.49988	25731	261	177	90487	101	101	85	1	2	108	1	60	0.000142481
SRR11032669.50086	22455	214	145	133021	85	85	79	1	2	100	1	60	0.000132800
SRR11032669.50221	20315	188	127	89894	49	49	33	0	0	0	0	-1	0.000084440
SRR11032669.50328	27288	261	177	93582	26	26	46	0	0	0	0	-1	0.000105600
SRR11032669.50447	27059	247	167	36226	51	51	47	0	0	0	0	-1	0.000107881
SRR11032669.50533	20092	204	138	6674	33	33	41	0	0	0	0	-1	0.000082240
SRR11032669.50649	24867	271	183	137621	42	42	49	0	0	0	0	-1	0.000104280
SRR11032669.50790	21336	200	136	41906	60	60	45	2	3	87	1	60	0.000130840
SRR11032669.50965	23749	244	165	92505	64	64	53	0	0	0	0	-1	0.000147041
SRR11032669.51096	20791	206	140	110051	55	55	24	2	3	88	1	60	0.000125440
SRR11032669.51199	22570	268	181	4933	62	62	57	0	0	0	0	-1	0.000106040
SRR11032669.51293	23996	251	170	111271	83	83	121	0	0	0	0	-1	0.000112440
SRR11032669.51421	26938	274	185	87413	25	25	32	0	0	0	0	-1	0.000104400
SRR11032669.51617	26579	261	177	15141	59	59	77	0	0	0	0	-1	0.000112200
SRR11032669.51744	21194	207	140	69633	22	22	35	0	0	0	0	-1	0.000099840
SRR11032669.51804	20385	220	149	41950	101	101	123	0	0	0	0	-1	0.000107200
SRR11032669.51880	21421	210	142	184	0	0	0	0	0	0	0	-1	0.000077200
SRR11032669.52037	22427	223	151	27493	45	45	53	0	0	0	0	-1	0.000091001
SRR11032669.52123	20342	222	150	17436	23	23	41	0	0	0	0	-1	0.000083840
SRR11032669.52209	20512	200	136	10906	44	44	54	0	0	0	0	-1	0.000083880
SRR11032669.52311	25239	243	165	38230	55	55	71	0	0	0	0	-1	0.000123120
SRR11032669.52405	21631	206	140	5185	72	72	33	1	2	97	1	60	0.000114201
SRR11032669.52510	22394	211	143	22998	11	11	20	0	0	0	0	-1	0.000084520
SRR11032669.52631	22110	231	156	3750	19	19	25	0	0	0	0	-1	0.000089480
SRR11032669.52705	22479	216	146	176441	34	34	31	0	0	0	0	-1	0.000087840
SRR11032669.52800	22939	226	153	71029	71	71	48	0	0	0	0	-1	0.000109000
SRR11032669.52853	25161	256	173	122993	74	74	61	0	0	0	0	-1	0.000112800
SRR11032669.52908	27639	268	181	7137	131	131	119	1	2	119	1	60	0.000173560
SRR11032669.53025	25607	274	185	130095	81	81	91	0	0	0	0	-1	0.000121000
SRR11032669.53207	21032	205	139	56133	22	22	32	0	0	0	0	-1	0.000079920
SRR11032669.53310	21485	228	154	55834	64	64	62	0	0	0	0	-1	0.000097761
SRR11032669.53423	20169	189	128	35665	40	40	63	0	0	0	0	-1	0.000080440
SRR11032669.53595	24221	240	163	36206	67	67	41	0	0	0	0	-1	0.000107680
SRR11032669.53741	22662	236	160	55086	60	60	33	1	2	95	1	60	0.000126761
SRR11032669.53892	26569	250	169	132191	78	78	61	0	0	0	0	-1	0.000115720
SRR11032669.54002	22751	219	148	11406	13	13	11	0	0	0	0	-1	0.000087640
SRR11032669.54167	25406	276	187	72668	51	51	71	0	0	0	0	-1	0.000110041
SRR11032669.54287	21805	204	138	149054	45	45	37	0	0	0	0	-1	0.000090720
SRR11032669.54376	25530	242	164	50834	20	20	31	0	0	0	0	-1	0.000097521
SRR11032669.54501	23496	237	160	113833	74	74	61	0	0	0	0	-1	0.000116920
SRR11032669.54659	25504	252	171	87614	72	72	51	0	0	0	0	-1	0.000111160
SRR11032669.54718	21861	231	156	1163	61	61	72	0	0	0	0	-1	0.000098640
SRR11032669.54868	20735	202	137	14829	70	70	33	2	3	101	1	60	0.000129960
SRR11032669.55033	22659	234	158	7203	28	28	34	0	0	0	0	-1	0.000093320
SRR11032669.55110	23380	231	156	72320	44	44	25	0	0	0	0	-1	0.000094760
SRR11032669.55224	22001	225	152	69925	31	31	27	0	0	0	0	-1	0.000089401
SRR11032669.55396	25600	232	157	57547	13	13	18	0	0	0	0	-1	0.000101760
SRR11032669.55564	20157	191	129	11291	33	33	47	0	0	0	0	-1	0.000081600
SRR11032669.55675	21229	221	150	170	0	0	0	0	0	0	0	-1	0.000078720
SRR11032669.55788	20137	204	138	11891	57	57	54	0	0	0	0	-1	0.000086840
SRR11032669.55863	24014	233	158	2900	31	31	41	0	0	0	0	-1	0.000096240
SRR11032669.56033	20326	194	131	95525	13	13	19	0	0	0	0	-1	0.000077201
SRR11032669.56079	26183	258	175	10890	7	7	6	0	0	0	0	-1	0.000097000
SRR11032669.56172	21906	225	152	1029	14	14	25	0	0	0	0	-1	0.000086681
SRR11032669.56265	21316	226	153	78280	98	98	57	1	2	121	1	60	0.000128160
SRR11032669.56384	24060	216	146	22483	17	17	22	0	0	0	0	-1	0.000087920
SRR11032669.56465	21722	223	151	16551	55	55	39	0	0	0	0	-1	0.000092881
SRR11032669.56590	23705	276	187	77683	126	126	148	1	2	117	1	60	0.000153120
SRR11032669.56737	23914	225	152	57674	57	57	106	0	0	0	0	-1	0.000103000
SRR11032669.56837	27505	250	169	89628	127	127	159	1	2	102	1	60	0.000156921
SRR11032669.56962	21765	182	123	207537	30	30	31	0	0	0	0	-1	0.000081280
SRR11032669.57092	20316	206	140	17076	28	28	37	0	0	0	0	-1	0.000079960
SRR11032669.57252	27088	264	179	318632	178	178	243	1	2	106	1	60	0.000178560
SRR11032669.57341	20251	225	152	18007	0	0	0	0	0	0	0	-1	0.000082200
SRR11032669.57486	27772	264	179	20811	46	46	69	0	0	0	0	-1	0.000109200
SRR11032669.57670	23177	234	158	115669	46	46	70	0	0	0	0	-1	0.000098960
SRR11032669.57751	23947	234	158	58479	45	45	56	0	0	0	0	-1	0.000096360
SRR11032669.57915	21413	192	130	90884	57	57	35	2	3	77	1	60	0.000143560
SRR11032669.58091	26795	268	181	1889	41	41	63	0	0	0	0	-1	0.000108880
SRR11032669.58189	24446	263	178	89638	75	75	59	1	2	106	1	60	0.000134200
SRR11032669.58346	22665	239	162	233413	57	57	41	0	0	0	0	-1	0.000099041
SRR11032669.58437	20683	213	144	117908	8	8	16	0	0	0	0	-1	0.000078760
SRR11032669.58544	26246	266	180	82897	64	64	47	0	0	0	0	-1	0.000115881
SRR11032669.58647	25098	269	182	8256	46	46	41	0	0	0	0	-1	0.000105960
SRR11032669.58822	20720	205	139	17912	46	46	33	0	0	0	0	-1	0.000088561
SRR11032669.58991	22728	249	169	1218	2	2	4	0	0	0	0	-1	0.000090000
SRR11032669.59092	27409	260	176	264	0	0	0	0	0	0	0	-1	0.000099721
SRR11032669.59232	23540	246	167	18493	69	69	69	0	0	0	0	-1	0.000106840
SRR11032669.59323	22528	226	153	242	5	5	10	0	0	0	0	-1	0.000085400
SRR11032669.59436	22748	236	160	28679	39	39	41	0	0	0	0	-1	0.000095520
SRR11032669.59515	21764	217	147	15899	65	65	55	0	0	0	0	-1	0.000098120
SRR11032669.59626	24870	238	161	153854	70	70	85	0	0	0	0	-1	0.000105841
SRR11032669.59735	26074	298	202	47033	57	57	43	0	0	0	0	-1	0.000112920
SRR11032669.59884	20071	188	127	393	45	45	35	0	0	0	0	-1	0.000080441
SRR11032669.60018	23369	242	164	67847	32	32	49	0	0	0	0	-1	0.000096880
SRR11032669.60205	26982	256	173	6265	65	65	49	0	0	0	0	-1	0.000114521
SRR11032669.60313	24617	224	152	140200	64	64	45	1	0	0	0	-1	0.000129800
SRR11032669.60419	23795	230	156	37646	58	58	51	0	0	0	0	-1	0.000112600
SRR11032669.60514	20217	209	142	38370	41	41	29	0	0	0	0	-1	0.000084880
SRR11032669.60622	27050	251	170	69052	65	65	43	0	0	0	0	-1	0.000113280
SRR11032669.60712	24588	246	167	34886	18	18	27	0	0	0	0	-1	0.000096400
SRR11032669.60868	26697	250	169	3566	20	20	17	0	0	0	0	-1	0.000101760
SRR11032669.60988	25240	245	166	73247	45	45	25	0	0	0	0	-1	0.000157120
SRR11032669.61119	23445	214	145	6645	79	79	35	2	3	106	1	60	0.000134400
SRR11032669.61224	21283	238	161	32450	65	65	69	0	0	0	0	-1	0.000103040
SRR11032669.61392	21135	215	146	106242	47	47	88	0	0	0	0	-1	0.000089840
SRR11032669.61504	24033	250	169	60205	104	104	35	1	2	140	1	60	0.000137160
SRR11032669.61599	21390	216	146	92754	35	35	33	0	0	0	0	-1	0.000087280
SRR11032669.61740	25490	256	173	50069	57	57	41	0	0	0	0	-1	0.000107560
SRR11032669.61822	21169	196	133	1373	0	0	0	0	0	0	0	-1	0.000072880
SRR11032669.61953	21209	203	138	170672	44	44	41	0	0	0	0	-1	0.000090040
SRR11032669.62124	20420	216	146	116227	85	85	65	1	2	95	1	60	0.000124600
SRR11032669.62248	21988	218	148	62773	56	56	49	0	0	0	0	-1	0.000092640
SRR11032669.62344	26372	261	177	38802	67	67	47	0	0	0	0	-1	0.000113480
SRR11032669.62420	26143	266	180	229	0	0	0	0	0	0	0	-1	0.000094280
SRR11032669.62518	20639	200	136	122420	66	66	75	0	0	0	0	-1	0.000093601
SRR11032669.62600	22473	220	149	100104	43	43	41	0	0	0	0	-1	0.000108680
SRR11032669.62688	20768	188	127	206257	62	62	79	0	0	0	0	-1	0.000100880
SRR11032669.62740	26310	270	183	4792	0	0	0	0	0	0	0	-1	0.000099120
SRR11032669.62824	26920	313	212	18605	1127	1127	385	0	0	0	0	-1	0.000152760
SRR11032669.62975	27587	245	166	10429	58	58	25	0	0	0	0	-1	0.000110320
SRR11032669.63091	27285	271	183	2312	61	61	54	0	0	0	0	-1	0.000113320
SRR11032669.63264	21505	195	132	74630	29	29	31	0	0	0	0	-1	0.000081081
SRR11032669.63402	25728	232	157	80837	32	32	47	0	0	0	0	-1	0.000097720
SRR11032669.63596	22686	232	157	44014	54	54	41	0	0	0	0	-1	0.000096960
SRR11032669.63718	23586	248	168	41638	69	69	35	1	2	109	1	60	0.000129520
SRR11032669.63900	21981	207	140	7396	24	24	39	0	0	0	0	-1	0.000083921
SRR11032669.64024	26307	261	177	37873	61	61	79	0	0	0	0	-1	0.000109520
SRR11032669.64115	22560	215	146	25116	64	64	35	1	2	91	1	60	0.000121600
SRR11032669.64216	25135	263	178	1730	54	54	65	0	0	0	0	-1	0.000107080
SRR11032669.64295	22413	228	154	12250	18	18	36	0	0	0	0	-1	0.000090840
SRR11032669.64473	22206	230	156	18688	38	38	49	0	0	0	0	-1	0.000096560
SRR11032669.64596	20988	213	144	33658	34	34	49	0	0	0	0	-1	0.000086720
SRR11032669.64679	26266	265	179	60738	70	70	55	0	0	0	0	-1	0.000115360
SRR11032669.64830	21695	223	151	77916	72	72	61	0	0	0	0	-1	0.000104560
SRR11032669.64996	23751	251	170	29231	80	80	45	1	2	114	1	60	0.000126120
SRR11032669.65081	21996	222	150	172	0	0	0	0	0	0	0	-1	0.000080320
SRR11032669.65253	22640	232	157	514	0	0	0	0	0	0	0	-1	0.000085240
SRR11032669.65371	22322	206	140	211	9	9	14	0	0	0	0	-1	0.000080880
SRR11032669.65475	21760	204	138	105298	80	80	67	1	2	83	1	60	0.000117400
SRR11032669.65553	26902	263	178	56388	60	60	51	0	0	0	0	-1	0.000113520
SRR11032669.65658	23009	220	149	17340	36	36	51	0	0	0	0	-1	0.000089721
SRR11032669.65711	20978	233	158	47315	42	42	50	0	0	0	0	-1	0.000092120
SRR11032669.65847	24924	245	166	3051	0	0	0	0	0	0	0	-1	0.000092161
SRR11032669.65956	25102	227	154	16189	56	56	47	0	0	0	0	-1	0.000103321
SRR11032669.66067	23756	230	156	91115	71	71	63	0	0	0	0	-1	0.000106280
SRR11032669.66136	20182	202	137	4096	60	60	43	2	3	82	1	60	0.000131240
SRR11032669.66258	22509	237	160	59319	23	23	20	0	0	0	0	-1	0.000087400
SRR11032669.66397	21691	231	156	8865	0	0	0	0	0	0	0	-1	0.000083840
SRR11032669.66533	21182	212	144	28212	45	45	25	0	0	0	0	-1	0.000090520
SRR11032669.66595	24324	258	175	366	3	3	6	0	0	0	0	-1	0.000095320
SRR11032669.66714	21410	213	144	32940	41	41	73	0	0	0	0	-1	0.000088720
SRR11032669.66823	27564	278	188	135037	66	66	27	2	3	120	1	60	0.000157561
SRR11032669.66958	21008	230	156	61431	57	57	55	0	0	0	0	-1	0.000094000
SRR11032669.67135	23967	226	153	54082	29	29	29	0	0	0	0	-1	0.000092841
SRR11032669.67250	26080	289	196	21589	88	88	41	1	2	131	1	60	0.000149760
SRR11032669.67324	26578	270	183	9494	18	18	27	0	0	0	0	-1	0.000105040
SRR11032669.67440	22909	237	160	19150	33	33	19	0	0	0	0	-1	0.000091880
SRR11032669.67557	21076	199	135	111175	40	40	25	0	0	0	0	-1	0.000086440
SRR11032669.67689	25426	266	180	174773	78	78	45	1	2	108	1	60	0.000137801
SRR11032669.67756	26624	291	197	64059	85	85	47	2	3	118	1	60	0.000160481
SRR11032669.67881	23713	226	153	26834	53	53	56	0	0	0	0	-1	0.000111960
SRR11032669.67963	20405	219	148	11606	64	64	43	2	3	90	1	60	0.000140880
SRR11032669.68080	26702	288	195	95645	78	78	59	0	0	0	0	-1	0.000122520
SRR11032669.68236	23495	244	165	2177	0	0	0	0	0	0	0	-1	0.000089040
SRR11032669.68385	21440	217	147	959	19	19	29	0	0	0	0	-1	0.000083801
SRR11032669.68476	25179	270	183	22166	28	28	52	0	0	0	0	-1	0.000103280
SRR11032669.68551	23327	252	171	2775	68	68	63	0	0	0	0	-1	0.000124801
SRR11032669.68623	26302	262	177	12587	51	51	59	0	0	0	0	-1	0.000110040
SRR11032669.68702	22941	229	155	98603	67	67	69	0	0	0	0	-1	0.000104920
SRR11032669.68831	26671	247	167	292836	132	132	109	1	2	134	1	60	0.000147041
SRR11032669.68931	26876	257	174	218045	59	59	65	0	0	0	0	-1	0.000112840
SRR11032669.69046	25757	266	180	138638	71	71	98	0	0	0	0	-1	0.000117000
SRR11032669.69143	21683	214	145	17632	203	203	128	3	3	109	1	60	0.000214201
SRR11032669.69231	27877	268	181	81138	126	126	129	0	0	0	0	-1	0.000133761
SRR11032669.69362	24984	263	178	182957	210	210	178	0	0	0	0	-1	0.000161080
SRR11032669.69473	22590	259	175	463	0	0	0	0	0	0	0	-1	0.000089200
SRR11032669.69575	22559	248	168	568	25	25	37	0	0	0	0	-1	0.000198320
SRR11032669.69704	25858	266	180	43089	51	51	33	0	0	0	0	-1	0.000112040
SRR11032669.69915	23324	238	161	32508	74	74	97	0	0	0	0	-1	0.000108120
SRR11032669.70049	22203	211	143	80911	60	60	39	0	0	0	0	-1	0.000100200
SRR11032669.70191	22383	217	147	91299	40	40	27	0	0	0	0	-1	0.000089840
SRR11032669.70312	21398	221	150	348	57	57	13	2	3	99	1	60	0.000141560
SRR11032669.70481	20899	208	141	167776	133	133	187	1	2	86	1	60	0.000145080
SRR11032669.70599	24136	216	146	125012	46	46	35	0	0	0	0	-1	0.000096761
SRR11032669.70710	25634	229	155	683	0	0	0	0	0	0	0	-1	0.000091681
SRR11032669.70836	22336	229	155	23244	31	31	52	0	0	0	0	-1	0.000093160
SRR11032669.70927	22407	253	171	149710	83	83	39	1	2	123	1	60	0.000128120
SRR11032669.71035	27946	273	185	106904	73	73	67	0	0	0	0	-1	0.000119840
SRR11032669.71108	21807	202	137	116887	89	89	75	1	2	94	1	60	0.000124120
SRR11032669.71203	22832	203	138	15615	2	2	4	0	0	0	0	-1	0.000082480
SRR11032669.71398	20466	196	133	143158	50	50	41	0	0	0	0	-1	0.000086960
SRR11032669.71517	27496	278	188	1088	85	85	51	0	0	0	0	-1	0.000132760
SRR11032669.71653	26283	264	179	52350	93	93	69	1	2	112	1	60	0.000148121
SRR11032669.71729	24941	257	174	28539	60	60	55	0	0	0	0	-1	0.000107081
SRR11032669.71838	21700	213	144	87598	38	38	26	0	0	0	0	-1	0.000087960
SRR11032669.71924	27533	253	171	445	0	0	0	0	0	0	0	-1	0.000100361
SRR11032669.71998	27236	272	184	23050	0	0	0	0	0	0	0	-1	0.000102280
SRR11032669.72119	20664	210	142	89146	17	17	15	0	0	0	0	-1	0.000080241
SRR11032669.72225	26652	251	170	7149	0	0	0	0	0	0	0	-1	0.000096201
SRR11032669.72334	26405	256	173	228648	64	64	45	0	0	0	0	-1	0.000117640
SRR11032669.72444	20823	206	140	136	0	0	0	0	0	0	0	-1	0.000073960
SRR11032669.72538	27979	312	211	66032	31	31	62	0	0	0	0	-1	0.000115120
SRR11032669.72631	25871	248	168	15001	49	49	57	0	0	0	0	-1	0.000104320
SRR11032669.72753	21534	230	156	60806	39	39	31	0	0	0	0	-1	0.000102760
SRR11032669.72844	23167	243	165	78892	54	54	39	0	0	0	0	-1	0.000103080
SRR11032669.72946	24537	261	177	234	0	0	0	0	0	0	0	-1	0.000095321
SRR11032669.73080	26359	248	168	60837	63	63	51	0	0	0	0	-1	0.000109840
SRR11032669.73151	22651	222	150	15683	0	0	0	0	0	0	0	-1	0.000081280
SRR11032669.73308	25806	258	175	203458	100	100	77	1	2	121	1	60	0.000145400
SRR11032669.73394	26788	251	170	11794	53	53	45	0	0	0	0	-1	0.000105561
SRR11032669.73497	25081	244	165	32436	56	56	73	0	0	0	0	-1	0.000106961
SRR11032669.73611	27516	248	168	165489	100	100	97	1	0	0	0	-1	0.000141840
SRR11032669.73673	23172	227	154	5336	11	11	22	0	0	0	0	-1	0.000088360
SRR11032669.73822	24626	215	146	120884	52	52	27	0	0	0	0	-1	0.000096840
SRR11032669.74006	23183	197	133	104822	50	50	31	0	0	0	0	-1	0.000093880
SRR11032669.74071	24975	252	171	220792	63	63	75	0	0	0	0	-1	0.000106761
SRR11032669.74162	24704	227	154	8423	20	20	28	0	0	0	0	-1	0.000094560
SRR11032669.74301	22679	215	146	74497	47	47	91	0	0	0	0	-1	0.000095041
SRR11032669.74402	25231	262	177	24565	0	0	0	0	0	0	0	-1	0.000092480
SRR11032669.74457	27397	271	183	1033	0	0	0	0	0	0	0	-1	0.000101761
SRR11032669.74550	24984	250	169	11209	0	0	0	0	0	0	0	-1	0.000093320
SRR11032669.74629	24228	251	170	14308	11	11	22	0	0	0	0	-1	0.000094560
SRR11032669.74717	22580	223	151	8867	0	0	0	0	0	0	0	-1	0.000082041
SRR11032669.74789	20081	218	148	100416	30	30	45	0	0	0	0	-1	0.000084160
SRR11032669.74963	20995	214	145	1663	26	26	33	0	0	0	0	-1	0.000083840
SRR11032669.75085	22906	216	146	9405	44	44	41	0	0	0	0	-1	0.000094040
SRR11032669.75159	26527	247	167	6687	48	48	61	0	0	0	0	-1	0.000107040
SRR11032669.75238	21766	237	160	31056	47	47	39	0	0	0	0	-1	0.000095041
SRR11032669.75335	26176	249	169	16444	58	58	63	0	0	0	0	-1	0.000109040
SRR11032669.75421	21562	207	140	181995	58	58	19	1	2	98	1	60	0.000114960
SRR11032669.75580	20997	208	141	152195	127	127	149	1	2	95	1	60	0.000140480
SRR11032669.75717	25282	252	171	80694	56	56	47	0	0	0	0	-1	0.000106281
SRR11032669.75826	21144	206	140	12476	12	12	24	0	0	0	0	-1	0.000082480
SRR11032669.75927	21633	230	156	84821	70	70	29	1	2	114	1	60	0.000119720
SRR11032669.75987	23298	234	158	44049	45	45	47	0	0	0	0	-1	0.000095600
SRR11032669.76086	23586	241	163	18973	0	0	0	0	0	0	0	-1	0.000107241
SRR11032669.76230	25496	256	173	107049	29	29	29	0	0	0	0	-1	0.000100240
SRR11032669.76325	22664	225	152	54842	16	16	19	0	0	0	0	-1	0.000092360
SRR11032669.76420	25204	279	189	89021	102	102	61	1	2	127	1	60	0.000144840
SRR11032669.76592	27186	272	184	442	0	0	0	0	0	0	0	-1	0.000099720
SRR11032669.76711	21556	209	142	66916	46	46	27	0	0	0	0	-1	0.000091960
SRR11032669.76761	25890	242	164	60301	56	56	25	0	0	0	0	-1	0.000110281
SRR11032669.76859	22068	250	169	22514	87	87	63	1	2	108	1	60	0.000133561
SRR11032669.76947	26345	248	168	720	0	0	0	0	0	0	0	-1	0.000097200
SRR11032669.77076	26151	288	195	156519	84	84	71	1	2	119	1	60	0.000148440
SRR11032669.77159	27936	263	178	126474	45	45	37	0	0	0	0	-1	0.000107161
SRR11032669.77286	24515	222	150	2473	0	0	0	0	0	0	0	-1	0.000086680
SRR11032669.77451	22175	206	140	19370	50	50	49	0	0	0	0	-1	0.000090121
SRR11032669.77531	20489	207	140	141	0	0	0	0	0	0	0	-1	0.000075040
SRR11032669.77670	21730	216	146	97844	69	69	41	1	2	98	1	60	0.000125960
SRR11032669.77784	22352	215	146	32162	71	71	81	0	0	0	0	-1	0.000097360
SRR11032669.77889	22119	238	161	1296	34	34	31	0	0	0	0	-1	0.000093201
SRR11032669.78000	20900	195	132	101181	31	31	27	0	0	0	0	-1	0.000080480
SRR11032669.78066	20068	210	142	51685	20	20	21	0	0	0	0	-1	0.000080080
SRR11032669.78157	25494	231	156	79368	34	34	19	0	0	0	0	-1	0.000095880
SRR11032669.78254	27003	267	181	45139	38	38	33	0	0	0	0	-1	0.000105280
SRR11032669.78353	23223	217	147	61820	37	37	31	0	0	0	0	-1	0.000091000
SRR11032669.78423	24604	261	177	861	0	0	0	0	0	0	0	-1	0.000091440
SRR11032669.78532	21019	227	154	71459	0	0	0	0	0	0	0	-1	0.000082640
SRR11032669.78635	22406	229	155	129197	82	82	43	1	2	118	1	60	0.000128680
SRR11032669.78687	21161	226	153	6643	77	77	37	2	3	111	1	60	0.000127561
SRR11032669.78766	27278	253	171	34602	49	49	49	0	0	0	0	-1	0.000107480
SRR11032669.78976	24991	256	173	534	0	0	0	0	0	0	0	-1	0.000101480
SRR11032669.79078	26018	260	176	12924	58	58	35	0	0	0	0	-1	0.000112560
SRR11032669.79225	26037	231	156	23173	0	0	0	0	0	0	0	-1	0.000090240
SRR11032669.79287	27796	285	193	91909	66	66	51	0	0	0	0	-1	0.000118240
SRR11032669.79440	23424	266	180	7333	48	48	40	0	0	0	0	-1	0.000101920
SRR11032669.79593	23067	220	149	539	0	0	0	0	0	0	0	-1	0.000081760
SRR11032669.79671	26203	292	198	293	16	16	28	0	0	0	0	-1	0.000105160
SRR11032669.79784	27636	319	216	21797	111	111	65	1	2	146	1	60	0.000158561
SRR11032669.79897	22995	232	157	33723	17	17	29	0	0	0	0	-1	0.000093320
SRR11032669.80041	24292	253	171	13025	16	16	25	0	0	0	0	-1	0.000094800
SRR11032669.80155	23935	236	160	17293	53	53	57	0	0	0	0	-1	0.000100240
SRR11032669.80228	22575	210	142	470	0	0	0	0	0	0	0	-1	0.000078921
SRR11032669.80318	21853	228	154	147618	60	60	82	0	0	0	0	-1	0.000096400
SRR11032669.80444	26401	278	188	74705	24	24	18	0	0	0	0	-1	0.000103321
SRR11032669.80550	22580	223	151	72780	73	73	25	1	2	116	1	60	0.000123320
SRR11032669.80640	23336	223	151	52410	41	41	45	0	0	0	0	-1	0.000092041
SRR11032669.80801	22242	213	144	72808	49	49	43	0	0	0	0	-1	0.000093280
SRR11032669.80922	22490	226	153	1840	61	61	51	0	0	0	0	-1	0.000108241
SRR11032669.81008	24326	257	174	18581	125	125	75	1	2	151	1	60	0.000138800
SRR11032669.81093	23902	250	169	26725	0	0	0	0	0	0	0	-1	0.000088481
SRR11032669.81199	22886	234	158	53478	23	23	19	0	0	0	0	-1	0.000089760
SRR11032669.81266	24949	273	185	199587	57	57	51	0	0	0	0	-1	0.000106401
SRR11032669.81404	25814	251	170	83080	80	80	35	1	2	124	1	60	0.000132920
SRR11032669.81496	21995	230	156	59693	65	65	51	0	0	0	0	-1	0.000121160
SRR11032669.81598	25587	268	181	50251	41	41	63	0	0	0	0	-1	0.000105640
SRR11032669.81699	24193	236	160	549	0	0	0	0	0	0	0	-1	0.000088800
SRR11032669.81847	26852	269	182	68199	40	40	41	0	0	0	0	-1	0.000107841
SRR11032669.82004	20166	204	138	48552	42	42	49	0	0	0	0	-1	0.000083080
SRR11032669.82130	25151	260	176	69715	119	119	55	1	2	157	1	60	0.000139360
SRR11032669.82194	24866	241	163	17275	34	34	64	0	0	0	0	-1	0.000099441
SRR11032669.82300	26284	266	180	71617	19	19	21	0	0	0	0	-1	0.000102720
SRR11032669.82410	21963	229	155	16192	50	50	30	0	0	0	0	-1	0.000092920
SRR11032669.82557	27852	277	187	2496	46	46	57	0	0	0	0	-1	0.000109321
SRR11032669.82674	27640	262	177	6125	0	0	0	0	0	0	0	-1	0.000101520
SRR11032669.82813	22561	219	148	16508	94	94	63	1	2	120	1	60	0.000134360
SRR11032669.82868	21942	223	151	25718	31	31	23	0	0	0	0	-1	0.000085281
SRR11032669.82977	22053	222	150	17082	39	39	47	0	0	0	0	-1	0.000088840
SRR11032669.83067	25090	287	194	50114	78	78	51	2	3	118	1	60	0.000152080
SRR11032669.83218	21525	203	138	95662	44	44	46	0	0	0	0	-1	0.000088280
SRR11032669.83343	20712	221	150	9617	19	19	23	0	0	0	0	-1	0.000100680
SRR11032669.83404	27065	245	166	116457	23	23	39	0	0	0	0	-1	0.000101600
SRR11032669.83473	27593	285	193	961	0	0	0	0	0	0	0	-1	0.000101601
SRR11032669.83554	25671	259	175	28463	12	12	11	0	0	0	0	-1	0.000099080
SRR11032669.83674	25737	281	190	213403	62	62	71	0	0	0	0	-1	0.000112241
SRR11032669.83758	22291	209	142	35725	22	22	33	0	0	0	0	-1	0.000082160
SRR11032669.83898	20551	218	148	1411	5	5	7	0	0	0	0	-1	0.000082360
SRR11032669.84065	23113	210	142	5434	52	52	37	0	0	0	0	-1	0.000094920
SRR11032669.84123	23147	219	148	85457	26	26	33	0	0	0	0	-1	0.000096200
SRR11032669.84180	26799	235	159	111386	42	42	38	0	0	0	0	-1	0.000101960
SRR11032669.84283	20170	203	138	178301	25	25	27	0	0	0	0	-1	0.000078480
SRR11032669.84375	20879	232	157	224	0	0	0	0	0	0	0	-1	0.000080761
SRR11032669.84425	20857	221	150	166524	27	27	43	0	0	0	0	-1	0.000086600
SRR11032669.84490	22470	243	165	28734	65	65	43	0	0	0	0	-1	0.000107560
SRR11032669.84592	23625	243	165	50809	112	112	95	1	2	119	1	60	0.000136000
SRR11032669.84686	25187	239	162	229	0	0	0	0	0	0	0	-1	0.000089561
SRR11032669.84805	25343	246	167	14717	24	24	37	0	0	0	0	-1	0.000100320
SRR11032669.85005	25844	242	164	69517	19	19	34	0	0	0	0	-1	0.000098520
SRR11032669.85115	22234	232	157	41248	57	57	57	0	0	0	0	-1	0.000098681
SRR11032669.85263	21646	204	138	22763	53	53	49	0	0	0	0	-1	0.000093520
SRR11032669.85344	24213	274	185	102860	44	44	49	0	0	0	0	-1	0.000104920
SRR11032669.85463	22114	229	155	108501	65	65	45	1	2	99	1	60	0.000117800
SRR11032669.85562	20592	218	148	169855	66	66	51	0	0	0	0	-1	0.000097521
SRR11032669.85730	22599	219	148	1511	0	0	0	0	0	0	0	-1	0.000085080
SRR11032669.85872	25794	234	158	135263	47	47	47	0	0	0	0	-1	0.000149240
SRR11032669.86001	26168	258	175	177838	34	34	40	0	0	0	0	-1	0.000104240
SRR11032669.86132	21900	217	147	134753	76	76	37	1	2	109	1	60	0.000126160
SRR11032669.86251	26525	268	181	83204	58	58	45	0	0	0	0	-1	0.000112840
SRR11032669.86306	22456	224	152	371	0	0	0	0	0	0	0	-1	0.000084641
SRR11032669.86385	25089	259	175	46318	16	16	30	0	0	0	0	-1	0.000110280
SRR11032669.86519	26974	300	203	214573	62	62	36	0	0	0	0	-1	0.000121880
SRR11032669.86797	27802	267	181	10085	82	82	43	1	2	120	1	60	0.000144121
SRR11032669.86907	22070	271	183	60147	71	71	65	0	0	0	0	-1	0.000108241
SRR11032669.87011	24870	241	163	107014	84	84	51	1	2	117	1	60	0.000132040
SRR11032669.87124	27870	266	180	174862	59	59	57	0	0	0	0	-1	0.000124760
SRR11032669.87251	27078	280	190	57411	79	79	50	1	2	123	1	60	0.000146921
SRR11032669.87379	22393	201	136	603	34	34	37	0	0	0	0	-1	0.000085240
SRR11032669.87482	24725	249	169	3909	17	17	28	0	0	0	0	-1	0.000097640
SRR11032669.87674	25990	249	169	7271	71	71	57	0	0	0	0	-1	0.000113480
SRR11032669.87796	25769	265	179	2204	104	104	65	1	2	131	1	60	0.000143040
SRR11032669.87894	24300	262	177	134563	132	132	83	1	2	155	1	60	0.000146921
SRR11032669.88018	23113	221	150	259	6	6	12	0	0	0	0	-1	0.000084680
SRR11032669.88133	24822	263	178	98114	23	23	39	0	0	0	0	-1	0.000120360
SRR11032669.88214	22918	237	160	129812	87	87	101	0	0	0	0	-1	0.000109640
SRR11032669.88307	23277	255	173	35335	24	24	32	0	0	0	0	-1	0.000097560
SRR11032669.88402	20018	204	138	173180	50	50	33	0	0	0	0	-1	0.000088680
SRR11032669.88509	23716	216	146	268425	121	121	149	1	2	94	1	60	0.000143040
SRR11032669.88615	21056	230	156	5147	69	69	51	1	2	98	1	60	0.000116040
SRR11032669.88710	27892	276	187	167	0	0	0	0	0	0	0	-1	0.000100280
SRR11032669.88834	24156	209	142	12720	74	74	41	1	2	99	1	60	0.000123040
SRR11032669.88916	21060	212	144	253563	74	74	57	2	3	103	1	60	0.000146521
SRR11032669.89059	21407	189	128	125853	63	63	49	1	0	0	0	-1	0.000111161
SRR11032669.89208	26892	242	164	128442	94	94	97	1	2	101	1	60	0.000209360
SRR11032669.89288	22569	221	150	357	0	0	0	0	0	0	0	-1	0.000083560
SRR11032669.89494	21279	237	160	47398	71	71	25	1	2	119	1	60	0.000115520
SRR11032669.89566	26646	261	177	69729	30	30	27	0	0	0	0	-1	0.000102681
SRR11032669.89725	27042	249	169	17709	34	34	23	0	0	0	0	-1	0.000102960
SRR11032669.89806	20283	195	132	16246	53	53	37	0	0	0	0	-1	0.000087080
SRR11032669.89930	27949	274	185	127393	59	59	54	0	0	0	0	-1	0.000114560
SRR11032669.90069	25619	280	190	74596	9483	9483	792	3	4	142	1	0	0.000297040
SRR11032669.90173	25782	247	167	72670	26	26	52	0	0	0	0	-1	0.000094200
SRR11032669.90252	26044	223	151	40306	917	917	463	0	0	0	0	-1	0.000132040
SRR11032669.90395	24182	221	150	25724	55	55	31	0	0	0	0	-1	0.000099320
SRR11032669.90537	25549	273	185	163892	79	79	65	0	0	0	0	-1	0.000116240
SRR11032669.90593	22092	235	159	4290	31	31	22	0	0	0	0	-1	0.000090160
SRR11032669.90775	21009	215	146	101285	38	38	41	0	0	0	0	-1	0.000084041
SRR11032669.91009	27623	301	204	616	0	0	0	0	0	0	0	-1	0.000108280
SRR11032669.91174	24115	240	163	63817	46	46	27	0	0	0	0	-1	0.000096920
SRR11032669.91267	26992	297	201	64834	51	51	51	0	0	0	0	-1	0.000113720
SRR11032669.91362	27324	287	194	7476	39	39	49	0	0	0	0	-1	0.000113200
SRR11032669.91500	23188	246	167	8495	15	15	15	0	0	0	0	-1	0.000094320
SRR11032669.91681	25564	271	183	181804	70	70	45	1	2	109	1	60	0.000144961
SRR11032669.91790	20418	202	137	13551	55	55	33	1	0	0	0	-1	0.000106600
SRR11032669.91895	22154	219	148	894	36	36	31	0	0	0	0	-1	0.000090680
SRR11032669.92033	25342	252	171	99763	125	125	67	1	2	157	1	60	0.000136881
SRR11032669.92142	20481	215	146	504	0	0	0	0	0	0	0	-1	0.000077200
SRR11032669.92241	26286	268	181	13085	12	12	24	0	0	0	0	-1	0.000102000
SRR11032669.92423	26657	287	194	110453	124	124	99	1	2	136	1	60	0.000159040
SRR11032669.92468	27450	300	203	235	0	0	0	0	0	0	0	-1	0.000105280
SRR11032669.92572	20015	194	131	478	21	21	34	0	0	0	0	-1	0.000080561
SRR11032669.92689	23276	239	162	614	18	18	36	0	0	0	0	-1	0.000093040
SRR11032669.92773	20993	203	138	281045	87	87	71	1	2	98	1	60	0.000134321
SRR11032669.92884	27486	282	191	107370	125	125	83	1	2	144	1	60	0.000150920
SRR11032669.93047	26132	294	199	8202	47	47	62	0	0	0	0	-1	0.000142840
SRR11032669.93106	25793	259	175	3749	56	56	53	0	0	0	0	-1	0.000108601
SRR11032669.93229	25438	237	160	611	30	30	37	0	0	0	0	-1	0.000097240
SRR11032669.93344	24666	238	161	50252	71	71	59	0	0	0	0	-1	0.000127240
SRR11032669.93474	26783	284	192	503	11	11	22	0	0	0	0	-1	0.000104600
SRR11032669.93530	22069	227	154	23739	35	35	43	0	0	0	0	-1	0.000091280
SRR11032669.93649	21825	199	135	5634	51	51	23	1	0	0	0	-1	0.000121440
SRR11032669.93767	24461	267	181	56144	56	56	43	0	0	0	0	-1	0.000107560
SRR11032669.93903	20170	210	142	30445	10	10	16	0	0	0	0	-1	0.000079241
SRR11032669.94015	23339	245	166	369	12	12	17	0	0	0	0	-1	0.000092760
SRR11032669.94174	27647	281	190	15054	38	38	44	0	0	0	0	-1	0.000112481
SRR11032669.94305	20085	200	136	372	0	0	0	0	0	0	0	-1	0.000074560
SRR11032669.94399	21420	222	150	189	5	5	10	0	0	0	0	-1	0.000081200
SRR11032669.94506	22152	245	166	37223	92	92	113	0	0	0	0	-1	0.000106680
SRR11032669.94569	26956	258	175	101119	112	112	99	0	0	0	0	-1	0.000130560
SRR11032669.94684	22774	225	152	69433	72	72	35	1	2	103	1	60	0.000116200
SRR11032669.94807	26809	254	172	24326	65	65	67	0	0	0	0	-1	0.000114240
SRR11032669.94931	25715	238	161	5526	44	44	63	0	0	0	0	-1	0.000104561
SRR11032669.95011	25885	242	164	38720	54	54	27	0	0	0	0	-1	0.000110080
SRR11032669.95187	27370	306	207	59259	77	77	53	0	0	0	0	-1	0.000123560
SRR11032669.95308	26002	288	195	10786	88	88	61	1	2	125	1	60	0.000145560
SRR11032669.95444	26521	224	152	215281	82	82	67	1	0	0	0	-1	0.000135560
SRR11032669.95556	26319	227	154	29935	95	95	67	1	2	99	1	60	0.000134001
SRR11032669.95692	22284	224	152	108352	75	75	55	1	2	94	1	60	0.000127160
SRR11032669.95760	22368	214	145	10885	65	65	59	0	0	0	0	-1	0.000098640
SRR11032669.95909	21499	216	146	11923	21	21	29	0	0	0	0	-1	0.000085960
SRR11032669.96021	21262	194	131	31913	55	55	39	1	2	82	1	60	0.000108801
SRR11032669.96127	23712	248	168	65641	69	69	39	1	2	106	1	60	0.000129920
SRR11032669.96271	24277	250	169	224994	87	87	91	0	0	0	0	-1	0.000118160
SRR11032669.96389	23564	248	168	75082	15	15	17	0	0	0	0	-1	0.000093760
SRR11032669.96449	24116	232	157	54027	45	45	55	0	0	0	0	-1	0.000098480
SRR11032669.96607	25193	254	172	155626	67	67	71	0	0	0	0	-1	0.000110681
SRR11032669.96786	27024	281	190	128108	42	42	23	0	0	0	0	-1	0.000117920
SRR11032669.96932	22899	255	173	192	0	0	0	0	0	0	0	-1	0.000089600
SRR11032669.97046	21583	226	153	78002	14	14	19	0	0	0	0	-1	0.000083640
SRR11032669.97232	22615	273	185	16113	15	15	20	0	0	0	0	-1	0.000096240
SRR11032669.97348	20854	225	152	249	21	21	33	0	0	0	0	-1	0.000087720
SRR11032669.97491	24401	222	150	45943	47	47	51	0	0	0	0	-1	0.000095681
SRR11032669.97574	22038	218	148	2776	71	71	49	1	2	96	1	60	0.000118960
SRR11032669.97693	24641	261	177	13117	14	14	11	0	0	0	0	-1	0.000097640
SRR11032669.97769	27167	262	177	29984	31	31	31	0	0	0	0	-1	0.000111640
SRR11032669.97844	24810	239	162	94422	36	36	29	0	0	0	0	-1	0.000096601
SRR11032669.97964	20359	205	139	578	48	48	37	0	0	0	0	-1	0.000106640
SRR11032669.98121	22609	210	142	3718	0	0	0	0	0	0	0	-1	0.000079360
SRR11032669.98342	20536	181	123	46158	0	0	0	0	0	0	0	-1	0.000070680
SRR11032669.98432	26831	258	175	79910	136	136	142	0	0	0	0	-1	0.000128761
SRR11032669.98576	21708	210	142	52692	50	50	49	0	0	0	0	-1	0.000092480
SRR11032669.98648	20553	208	141	243135	169	169	120	2	3	86	1	60	0.000160920
SRR11032669.98721	24894	289	196	110479	82	82	96	0	0	0	0	-1	0.000130121
SRR11032669.98841	21816	239	162	25049	31	31	30	0	0	0	0	-1	0.000093000
SRR11032669.99013	20487	203	138	374	16	16	26	0	0	0	0	-1	0.000080000
SRR11032669.99144	20526	240	163	419	75	75	31	1	2	109	1	60	0.000115520
SRR11032669.99296	21820	214	145	73822	91	91	93	1	2	89	1	60	0.000128720
SRR11032669.99458	20805	194	131	40784	36	36	29	0	0	0	0	-1	0.000083680
SRR11032669.99529	27971	278	188	1493	30	30	45	0	0	0	0	-1	0.000110961
SRR11032669.99617	26973	298	202	4289	55	55	50	0	0	0	0	-1	0.000117880
SRR11032669.99772	24321	245	166	71542	73	73	45	1	2	99	1	60	0.000146080
SRR11032669.99840	22570	229	155	119306	63	63	47	0	0	0	0	-1	0.000100721
SRR11032669.99972	21542	197	133	284	0	0	0	0	0	0	0	-1	0.000075920
SRR11032669.100085	24217	250	169	2397	0	0	0	0	0	0	0	-1	0.000092560
SRR11032669.100197	20286	217	147	60645	47	47	49	0	0	0	0	-1	0.000085440
SRR11032669.100291	26678	264	179	139878	66	66	37	1	2	109	1	60	0.000130480
SRR11032669.100385	21639	229	155	92400	85	85	45	1	2	114	1	60	0.000121160
SRR11032669.100554	24192	228	154	18228	42	42	27	0	0	0	0	-1	0.000681762
SRR11032669.100691	25776	250	169	6592	10	10	20	0	0	0	0	-1	0.000100800
SRR11032669.100949	27870	272	184	115875	66	66	47	0	0	0	0	-1	0.000121680
SRR11032669.101082	20126	188	127	2535	46	46	39	0	0	0	0	-1	0.000084521
SRR11032669.101232	23123	242	164	102185	62	62	35	1	2	106	1	60	0.000118000
SRR11032669.101304	20093	213	144	436	0	0	0	0	0	0	0	-1	0.000080721
SRR11032669.101397	23676	220	149	7234	37	37	29	0	0	0	0	-1	0.000090960
SRR11032669.101482	25670	259	175	60518	80	80	47	2	3	104	1	60	0.000148641
SRR11032669.101559	21892	186	126	12094	12	12	11	0	0	0	0	-1	0.000078760
SRR11032669.101718	25520	270	183	132931	33	33	27	0	0	0	0	-1	0.000104760
SRR11032669.101791	26407	260	176	73703	70	70	39	1	0	0	0	-1	0.000129081
SRR11032669.101976	20882	231	156	39826	29	29	17	0	0	0	0	-1	0.000089160
SRR11032669.102092	26927	283	192	133352	58	58	42	0	0	0	0	-1	0.000119760
SRR11032669.102148	23636	223	151	138075	63	63	29	1	0	0	0	-1	0.000124801
SRR11032669.102213	22390	229	155	191409	36	36	39	0	0	0	0	-1	0.000095720
SRR11032669.102375	24999	228	154	27671	16	16	27	0	0	0	0	-1	0.000093881
SRR11032669.102464	26203	259	175	93	0	0	0	0	0	0	0	-1	0.000094000
SRR11032669.102531	21247	212	144	9057	12	12	13	0	0	0	0	-1	0.000079881
SRR11032669.102646	20938	203	138	10260	38	38	39	0	0	0	0	-1	0.000091000
SRR11032669.102724	23558	215	146	23332	3	3	6	0	0	0	0	-1	0.000086681
SRR11032669.102792	22128	219	148	195426	61	61	43	2	3	93	1	60	0.000151120
SRR11032669.102912	27177	300	203	28606	17	17	24	0	0	0	0	-1	0.000108600
SRR11032669.103054	25850	298	202	179937	236	236	129	3	5	144	1	0	0.000215921
SRR11032669.103242	23800	261	177	74903	19	19	18	0	0	0	0	-1	0.000115001
SRR11032669.103368	25852	244	165	62844	46	46	92	0	0	0	0	-1	0.000119241
SRR11032669.103425	25681	268	181	40653	8	8	16	0	0	0	0	-1	0.000097240
SRR11032669.103502	26257	269	182	11784	0	0	0	0	0	0	0	-1	0.000098640
SRR11032669.103660	20393	214	145	26675	0	0	0	0	0	0	0	-1	0.000076400
SRR11032669.103733	21329	235	159	1879	9	9	18	0	0	0	0	-1	0.000087320
SRR11032669.103860	22100	213	144	30744	28	28	27	0	0	0	0	-1	0.000086160
SRR11032669.104003	24017	214	145	1586	12	12	18	0	0	0	0	-1	0.000087600
SRR11032669.104074	20265	186	126	20681	20	20	23	0	0	0	0	-1	0.000076800
SRR11032669.104173	20286	185	125	107168	20	20	19	0	0	0	0	-1	0.000076360
SRR11032669.104270	24319	238	161	163070	61	61	51	0	0	0	0	-1	0.000106320
SRR11032669.104368	21864	198	134	1062	5	5	10	0	0	0	0	-1	0.000079960
SRR11032669.104513	26355	236	160	255	0	0	0	0	0	0	0	-1	0.000111040
SRR11032669.104600	21219	208	141	92229	24	24	29	0	0	0	0	-1	0.000084320
SRR11032669.104741	23284	224	152	273731	183	183	239	1	2	111	1	60	0.000170200
SRR11032669.104846	23272	241	163	128336	13	13	26	0	0	0	0	-1	0.000093121
SRR11032669.104915	21960	200	136	20351	35	35	45	0	0	0	0	-1	0.000085200
SRR11032669.105058	23058	241	163	32323	63	63	25	1	2	106	1	60	0.000119601
SRR11032669.105164	25292	244	165	109057	42	42	35	0	0	0	0	-1	0.000102920
SRR11032669.105330	27774	267	181	87599	21	21	17	0	0	0	0	-1	0.000107240
SRR11032669.105426	27048	264	179	16103	0	0	0	0	0	0	0	-1	0.000097880
SRR11032669.105487	21211	225	152	101	0	0	0	0	0	0	0	-1	0.000080600
SRR11032669.105583	27615	282	191	226190	73	73	70	0	0	0	0	-1	0.000124800
SRR11032669.105705	21596	198	134	69983	4	4	8	0	0	0	0	-1	0.000078000
SRR11032669.105838	23861	236	160	43012	60	60	45	0	0	0	0	-1	0.000102360
SRR11032669.105933	26994	258	175	218663	84	84	37	1	2	120	1	60	0.000138001
SRR11032669.106075	21645	222	150	201	0	0	0	0	0	0	0	-1	0.000078680
SRR11032669.106192	25614	257	174	22707	31	31	21	0	0	0	0	-1	0.000100921
SRR11032669.106291	25949	279	189	193958	66	66	45	0	0	0	0	-1	0.000123600
SRR11032669.106408	20334	190	129	53772	14	14	4	0	0	0	0	-1	0.000074920
SRR11032669.106512	22361	233	158	35717	1178	1178	421	0	0	0	0	-1	0.000129440
SRR11032669.106668	26428	248	168	145346	118	118	113	1	2	115	1	60	0.000147200
SRR11032669.106758	21279	223	151	114229	49	49	33	0	0	0	0	-1	0.000093480
SRR11032669.106830	25568	270	183	57536	37	37	37	0	0	0	0	-1	0.000104560
SRR11032669.106968	20870	228	154	17677	22	22	32	0	0	0	0	-1	0.000086361
SRR11032669.107064	24681	236	160	257754	338	338	189	2	3	103	1	0	0.000212801
SRR11032669.107246	21578	228	154	82926	40	40	23	0	0	0	0	-1	0.000092840
SRR11032669.107407	26345	275	186	2596	0	0	0	0	0	0	0	-1	0.000098280
SRR11032669.107483	25466	250	169	251341	72	72	71	0	0	0	0	-1	0.000111800
SRR11032669.107617	22093	216	146	5519	81	81	63	1	2	92	1	60	0.000121920
SRR11032669.107741	24456	252	171	94682	79	79	64	0	0	0	0	-1	0.000113560
SRR11032669.107828	20681	206	140	989	39	39	39	0	0	0	0	-1	0.000093000
SRR11032669.107946	21252	217	147	263767	153	153	245	0	0	0	0	-1	0.000121241
SRR11032669.108067	20877	197	133	60060	30	30	21	0	0	0	0	-1	0.000080800
SRR11032669.108221	24538	237	160	38424	22	22	30	0	0	0	0	-1	0.000094200
SRR11032669.108320	23133	223	151	101878	62	62	69	0	0	0	0	-1	0.000099280
SRR11032669.108402	22726	215	146	1961	22	22	35	0	0	0	0	-1	0.000085681
SRR11032669.108471	26878	276	187	69003	42	42	37	0	0	0	0	-1	0.000108680
SRR11032669.108550	24054	259	175	136683	22	22	27	0	0	0	0	-1	0.000098240
SRR11032669.108696	26709	251	170	1971	16	16	15	0	0	0	0	-1	0.000099880
SRR11032669.108785	22448	220	149	34715	11	11	19	0	0	0	0	-1	0.000087361
SRR11032669.108966	25340	260	176	136792	67	67	53	0	0	0	0	-1	0.000115601
SRR11032669.109099	21380	213	144	32505	25	25	27	0	0	0	0	-1	0.000084200
SRR11032669.109203	26734	250	169	69952	56	56	67	0	0	0	0	-1	0.000109560
SRR11032669.109364	23215	254	172	22409	9	9	16	0	0	0	0	-1	0.000094720
SRR11032669.109467	24052	241	163	42735	49	49	83	0	0	0	0	-1	0.000102560
SRR11032669.109576	20568	235	159	73561	1337	1337	760	0	0	0	0	-1	0.000188120
SRR11032669.109698	27020	276	187	96324	40	40	61	0	0	0	0	-1	0.000111001
SRR11032669.109839	20049	217	147	99382	42	42	21	0	0	0	0	-1	0.000087480
SRR11032669.109933	20654	193	131	536	0	0	0	0	0	0	0	-1	0.000073800
SRR11032669.110015	26014	253	171	83192	44	44	43	0	0	0	0	-1	0.000107600
SRR11032669.110111	23839	230	156	1326	84	84	59	1	2	103	1	60	0.000122760
SRR11032669.110259	24907	253	171	69038	122	122	73	1	2	131	1	60	0.000136921
SRR11032669.110344	22404	215	146	21248	0	0	0	0	0	0	0	-1	0.000081880
SRR11032669.110446	22086	214	145	156	0	0	0	0	0	0	0	-1	0.000079080
SRR11032669.110546	24220	254	172	57902	90	90	29	1	2	130	1	60	0.000126961
SRR11032669.110644	22676	221	150	75641	36	36	49	0	0	0	0	-1	0.000107640
SRR11032669.110737	21984	219	148	113104	121	121	125	1	2	112	1	60	0.000142440
SRR11032669.110831	26187	253	171	85696	0	0	0	0	0	0	0	-1	0.000095800
SRR11032669.110974	22045	248	168	95682	34	34	29	0	0	0	0	-1	0.000095081
SRR11032669.111069	22328	238	161	56086	42	42	49	0	0	0	0	-1	0.000095120
SRR11032669.111170	24333	278	188	3136	7	7	12	0	0	0	0	-1	0.000099440
SRR11032669.111395	27641	275	186	75029	75	75	81	0	0	0	0	-1	0.000120440
SRR11032669.111492	23703	239	162	20118	47	47	64	0	0	0	0	-1	0.000098840
SRR11032669.111638	26955	269	182	81485	69	69	55	0	0	0	0	-1	0.000116720
SRR11032669.111765	23089	214	145	67129	48	48	35	0	0	0	0	-1	0.000094000
SRR11032669.111890	27742	298	202	15437	90	90	65	1	2	125	1	60	0.000153400
SRR11032669.111991	23054	223	151	25828	66	66	45	0	0	0	0	-1	0.000102920
SRR11032669.112154	26370	242	164	38356	36	36	35	0	0	0	0	-1	0.000101960
SRR11032669.112231	24463	251	170	10339	30	30	23	0	0	0	0	-1	0.000100200
SRR11032669.112371	21262	217	147	216467	33	33	42	0	0	0	0	-1	0.000085000
SRR11032669.112583	22934	262	177	184494	71	71	33	1	2	111	1	60	0.000131041
SRR11032669.112679	27167	263	178	262940	57	57	96	0	0	0	0	-1	0.000111400
SRR11032669.112789	26793	274	185	277279	119	119	139	1	2	123	1	60	0.000157360
SRR11032669.113001	26634	263	178	79126	9	9	16	0	0	0	0	-1	0.000115721
SRR11032669.113137	21468	214	145	5618	2	2	4	0	0	0	0	-1	0.000078680
SRR11032669.113247	20209	202	137	87456	86	86	77	1	2	96	1	60	0.000115640
SRR11032669.113388	27638	274	185	80461	46	46	29	0	0	0	0	-1	0.000116000
SRR11032669.113492	21426	218	148	187861	5	5	8	0	0	0	0	-1	0.000082640
SRR11032669.113591	25681	279	189	260384	91	91	61	1	2	130	1	60	0.000185760
SRR11032669.113678	24548	248	168	144157	45	45	51	0	0	0	0	-1	0.000102681
SRR11032669.113774	22814	218	148	9444	20	20	32	0	0	0	0	-1	0.000088560
SRR11032669.113882	22879	241	163	131622	81	81	95	0	0	0	0	-1	0.000111281
SRR11032669.114073	21765	216	146	208	0	0	0	0	0	0	0	-1	0.000077280
SRR11032669.114230	23852	266	180	145931	14	14	19	0	0	0	0	-1	0.000094761
SRR11032669.114337	24677	244	165	234978	67	67	55	0	0	0	0	-1	0.000109960
SRR11032669.114461	23755	230	156	107	0	0	0	0	0	0	0	-1	0.000085681
SRR11032669.114589	27824	232	157	130631	42	42	25	0	0	0	0	-1	0.000103520
SRR11032669.114711	20182	204	138	2400	36	36	40	0	0	0	0	-1	0.000080280
SRR11032669.114799	23602	230	156	283	34	34	24	0	0	0	0	-1	0.000095040
SRR11032669.114880	26996	264	179	19593	32	32	22	0	0	0	0	-1	0.000103920
SRR11032669.114933	24121	237	160	55972	9	9	17	0	0	0	0	-1	0.000092200
SRR11032669.115035	25027	258	175	41799	66	66	49	0	0	0	0	-1	0.000113760
SRR11032669.115121	25481	254	172	21458	0	0	0	0	0	0	0	-1	0.000133320
SRR11032669.115227	26653	240	163	130302	107	107	85	1	2	121	1	60	0.000139201
SRR11032669.115340	20728	198	134	490	0	0	0	0	0	0	0	-1	0.000073600
SRR11032669.115515	24344	265	179	81595	10743	10743	855	6	3	138	1	0	0.000342080
SRR11032669.115633	25495	236	160	27507	32	32	64	0	0	0	0	-1	0.000099600
SRR11032669.115721	24250	252	171	1207	122	122	133	1	2	111	1	60	0.000143561
SRR11032669.115844	25553	273	185	80891	23	23	27	0	0	0	0	-1	0.000103920
SRR11032669.115929	26640	293	198	236631	75	75	37	1	2	123	1	60	0.000141081
SRR11032669.116007	27565	265	179	295770	48	48	29	0	0	0	0	-1	0.000121000
SRR11032669.116111	25577	217	147	241	1	1	2	0	0	0	0	-1	0.000087961
SRR11032669.116229	27777	261	177	24780	48	48	61	0	0	0	0	-1	0.000111440
SRR11032669.116308	24811	258	175	115105	55	55	37	0	0	0	0	-1	0.000105920
SRR11032669.116445	21081	189	128	68056	25	25	18	0	0	0	0	-1	0.000078040
SRR11032669.116520	24196	235	159	81036	0	0	0	0	0	0	0	-1	0.000087801
SRR11032669.116655	21074	222	150	127450	86	86	97	0	0	0	0	-1	0.000102080
SRR11032669.116773	27140	282	191	53675	43	43	37	0	0	0	0	-1	0.000111440
SRR11032669.116980	24552	264	179	91606	22	22	38	0	0	0	0	-1	0.000099160
SRR11032669.117115	24031	246	167	3334	6	6	4	0	0	0	0	-1	0.000092200
SRR11032669.117340	21017	184	125	29977	23	23	46	0	0	0	0	-1	0.000078441
SRR11032669.117373	21493	211	143	21984	0	0	0	0	0	0	0	-1	0.000077360
SRR11032669.117538	21498	248	168	96005	179	179	207	0	0	0	0	-1	0.000120800
SRR11032669.117629	21537	231	156	6629	104	104	98	1	2	96	1	60	0.000128840
SRR11032669.117702	23137	205	139	60546	36	36	45	0	0	0	0	-1	0.000087720
SRR11032669.117816	27802	284	192	712	28	28	36	0	0	0	0	-1	0.000108520
SRR11032669.117936	23995	232	157	117323	63	63	53	0	0	0	0	-1	0.000102400
SRR11032669.118078	27584	265	179	42501	64	64	60	0	0	0	0	-1	0.000112080
SRR11032669.118256	22779	208	141	53447	60	60	35	2	3	89	1	60	0.000132640
SRR11032669.118326	25507	244	165	123221	48	48	37	0	0	0	0	-1	0.000103361
SRR11032669.118427	25799	260	176	1183	2	2	4	0	0	0	0	-1	0.000097520
SRR11032669.118519	21031	211	143	10166	6	6	11	0	0	0	0	-1	0.000078760
SRR11032669.118663	22727	219	148	217321	65	65	51	1	0	0	0	-1	0.000124921
SRR11032669.118840	24375	262	177	13753	92	92	53	1	2	122	1	60	0.000131960
SRR11032669.119052	25701	285	193	244919	366	366	222	3	6	118	1	0	0.000234160
SRR11032669.119167	25040	264	179	157304	176	176	138	1	2	115	1	60	0.000163440
SRR11032669.119258	21668	197	133	43663	31	31	17	0	0	0	0	-1	0.000081161
SRR11032669.119362	20140	186	126	58188	243	243	471	0	0	0	0	-1	0.000152640
SRR11032669.119432	23868	195	132	76403	5976	5976	6648	2	0	0	0	-1	0.001095123
SRR11032669.119545	26828	247	167	87022	12054	12054	2275	2	2	140	1	60	0.000579081
SRR11032669.119680	20917	206	140	196875	27	27	29	0	0	0	0	-1	0.000082160
SRR11032669.119812	20529	201	136	273	0	0	0	0	0	0	0	-1	0.000074680
SRR11032669.119916	26851	267	181	118919	36	36	39	0	0	0	0	-1	0.000108720
SRR11032669.120026	23929	249	169	4608	6	6	12	0	0	0	0	-1	0.000093841
SRR11032669.120126	24795	239	162	1775	15	15	13	0	0	0	0	-1	0.000095600
SRR11032669.120223	23569	229	155	41074	31	31	36	0	0	0	0	-1	0.000104001
SRR11032669.120362	22687	208	141	78394	47	47	35	0	0	0	0	-1	0.000092000
SRR11032669.120515	23587	256	173	4833	0	0	0	0	0	0	0	-1	0.000090720
SRR11032669.120632	26176	268	181	291	0	0	0	0	0	0	0	-1	0.000095880
SRR11032669.120752	27384	262	177	472	0	0	0	0	0	0	0	-1	0.000101800
SRR11032669.120892	25631	250	169	232888	138	138	142	0	0	0	0	-1	0.000128801
SRR11032669.121068	22531	220	149	63188	53	53	49	0	0	0	0	-1	0.000095840
SRR11032669.121181	23228	198	134	96115	50	50	41	0	0	0	0	-1	0.000092520
SRR11032669.121275	25799	237	160	81499	57	57	25	1	2	98	1	60	0.000133281
SRR11032669.121343	20290	170	115	110495	83	83	119	0	0	0	0	-1	0.000092240
SRR11032669.121481	22709	216	146	838	19	19	38	0	0	0	0	-1	0.000086640
SRR11032669.121652	24339	251	170	2070	25	25	41	0	0	0	0	-1	0.000100321
SRR11032669.121776	24232	210	142	20678	13	13	17	0	0	0	0	-1	0.000087280
SRR11032669.121844	20084	198	134	116523	39	39	45	0	0	0	0	-1	0.000091880
SRR11032669.121896	26178	246	167	155117	69	69	83	0	0	0	0	-1	0.000114360
SRR11032669.121946	23067	206	140	31330	70	70	75	0	0	0	0	-1	0.000100440
SRR11032669.122033	23939	236	160	73738	43	43	49	0	0	0	0	-1	0.000097200
SRR11032669.122131	21874	225	152	186932	132	132	129	2	3	128	1	60	0.000168441
SRR11032669.122235	20352	166	113	4865	2	2	4	0	0	0	0	-1	0.000068800
SRR11032669.122341	23676	226	153	115985	10	10	15	0	0	0	0	-1	0.000091400
SRR11032669.122494	23379	220	149	39313	15	15	27	0	0	0	0	-1	0.000087120
SRR11032669.122590	20265	212	144	94764	76	76	99	0	0	0	0	-1	0.000099480
SRR11032669.122852	25689	272	184	125513	94	94	73	1	2	123	1	60	0.000144120
SRR11032669.122951	26148	255	173	27647	129	129	83	2	3	110	1	60	0.000158081
SRR11032669.123015	21852	197	133	298	12	12	20	0	0	0	0	-1	0.000099800
SRR11032669.123126	22115	209	142	114694	33	33	36	0	0	0	0	-1	0.000087080
SRR11032669.123224	23517	226	153	32269	44	44	41	0	0	0	0	-1	0.000094400
SRR11032669.123323	20502	179	121	163708	90	90	85	1	2	86	1	60	0.000115600
SRR11032669.123438	22545	256	173	58160	73	73	43	0	0	0	0	-1	0.000117241
SRR11032669.123535	27889	263	178	1522	74	74	49	0	0	0	0	-1	0.000119601
SRR11032669.123638	26880	255	173	901	51	51	37	0	0	0	0	-1	0.000116000
SRR11032669.123722	24142	218	148	815	69	69	59	0	0	0	0	-1	0.000107480
SRR11032669.123781	22761	222	150	43896	90	90	51	1	2	122	1	60	0.000133361
SRR11032669.123829	27773	276	187	6536	0	0	0	0	0	0	0	-1	0.000100200
SRR11032669.123953	27670	276	187	183124	321	321	153	3	4	125	1	0	0.000204921
SRR11032669.124056	25213	262	177	187285	86	86	53	2	3	123	1	60	0.000162080
SRR11032669.124175	25624	260	176	3454	90	90	81	0	0	0	0	-1	0.000119840
SRR11032669.124268	22342	215	146	55302	51	51	45	0	0	0	0	-1	0.000096280
SRR11032669.124390	20558	209	142	109371	80	80	67	2	3	90	1	60	0.000137840
SRR11032669.124524	21066	203	138	961	0	0	0	0	0	0	0	-1	0.000077840
SRR11032669.124571	24922	266	180	23655	50	50	85	0	0	0	0	-1	0.000106601
SRR11032669.124701	26250	263	178	13834	49	49	43	0	0	0	0	-1	0.000127880
SRR11032669.124862	22515	207	140	38260	76	76	67	1	0	0	0	-1	0.000120640
SRR11032669.124996	26849	309	209	230817	32704	32704	2016	5	6	131	1	0	0.000724082
SRR11032669.125098	20051	187	127	150631	582	582	635	0	0	0	0	-1	0.000151160
SRR11032669.125215	26085	266	180	105023	13	13	26	0	0	0	0	-1	0.000101440
SRR11032669.125256	20365	184	125	650	16	16	32	0	0	0	0	-1	0.000079120
SRR11032669.126657	24312	228	154	4647	16	16	32	0	0	0	0	-1	0.000091720
SRR11032669.126801	20636	189	128	3954	67	67	117	0	0	0	0	-1	0.000089840
SRR11032669.126898	25346	277	187	5569	0	0	0	0	0	0	0	-1	0.000097480
SRR11032669.127038	27648	247	167	42573	152	152	111	0	0	0	0	-1	0.000140160
SRR11032669.127157	22924	209	142	88213	884	884	1661	0	0	0	0	-1	0.000404800
SRR11032669.127238	20361	195	132	87056	441	441	845	0	0	0	0	-1	0.000224160
SRR11032669.127346	27085	263	178	17166	96	96	121	0	0	0	0	-1	0.000138000
SRR11032669.127428	25402	250	169	94463	31	31	62	0	0	0	0	-1	0.000095320
SRR11032669.127499	21103	212	144	55834	0	0	0	0	0	0	0	-1	0.000078081
SRR11032669.127655	26908	231	156	56064	4715	4715	858	260	0	0	0	-1	0.005929934
SRR11032669.127724	22909	249	169	1325	36	36	58	0	0	0	0	-1	0.000099120
SRR11032669.127846	24994	242	164	1401	12	12	24	0	0	0	0	-1	0.000099401
SRR11032669.127918	24736	245	166	147430	189	189	270	0	0	0	0	-1	0.000130200
SRR11032669.128040	25881	262	177	122	0	0	0	0	0	0	0	-1	0.000095200
SRR11032669.128579	26950	268	181	4574	0	0	0	0	0	0	0	-1	0.000099001
SRR11032669.128815	21080	222	150	150	0	0	0	0	0	0	0	-1	0.000079600
SRR11032669.129130	27544	292	198	243	0	0	0	0	0	0	0	-1	0.000103000
SRR11032669.129284	23875	232	157	228	0	0	0	0	0	0	0	-1	0.000090360
SRR11032669.129513	25140	245	166	387	0	0	0	0	0	0	0	-1	0.000092161
SRR11032669.129629	22865	200	136	323	0	0	0	0	0	0	0	-1	0.000079520
SRR11032669.129966	26368	255	173	1786	0	0	0	0	0	0	0	-1	0.000092640
SRR11032669.130242	20873	227	154	481	22	22	44	0	0	0	0	-1	0.000087240
SRR11032669.130420	26990	272	184	167	0	0	0	0	0	0	0	-1	0.000101640
SRR11032669.130617	22327	242	164	211	0	0	0	0	0	0	0	-1	0.000086841
SRR11032669.130796	22055	229	155	174	0	0	0	0	0	0	0	-1	0.000084520
SRR11032669.130915	22114	219	148	119	0	0	0	0	0	0	0	-1	0.000081240
SRR11032669.131105	21983	244	165	224	0	0	0	0	0	0	0	-1	0.000087641
SRR11032669.131408	21413	227	154	299	5	5	10	0	0	0	0	-1	0.000084720
SRR11032669.131607	21959	242	164	217	0	0	0	0	0	0	0	-1	0.000083720
SRR11032669.131881	24755	236	160	106	0	0	0	0	0	0	0	-1	0.000089480
SRR11032669.132193	26822	253	171	157	5	5	10	0	0	0	0	-1	0.000099480
SRR11032669.132484	23270	238	161	5286	8	8	16	0	0	0	0	-1	0.000090361
SRR11032669.132817	24567	246	167	124	0	0	0	0	0	0	0	-1	0.000092600
SRR11032669.133074	26978	275	186	194	0	0	0	0	0	0	0	-1	0.000101320
SRR11032669.133434	23784	270	183	402	21	21	42	0	0	0	0	-1	0.000099480
SRR11032669.133623	20939	222	150	510	0	0	0	0	0	0	0	-1	0.000078681
SRR11032669.133864	27571	261	177	663	0	0	0	0	0	0	0	-1	0.000098040
SRR11032669.134141	25951	283	192	8833	0	0	0	0	0	0	0	-1	0.000098080
SRR11032669.134287	26931	291	197	157	0	0	0	0	0	0	0	-1	0.000101240
SRR11032669.134517	21333	251	170	613	0	0	0	0	0	0	0	-1	0.000085400
SRR11032669.134841	24415	259	175	299	0	0	0	0	0	0	0	-1	0.000091880
SRR11032669.135096	22565	219	148	208	7	7	14	0	0	0	0	-1	0.000082800
SRR11032669.135425	21146	227	154	205	0	0	0	0	0	0	0	-1	0.000080600
SRR11032669.135716	27614	285	193	584	1	1	2	0	0	0	0	-1	0.000102320
SRR11032669.135914	26185	254	172	1167	0	0	0	0	0	0	0	-1	0.000095920
SRR11032669.136171	22217	240	163	200	0	0	0	0	0	0	0	-1	0.000085120
SRR11032669.136402	21111	226	153	735	0	0	0	0	0	0	0	-1	0.000080961
SRR11032669.136845	21479	217	147	167	0	0	0	0	0	0	0	-1	0.000079480
SRR11032669.137033	23971	243	165	214	0	0	0	0	0	0	0	-1	0.000088880
SRR11032669.137135	22108	227	154	115	0	0	0	0	0	0	0	-1	0.000081480
SRR11032669.137373	23130	236	160	152	0	0	0	0	0	0	0	-1	0.000085320
SRR11032669.137638	24522	268	181	2438	0	0	0	0	0	0	0	-1	0.000094760
SRR11032669.137745	24714	234	158	175	0	0	0	0	0	0	0	-1	0.000086360
SRR11032669.138038	24397	238	161	8918	0	0	0	0	0	0	0	-1	0.000088360
SRR11032669.138219	24142	223	151	911	0	0	0	0	0	0	0	-1	0.000083640
SRR11032669.138646	21379	195	132	590	0	0	0	0	0	0	0	-1	0.000073880
SRR11032669.138974	26559	247	167	212	0	0	0	0	0	0	0	-1	0.000093520
SRR11032669.139229	24782	256	173	1250	16	16	32	0	0	0	0	-1	0.000096000
SRR11032669.139767	27665	274	185	272	0	0	0	0	0	0	0	-1	0.000100640
SRR11032669.140007	20801	224	152	223	0	0	0	0	0	0	0	-1	0.000078240
SRR11032669.140359	26824	289	196	845	0	0	0	0	0	0	0	-1	0.000101440
SRR11032669.140517	26477	267	181	258	0	0	0	0	0	0	0	-1	0.000096881
SRR11032669.141025	21812	209	142	633	0	0	0	0	0	0	0	-1	0.000077680
SRR11032669.141204	25795	255	173	1082	3	3	6	0	0	0	0	-1	0.000095840
SRR11032669.141454	20925	203	138	152	0	0	0	0	0	0	0	-1	0.000076560
SRR11032669.141798	23716	236	160	224	0	0	0	0	0	0	0	-1	0.000086440
SRR11032669.141952	21421	196	133	136	0	0	0	0	0	0	0	-1	0.000076521
SRR11032723.115	23725	264	179	21561	21561	21561	31597	0	0	0	0	-1	0.003582168
SRR11032723.318	21800	206	140	29191	58	58	21	1	2	106	1	60	0.000112880
SRR11032723.462	23757	211	143	45487	71	71	28	2	4	97	1	60	0.000144200
SRR11032723.679	26387	288	195	196276	84	84	39	2	3	138	1	60	0.000161881
SRR11032723.830	26889	243	165	154522	13	13	20	0	0	0	0	-1	0.000099520
SRR11032723.970	26601	280	190	86185	23	23	19	0	0	0	0	-1	0.000106720
SRR11032723.1117	27221	258	175	242610	108	108	65	1	2	135	1	60	0.000152280
SRR11032723.1284	26544	279	189	247158	70	70	21	1	2	131	1	60	0.000139520
SRR11032723.1490	23349	241	163	112344	46	46	45	0	0	0	0	-1	0.000099881
SRR11032723.1640	20940	224	152	100015	86	86	39	1	2	119	1	60	0.000125001
SRR11032723.1759	24577	255	173	219569	134	134	106	1	2	137	1	60	0.000145881
SRR11032723.1889	24597	260	176	1627	52	52	38	0	0	0	0	-1	0.000108241
SRR11032723.2004	25271	262	177	58994	73	73	57	0	0	0	0	-1	0.000119280
SRR11032723.2214	22180	227	154	3969	31	31	29	0	0	0	0	-1	0.000090121
SRR11032723.2350	24490	227	154	90875	86	86	61	1	2	99	1	60	0.000124721
SRR11032723.2463	24890	259	175	1000	87	87	46	2	4	111	1	60	0.000141841
SRR11032723.2601	24953	244	165	37502	15	15	29	0	0	0	0	-1	0.000095960
SRR11032723.2761	20398	207	140	4034	79	79	41	1	2	106	1	60	0.000116760
SRR11032723.2952	26945	252	171	85339	96	96	29	1	2	137	1	60	0.000150840
SRR11032723.3143	26248	249	169	368	0	0	0	0	0	0	0	-1	0.000095240
SRR11032723.3247	27257	261	177	23968	52	52	53	0	0	0	0	-1	0.000110640
SRR11032723.3403	23532	240	163	47366	78	78	35	1	2	109	1	60	0.000131800
SRR11032723.3592	23488	247	167	76675	105	105	89	1	2	108	1	60	0.000134600
SRR11032723.3727	23631	258	175	113245	130	130	121	1	2	136	1	60	0.000144680
SRR11032723.3844	25031	234	158	12755	7	7	3	0	0	0	0	-1	0.000102600
SRR11032723.3926	20952	207	140	95520	74	74	33	1	2	107	1	60	0.000118720
SRR11032723.4124	21840	219	148	150928	179	179	146	0	0	0	0	-1	0.000130361
SRR11032723.4271	26035	211	143	97963	6293	6293	895	7	3	85	1	0	0.000287561
SRR11032723.4330	21185	213	144	78116	238	238	297	0	0	0	0	-1	0.000106160
SRR11032723.4451	25335	244	165	97343	5870	5870	880	0	0	0	0	-1	0.000194121
SRR11032723.4653	20409	162	110	82665	801	801	713	0	0	0	0	-1	0.000135880
SRR11032723.4788	25727	251	170	92085	2969	2969	848	1	0	0	0	-1	0.000233200
SRR11032723.4852	22017	152	103	82561	11537	11537	1163	5	4	67	1	0	0.000287320
SRR11032723.4994	27760	268	181	101300	262	262	130	1	2	137	1	60	0.000219320
SRR11032723.5083	23172	224	152	8021	0	0	0	0	0	0	0	-1	0.000085000
SRR11032723.5196	27013	259	175	83154	72	72	39	1	0	0	0	-1	0.000132080
SRR11032723.5294	20480	168	114	140883	92	92	125	1	0	0	0	-1	0.000112040
SRR11032723.5400	21409	208	141	4732	66	66	63	0	0	0	0	-1	0.000096560
SRR11032723.5571	21073	221	150	104712	82	82	55	1	2	105	1	60	0.000123160
SRR11032723.5723	22095	213	144	1176	15	15	21	0	0	0	0	-1	0.000085640
SRR11032723.5777	20935	215	146	18134	35	35	31	0	0	0	0	-1	0.000085680
SRR11032723.5920	27366	278	188	16220	21	21	20	0	0	0	0	-1	0.000106840
SRR11032723.6058	20501	185	125	10166	55	55	38	2	3	80	1	60	0.000115360
SRR11032723.6146	21474	200	136	250488	98	98	97	2	3	90	1	60	0.000137520
SRR11032723.6279	27610	264	179	118844	85	85	49	1	2	116	1	60	0.000138721
SRR11032723.6427	21731	207	140	9562	90	90	41	1	2	112	1	60	0.000116601
SRR11032723.6521	25473	236	160	321	1	1	2	0	0	0	0	-1	0.000090680
SRR11032723.6649	21348	199	135	98274	58	58	71	0	0	0	0	-1	0.000092240
SRR11032723.6735	26314	261	177	3359	88	88	37	2	3	130	1	60	0.000154881
SRR11032723.6880	22388	205	139	165741	121	121	127	1	2	104	1	60	0.000130440
SRR11032723.7022	23928	232	157	1040	0	0	0	0	0	0	0	-1	0.000091640
SRR11032723.7235	20019	178	121	19586	48	48	23	1	2	78	1	60	0.000111920
SRR11032723.7388	24017	234	158	10984	67	67	49	0	0	0	0	-1	0.000108960
SRR11032723.7497	24251	220	149	4283	82	82	25	1	2	121	1	60	0.000126441
SRR11032723.7641	22699	257	174	168551	129	129	101	1	2	132	1	60	0.000142920
SRR11032723.7872	24610	279	189	83342	66	66	49	0	0	0	0	-1	0.000111441
SRR11032723.7957	20779	183	124	196454	71	71	29	1	2	96	1	60	0.000103560
SRR11032723.8187	23939	217	147	10131	35	35	23	0	0	0	0	-1	0.000092440
SRR11032723.8364	24264	211	143	101366	72	72	41	1	2	96	1	60	0.000126800
SRR11032723.8514	24332	229	155	60678	75	75	39	1	2	104	1	60	0.000121560
SRR11032723.8653	25098	250	169	140756	64	64	42	0	0	0	0	-1	0.000116040
SRR11032723.8795	23759	225	152	4854	72	72	29	2	3	110	1	60	0.000127400
SRR11032723.8881	20019	210	142	49685	46	46	21	0	0	0	0	-1	0.000088280
SRR11032723.8973	27375	293	198	147698	86	86	93	0	0	0	0	-1	0.000125601
SRR11032723.9121	22154	204	138	11404	65	65	39	1	2	89	1	60	0.000115521
SRR11032723.9273	24624	240	163	1151	66	66	49	0	0	0	0	-1	0.000107120
SRR11032723.9395	22151	211	143	72278	80	80	67	1	2	92	1	60	0.000126040
SRR11032723.9520	24835	244	165	79796	87	87	43	1	2	121	1	60	0.000129240
SRR11032723.9656	20558	213	144	156964	108	108	75	1	2	124	1	60	0.000133321
SRR11032723.9809	22495	235	159	42841	75	75	35	1	2	108	1	60	0.000120880
SRR11032723.10018	26032	247	167	163523	94	94	42	2	3	127	1	60	0.000146041
SRR11032723.10168	27011	275	186	219733	91	91	35	1	2	131	1	60	0.000152041
SRR11032723.10376	26719	269	182	173464	138	138	95	1	2	156	1	60	0.000156401
SRR11032723.10514	24757	274	185	50048	82	82	53	1	2	116	1	60	0.000136760
SRR11032723.10597	23478	244	165	61407	15	15	30	0	0	0	0	-1	0.000094120
SRR11032723.10703	22085	215	146	128645	107	107	105	1	2	111	1	60	0.000133201
SRR11032723.10838	22345	213	144	910	72	72	47	2	3	95	1	60	0.000138200
SRR11032723.10908	24567	249	169	83974	72	72	17	1	2	127	1	60	0.000136720
SRR11032723.11148	20721	215	146	61693	77	77	59	1	2	92	1	60	0.000121160
SRR11032723.11242	24029	229	155	104528	84	84	31	1	2	120	1	60	0.000125240
SRR11032723.11325	22085	225	152	15714	35	35	43	0	0	0	0	-1	0.000089720
SRR11032723.11453	25091	249	169	155941	20	20	25	0	0	0	0	-1	0.000097800
SRR11032723.11588	22016	220	149	37769	364	364	321	1	2	106	1	60	0.000183041
SRR11032723.11766	21806	217	147	160537	51	51	27	1	2	90	1	60	0.000113800
SRR11032723.11954	26780	286	194	95230	28	28	37	0	0	0	0	-1	0.000109600
SRR11032723.12059	26971	269	182	9945	93	93	45	2	3	141	1	60	0.000150040
SRR11032723.12215	26172	263	178	52894	45	45	35	0	0	0	0	-1	0.000106480
SRR11032723.12346	27491	291	197	46618	109	109	39	1	2	163	1	60	0.000168081
SRR11032723.12535	21882	222	150	145703	86	86	65	1	2	103	1	60	0.000130761
SRR11032723.12719	24014	262	177	61667	81	81	65	0	0	0	0	-1	0.000114561
SRR11032723.12920	25928	235	159	76193	68	68	35	1	2	96	1	60	0.000127920
SRR11032723.13008	20853	215	146	145121	121	121	135	1	2	96	1	60	0.000126280
SRR11032723.13150	23173	227	154	6639	45	45	43	0	0	0	0	-1	0.000094960
SRR11032723.13285	20460	202	137	1195	27	27	31	0	0	0	0	-1	0.000082280
SRR11032723.13463	26289	279	189	1290	23	23	35	0	0	0	0	-1	0.000105281
SRR11032723.13560	27343	284	192	208116	203	203	252	1	2	154	1	60	0.000181801
SRR11032723.13683	21057	184	125	101066	35	35	33	0	0	0	0	-1	0.000082800
SRR11032723.13797	22466	245	166	76791	84	84	42	2	3	119	1	60	0.000134680
SRR11032723.13942	24014	229	155	149765	106	106	74	2	4	127	1	60	0.000144080
SRR11032723.14114	22235	212	144	17584	73	73	39	1	2	102	1	60	0.000118920
SRR11032723.14218	23644	235	159	8286	37	37	29	0	0	0	0	-1	0.000095200
SRR11032723.14394	25120	271	183	27510	79	79	63	1	0	0	0	-1	0.000144360
SRR11032723.14517	25246	268	181	21447	63	63	35	0	0	0	0	-1	0.000112760
SRR11032723.14673	27134	278	188	26080	12	12	22	0	0	0	0	-1	0.000104520
SRR11032723.14791	24942	253	171	109622	77	77	25	2	3	119	1	60	0.000161160
SRR11032723.14897	23464	239	162	62895	130	130	79	1	2	137	1	60	0.000135080
SRR11032723.15019	26458	271	183	9727	105	105	95	1	2	113	1	60	0.000145840
SRR11032723.15216	21576	202	137	27176	65	65	61	0	0	0	0	-1	0.000099241
SRR11032723.15362	21476	219	148	236547	79	79	51	1	2	109	1	60	0.000128401
SRR11032723.15535	23925	220	149	164215	115	115	121	1	2	98	1	60	0.000143800
SRR11032723.15682	24671	229	155	71842	60	60	33	0	0	0	0	-1	0.000104560
SRR11032723.15762	23035	217	147	929	0	0	0	0	0	0	0	-1	0.000082520
SRR11032723.15842	26278	246	167	23043	100	100	51	1	2	129	1	60	0.000142240
SRR11032723.16045	26521	248	168	58765	29	29	25	0	0	0	0	-1	0.000102000
SRR11032723.16187	27233	275	186	141770	90	90	77	1	0	0	0	-1	0.000143961
SRR11032723.16307	21009	202	137	14845	67	67	17	2	3	111	1	60	0.000143441
SRR11032723.16469	20687	193	131	92473	38	38	37	0	0	0	0	-1	0.000083080
SRR11032723.16698	21189	213	144	76062	67	67	33	1	2	106	1	60	0.000112000
SRR11032723.16846	20532	190	129	60563	62	62	66	0	0	0	0	-1	0.000091040
SRR11032723.16988	26866	250	169	26468	59	59	59	0	0	0	0	-1	0.000121840
SRR11032723.17081	25154	264	179	97306	59	59	37	0	0	0	0	-1	0.000110080
SRR11032723.17166	27953	272	184	51709	35	35	35	0	0	0	0	-1	0.000110440
SRR11032723.17272	24934	252	171	73316	63	63	31	1	2	105	1	60	0.000132200
SRR11032723.17379	24884	242	164	2314	19	19	32	0	0	0	0	-1	0.000096801
SRR11032723.17467	23703	221	150	75372	60	60	43	0	0	0	0	-1	0.000101641
SRR11032723.17621	25521	285	193	35878	81	81	55	0	0	0	0	-1	0.000122760
SRR11032723.17794	21099	228	154	16501	29	29	36	0	0	0	0	-1	0.000090120
SRR11032723.17950	24976	247	167	32220	103	103	55	1	2	135	1	60	0.000132160
SRR11032723.18105	21447	217	147	121	0	0	0	0	0	0	0	-1	0.000079120
SRR11032723.18228	24618	212	144	2250	3	3	6	0	0	0	0	-1	0.000088040
SRR11032723.18409	21078	175	119	93	9	9	9	0	0	0	0	-1	0.000074760
SRR11032723.18601	22285	187	127	108910	28	28	26	0	0	0	0	-1	0.000083280
SRR11032723.18794	23659	245	166	104369	119	119	61	1	2	149	1	60	0.000133840
SRR11032723.18963	24019	245	166	139644	107	107	85	1	2	120	1	60	0.000136440
SRR11032723.19107	22076	196	133	145369	83	83	59	1	2	91	1	60	0.000120200
SRR11032723.19251	22503	221	150	6570	70	70	35	1	2	101	1	60	0.000129520
SRR11032723.19356	25659	240	163	11437	69	69	47	0	0	0	0	-1	0.000112880
SRR11032723.19535	23726	237	160	66869	80	80	61	1	2	101	1	60	0.000124920
SRR11032723.19642	23348	251	170	10896	528	528	317	3	3	109	1	0	0.000171120
SRR11032723.19813	21119	228	154	79486	61	61	69	0	0	0	0	-1	0.000139081
SRR11032723.19915	21463	205	139	15444	94	94	75	1	2	103	1	60	0.000121680
SRR11032723.20064	27706	310	210	39087	80	80	67	0	0	0	0	-1	0.000126681
SRR11032723.20162	21010	217	147	456	31	31	44	0	0	0	0	-1	0.000089520
SRR11032723.20302	25374	256	173	158260	74	74	77	0	0	0	0	-1	0.000115600
SRR11032723.20438	21245	198	134	39017	73	73	41	1	2	102	1	60	0.000111961
SRR11032723.20531	24779	237	160	13256	83	83	39	2	3	122	1	60	0.000158561
SRR11032723.20711	27717	293	198	102252	93	93	47	1	2	136	1	60	0.000147041
SRR11032723.20845	24470	250	169	153808	87	87	55	1	2	114	1	60	0.000131521
SRR11032723.21009	20589	234	158	73087	22	22	31	0	0	0	0	-1	0.000089800
SRR11032723.21092	24353	258	175	75820	42	42	38	0	0	0	0	-1	0.000101641
SRR11032723.21239	26245	234	158	49390	76	76	59	1	0	0	0	-1	0.000131161
SRR11032723.21311	22451	223	151	15300	8	8	11	0	0	0	0	-1	0.000084080
SRR11032723.21453	21603	203	138	2927	63	63	31	1	2	96	1	60	0.000114960
SRR11032723.21617	26545	262	177	127695	108	108	67	1	2	134	1	60	0.000144881
SRR11032723.21808	21654	223	151	192454	109	109	91	1	2	112	1	60	0.000133561
SRR11032723.21956	21632	219	148	3692	74	74	31	2	3	114	1	60	0.000136920
SRR11032723.22150	21132	214	145	54456	59	59	51	0	0	0	0	-1	0.000093440
SRR11032723.22242	25360	231	156	12083	89	89	35	1	2	126	1	60	0.000127241
SRR11032723.22403	26916	288	195	35126	113	113	49	1	2	154	1	60	0.000167121
SRR11032723.22539	25903	251	170	76047	73	73	63	0	0	0	0	-1	0.000113400
SRR11032723.22618	23162	234	158	49816	88	88	71	1	0	0	0	-1	0.000125161
SRR11032723.22821	20473	218	148	76939	70	70	27	1	2	99	1	60	0.000119840
SRR11032723.22965	20651	214	145	16381	28	28	19	0	0	0	0	-1	0.000081800
SRR11032723.23050	25051	258	175	10587	83	83	65	1	0	0	0	-1	0.000128881
SRR11032723.23158	21451	218	148	43672	80	80	61	1	2	97	1	60	0.000130281
SRR11032723.23308	20530	225	152	76946	54	54	45	0	0	0	0	-1	0.000094401
SRR11032723.23444	22772	232	157	1508	0	0	0	0	0	0	0	-1	0.000084160
SRR11032723.23578	23609	207	140	122	0	0	0	0	0	0	0	-1	0.000082120
SRR11032723.23692	27086	308	208	572	52	52	39	0	0	0	0	-1	0.000115880
SRR11032723.23755	21408	210	142	55118	68	68	33	1	2	104	1	60	0.000112921
SRR11032723.23932	26480	231	156	82052	85	85	49	2	3	115	1	60	0.000139121
SRR11032723.24033	24992	253	171	64026	49	49	45	0	0	0	0	-1	0.000106640
SRR11032723.24158	22156	229	155	110985	74	74	33	1	2	113	1	60	0.000124401
SRR11032723.24294	22093	219	148	79743	113	113	67	2	3	125	1	60	0.000158001
SRR11032723.24398	26812	250	169	39869	75	75	51	0	0	0	0	-1	0.000114280
SRR11032723.24575	26121	275	186	136802	90	90	25	1	2	150	1	60	0.000137881
SRR11032723.24704	22960	253	171	122117	108	108	65	2	3	131	1	60	0.000168120
SRR11032723.24914	21242	211	143	27721	71	71	33	1	2	101	1	60	0.000118600
SRR11032723.25091	23304	225	152	25811	0	0	0	0	0	0	0	-1	0.000084880
SRR11032723.25244	21111	155	105	68585	36	36	70	0	0	0	0	-1	0.000078640
SRR11032723.25465	27558	287	194	16647	81	81	61	0	0	0	0	-1	0.000130600
SRR11032723.25749	24321	234	158	16659	107	107	69	1	2	120	1	60	0.000131800
SRR11032723.25859	22713	215	146	35611	95	95	79	1	2	89	1	60	0.000129080
SRR11032723.25955	25601	264	179	52868	47	47	71	0	0	0	0	-1	0.000263240
SRR11032723.26038	25283	249	169	12194	0	0	0	0	0	0	0	-1	0.000093320
SRR11032723.26150	26683	269	182	617	46	46	49	0	0	0	0	-1	0.000111120
SRR11032723.26271	23427	238	161	187088	104	104	79	1	2	125	1	60	0.000133800
SRR11032723.26380	21197	195	132	91156	39	39	37	0	0	0	0	-1	0.000085280
SRR11032723.26646	24891	262	177	142847	99	99	53	1	2	134	1	60	0.000177080
SRR11032723.26737	22230	211	143	37573	72	72	37	1	2	96	1	60	0.000125481
SRR11032723.26842	21383	241	163	91425	89	89	51	1	2	122	1	60	0.000125601
SRR11032723.27055	25753	257	174	38805	114	114	85	1	2	141	1	60	0.000147760
SRR11032723.27178	24264	246	167	105749	96	96	51	1	2	125	1	60	0.000127160
SRR11032723.27260	22786	218	148	33456	109	109	79	1	2	120	1	60	0.000148560
SRR11032723.27356	23272	193	131	4132	78	78	76	1	0	0	0	-1	0.000113240
SRR11032723.27510	21317	207	140	154729	86	86	51	1	2	107	1	60	0.000117960
SRR11032723.27644	25556	250	169	95282	91	91	65	1	0	0	0	-1	0.000138560
SRR11032723.27781	25613	272	184	149114	102	102	81	2	3	115	1	60	0.000158400
SRR11032723.27923	22427	268	181	493	27	27	51	0	0	0	0	-1	0.000177441
SRR11032723.28050	26264	272	184	13252	123	123	102	2	3	128	1	60	0.000158200
SRR11032723.28133	25091	278	188	96472	88	88	53	1	2	129	1	60	0.000139800
SRR11032723.28301	22572	213	144	362	6	6	12	0	0	0	0	-1	0.000089201
SRR11032723.28382	24172	242	164	125350	110	110	49	1	2	147	1	60	0.000130401
SRR11032723.28500	22271	223	151	142212	112	112	69	2	3	136	1	60	0.000156200
SRR11032723.28592	24950	251	170	5684	67	67	35	1	2	111	1	60	0.000127480
SRR11032723.28736	24337	271	183	6728	118	118	71	2	3	143	1	60	0.000152600
SRR11032723.28869	22102	222	150	29459	95	95	71	1	2	106	1	60	0.000129840
SRR11032723.29003	23702	264	179	66946	67	67	57	0	0	0	0	-1	0.000110040
SRR11032723.29106	22880	244	165	69559	49	49	57	0	0	0	0	-1	0.000100400
SRR11032723.29252	21798	197	133	9171	111	111	72	2	3	108	1	60	0.000147320
SRR11032723.29461	20961	196	133	1323	64	64	39	2	3	91	1	60	0.000127120
SRR11032723.29589	24453	273	185	41734	64	64	49	0	0	0	0	-1	0.000108960
SRR11032723.29685	20426	190	129	8595	50	50	31	1	2	78	1	60	0.000108000
SRR11032723.29791	20971	185	125	34806	74	74	52	2	4	88	1	60	0.000121760
SRR11032723.29894	23591	237	160	78	0	0	0	0	0	0	0	-1	0.000086680
SRR11032723.29984	21267	226	153	75774	54	54	35	0	0	0	0	-1	0.000095001
SRR11032723.30114	23305	216	146	18445	15	15	18	0	0	0	0	-1	0.000099560
SRR11032723.30185	22510	229	155	79127	90	90	37	1	2	123	1	60	0.000120000
SRR11032723.30306	20457	196	133	20194	89	89	47	1	2	113	1	60	0.000115400
SRR11032723.30471	21828	186	126	55158	58	58	33	1	2	77	1	60	0.000108840
SRR11032723.30627	24024	242	164	33536	103	103	63	2	3	120	1	60	0.000143961
SRR11032723.30700	25545	271	183	46631	98	98	76	1	2	124	1	60	0.000142241
SRR11032723.30836	24069	219	148	74397	56	56	51	0	0	0	0	-1	0.000102881
SRR11032723.30938	25295	246	167	88154	65	65	47	0	0	0	0	-1	0.000111721
SRR11032723.31059	21728	229	155	10799	23	23	33	0	0	0	0	-1	0.000090680
SRR11032723.31152	27397	283	192	95653	70	70	63	0	0	0	0	-1	0.000121200
SRR11032723.31319	23874	231	156	17244	68	68	53	1	2	96	1	60	0.000123001
SRR11032723.31472	20561	195	132	253	5	5	10	0	0	0	0	-1	0.000077800
SRR11032723.31589	21243	216	146	3469	20	20	27	0	0	0	0	-1	0.000083321
SRR11032723.31763	21198	196	133	271618	85	85	75	1	2	86	1	60	0.000133641
SRR11032723.31927	20822	222	150	116531	111	111	69	1	2	125	1	60	0.000130760
SRR11032723.32032	26473	263	178	1284	98	98	25	1	2	136	1	60	0.000136401
SRR11032723.32155	23791	226	153	98217	65	65	83	0	0	0	0	-1	0.000123000
SRR11032723.32319	22352	201	136	264273	220	220	311	1	2	117	1	60	0.000161960
SRR11032723.32423	24417	228	154	173410	77	77	73	0	0	0	0	-1	0.000114161
SRR11032723.32599	24745	253	171	156470	126	126	103	1	2	138	1	60	0.000152920
SRR11032723.32732	24186	251	170	3101	94	94	43	1	2	129	1	60	0.000132320
SRR11032723.32841	22973	219	148	10411	60	60	35	1	2	89	1	60	0.000126280
SRR11032723.32948	27880	292	198	10820	69	69	39	0	0	0	0	-1	0.000126320
SRR11032723.33057	25840	262	177	15265	133	133	55	1	2	173	1	60	0.000143240
SRR11032723.33192	23451	223	151	13991	58	58	21	1	2	97	1	60	0.000129960
SRR11032723.33395	22738	201	136	514	34	34	39	0	0	0	0	-1	0.000088200
SRR11032723.33534	22688	212	144	21407	82	82	41	1	2	104	1	60	0.000121400
SRR11032723.33709	25180	255	173	134304	105	105	85	2	3	120	1	60	0.000150320
SRR11032723.33822	26634	237	160	10591	54	54	45	0	0	0	0	-1	0.000108800
SRR11032723.33992	27341	283	192	136807	100	100	98	2	3	123	1	60	0.000172680
SRR11032723.34164	20373	196	133	105334	46	46	31	0	0	0	0	-1	0.000103840
SRR11032723.34324	23793	242	164	8042	71	71	35	1	2	102	1	60	0.000119801
SRR11032723.34409	24650	265	179	134168	58	58	51	0	0	0	0	-1	0.000109281
SRR11032723.34518	23459	231	156	235549	107	107	135	0	0	0	0	-1	0.000124280
SRR11032723.34601	20463	212	144	15754	40	40	27	0	0	0	0	-1	0.000086200
SRR11032754.83	22588	243	165	7467	66	66	37	1	2	114	1	60	0.000122440
SRR11032754.176	21342	207	140	265049	59	59	36	2	3	86	1	60	0.000130841
SRR11032754.363	21575	212	144	71724	40	40	23	0	0	0	0	-1	0.000088841
SRR11032754.436	23617	232	157	38803	51	51	19	1	2	102	1	60	0.000111081
SRR11032754.528	23279	257	174	273211	116	116	86	1	2	127	1	60	0.000139001
SRR11032754.754	24773	243	165	219965	79	79	25	1	2	120	1	60	0.000130160
SRR11032754.875	22131	219	148	242719	130	130	151	2	3	109	1	60	0.000168801
SRR11032754.963	26796	279	189	21307	122	122	107	1	2	133	1	60	0.000150640
SRR11032754.1116	22702	237	160	158321	26	26	37	0	0	0	0	-1	0.000092520
SRR11032754.1196	26178	281	190	5578	65	65	19	1	2	129	1	60	0.000149320
SRR11032754.1329	25754	237	160	160952	100	100	73	1	2	114	1	60	0.000134800
SRR11032754.1518	25005	279	189	39438	97	97	45	2	3	148	1	60	0.000150760
SRR11032754.1582	25254	244	165	74532	96	96	25	2	3	146	1	60	0.000139560
SRR11032754.1692	24638	232	157	5062	13	13	24	0	0	0	0	-1	0.000092960
SRR11032754.1769	27668	267	181	48325	127	127	105	2	3	128	1	60	0.000175041
SRR11032754.1890	27656	270	183	17595	82	82	61	1	2	112	1	60	0.000137681
SRR11032754.2041	21922	240	163	75859	94	94	75	1	2	109	1	60	0.000128840
SRR11032754.2121	26286	285	193	15358	107	107	58	2	4	135	1	60	0.000160560
SRR11032754.2175	27482	289	196	126705	91	91	41	2	3	137	1	60	0.000155520
SRR11032754.2235	26369	267	181	29156	99	99	79	1	2	114	1	60	0.000149120
SRR11032754.2386	24739	254	172	967	1	1	2	0	0	0	0	-1	0.000095841
SRR11032754.2551	22199	217	147	114	0	0	0	0	0	0	0	-1	0.000079320
SRR11032754.2712	22838	229	155	1187	64	64	25	2	3	103	1	60	0.000122081
SRR11032754.2816	25171	247	167	107758	102	102	65	1	2	126	1	60	0.000135041
SRR11032754.2914	23655	249	169	36072	101	101	25	2	3	148	1	60	0.000146521
SRR11032754.3024	25750	238	161	138458	79	79	41	2	3	110	1	60	0.000139121
SRR11032754.3080	23239	205	139	418	82	82	57	1	0	0	0	-1	0.000120601
SRR11032754.3142	21488	212	144	128	0	0	0	0	0	0	0	-1	0.000079721
SRR11032754.3272	20708	210	142	52736	84	84	34	2	3	113	1	60	0.000137681
SRR11032754.3388	23550	240	163	262687	131	131	139	2	3	123	1	60	0.000160761
SRR11032754.3508	27132	265	179	139311	48	48	46	0	0	0	0	-1	0.000110641
SRR11032754.3679	20490	191	129	73496	26469	26469	1115	5	3	96	1	0	0.000363201
SRR11032754.3853	27554	273	185	95522	947	947	630	0	0	0	0	-1	0.000158960
SRR11032754.3927	24466	197	133	92208	3973	3973	879	0	0	0	0	-1	0.000158240
SRR11032754.4105	20889	218	148	89914	235	235	341	0	0	0	0	-1	0.000117880
SRR11032754.4188	26393	280	190	51436	26	26	52	0	0	0	0	-1	0.000106401
SRR11032754.4303	25317	249	169	12881	0	0	0	0	0	0	0	-1	0.000095561
SRR11032754.4471	27217	306	207	14968	814	814	135	7	8	134	1	0	0.000273001
SRR11032754.4566	22532	207	140	170502	85	85	42	1	2	116	1	60	0.000117961
SRR11032754.4722	24966	269	182	50969	92	92	47	1	2	125	1	60	0.000154440
SRR11032754.4835	20903	215	146	40492	56	56	28	2	4	93	1	60	0.000133760
SRR11032754.4943	20057	196	133	132034	118	118	101	1	2	116	1	60	0.000119081
SRR11032754.5038	20768	209	142	2024	89	89	69	1	2	105	1	60	0.000118280
SRR11032754.5187	22100	201	136	97745	34	34	27	0	0	0	0	-1	0.000085840
SRR11032754.5391	20418	179	121	75510	90	90	85	1	2	77	1	60	0.000111480
SRR11032754.5577	23633	225	152	112256	80	80	21	2	3	125	1	60	0.000130320
SRR11032754.5720	20847	199	135	35759	74	74	27	1	2	111	1	60	0.000114600
SRR11032754.5866	26217	239	162	38517	116	116	74	2	3	119	1	60	0.000171640
SRR11032754.5970	25267	248	168	78069	128	128	97	1	2	138	1	60	0.000142600
SRR11032754.6020	21868	227	154	222389	272	272	404	2	4	130	1	60	0.000226441
SRR11032754.6200	20653	203	138	577	1	1	2	0	0	0	0	-1	0.000077320
SRR11032754.6294	25701	257	174	103459	125	125	55	1	2	163	1	60	0.000138920
SRR11032754.6439	23549	240	163	5941	6	6	5	0	0	0	0	-1	0.000089880
SRR11032754.6595	26556	277	187	69011	87	87	47	1	2	134	1	60	0.000136840
SRR11032754.6699	20822	192	130	2702	0	0	0	0	0	0	0	-1	0.000072920
SRR11032754.6832	27134	273	185	24802	99	99	29	1	2	155	1	60	0.000139360
SRR11032754.6895	24676	237	160	53540	6	6	12	0	0	0	0	-1	0.000092520
SRR11032754.7050	26243	244	165	197344	64	64	87	0	0	0	0	-1	0.000106560
SRR11032754.7116	24583	256	173	159849	99	99	53	1	2	135	1	60	0.000132600
SRR11032754.7229	21053	243	165	351	36	36	47	0	0	0	0	-1	0.000092840
SRR11032754.7376	21471	228	154	101334	69	69	33	1	2	109	1	60	0.000115840
SRR11032754.7452	22789	224	152	1508	61	61	37	0	0	0	0	-1	0.000099840
SRR11032754.7588	25775	225	152	171107	44	44	31	0	0	0	0	-1	0.000099280
SRR11032754.7655	26480	270	183	156336	87	87	53	1	2	119	1	60	0.000139680
SRR11032754.7785	25845	264	179	5158	85	85	67	0	0	0	0	-1	0.000123240
SRR11032754.7885	26598	277	187	7275	108	108	50	2	3	156	1	60	0.000159960
SRR11032754.7979	27252	253	171	14078	126	126	81	1	2	148	1	60	0.000139400
SRR11032754.8087	22889	204	138	157750	58	58	25	1	2	87	1	60	0.000114240
SRR11032754.8184	20953	182	123	49210	99	99	60	1	2	92	1	60	0.000114280
SRR11032754.8362	24967	233	158	4797	59	59	30	2	3	96	1	60	0.000131281
SRR11032754.8428	27796	280	190	646	69	69	29	1	2	125	1	60	0.000135761
SRR11032754.8541	20359	185	125	198532	59	59	35	2	3	93	1	60	0.000119000
SRR11032754.8617	22323	237	160	517	12	12	19	0	0	0	0	-1	0.000089760
SRR11032754.8710	22327	233	158	142699	80	80	27	1	2	122	1	60	0.000120000
SRR11032754.8821	24974	253	171	110374	85	85	41	1	2	123	1	60	0.000129640
SRR11032754.8907	20818	186	126	128610	89	89	87	1	2	86	1	60	0.000116120
SRR11032754.9019	21677	221	150	247190	108	108	102	2	3	109	1	60	0.000161961
SRR11032754.9114	21077	215	146	86098	84	84	55	1	2	92	1	60	0.000123760
SRR11032754.9255	23296	230	156	138902	100	100	35	1	2	129	1	60	0.000123921
SRR11032754.9378	26601	254	172	41610	113	113	94	2	3	112	1	60	0.000157921
SRR11032754.9457	26798	278	188	22473	30	30	47	0	0	0	0	-1	0.000109840
SRR11032754.9616	23882	224	152	48680	113	113	67	1	2	129	1	60	0.000149120
SRR11032754.9680	21150	243	165	69530	99	99	27	1	2	147	1	60	0.000119401
SRR11032754.9815	27630	267	181	44855	95	95	69	1	0	0	0	-1	0.000164441
SRR11032754.9951	27601	277	187	151471	80	80	35	1	2	128	1	60	0.000127600
SRR11032754.10021	20938	192	130	91245	21	21	24	0	0	0	0	-1	0.000082480
SRR11032754.10137	26767	272	184	93394	130	130	78	2	3	147	1	60	0.000164560
SRR11032754.10233	25020	267	181	160566	140	140	97	1	2	148	1	60	0.000153641
SRR11032754.10306	26510	250	169	112953	67	67	61	0	0	0	0	-1	0.000112121
SRR11032754.10433	25305	234	158	6053	66	66	41	0	0	0	0	-1	0.000118201
SRR11032754.10572	26171	253	171	84297	928	928	411	2	3	161	1	0	0.000237040
SRR11032754.10659	21316	230	156	44719	744	744	458	0	0	0	0	-1	0.000139801
SRR11032754.10803	20612	196	133	112448	49	49	61	0	0	0	0	-1	0.000090440
SRR11032754.10849	27079	267	181	19857	69	69	103	0	0	0	0	-1	0.000116841
SRR11032754.10965	24142	230	156	47821	46	46	43	0	0	0	0	-1	0.000098201
SRR11032754.11101	20878	195	132	17927	58	58	19	2	3	94	1	60	0.000115320
SRR11032754.11251	20103	196	133	88215	75	75	35	1	2	107	1	60	0.000106480
SRR11032754.11408	20583	184	125	111670	107	107	69	1	2	110	1	60	0.000113041
SRR11032754.11473	25689	265	179	136692	122	122	35	1	2	170	1	60	0.000142160
SRR11032754.11592	21804	226	153	184602	91	91	35	1	2	112	1	60	0.000126360
SRR11032754.11700	25203	243	165	6614	38	38	45	0	0	0	0	-1	0.000098760
SRR11032754.11767	24376	259	175	91316	21	21	37	0	0	0	0	-1	0.000109121
SRR11032754.11888	26634	278	188	91869	160	160	104	2	2	155	1	60	0.000175961
SRR11032754.11978	24199	253	171	159365	112	112	87	1	2	130	1	60	0.000146761
SRR11032754.12192	23307	244	165	4928	70	70	71	0	0	0	0	-1	0.000116721
SRR11032754.12275	21495	205	139	16496	34	34	33	0	0	0	0	-1	0.000084161
SRR11032754.12353	25410	258	175	13491	69	69	53	0	0	0	0	-1	0.000113280
SRR11032754.12583	20020	196	133	86052	80	80	43	1	2	99	1	60	0.000128401
SRR11032754.12709	20778	188	127	191	11	11	13	0	0	0	0	-1	0.000078480
SRR11032754.12786	20253	215	146	136124	70	70	35	1	2	105	1	60	0.000117841
SRR11032754.12892	22275	232	157	29969	16	16	29	0	0	0	0	-1	0.000090000
SRR11032754.12992	25501	260	176	149601	73	73	57	0	0	0	0	-1	0.000115160
SRR11032754.13049	26323	238	161	51907	101	101	51	1	2	123	1	60	0.000132881
SRR11032754.13172	25010	233	158	561	15	15	25	0	0	0	0	-1	0.000095960
SRR11032754.13243	22812	234	158	68376	65	65	49	0	0	0	0	-1	0.000104720
SRR11032754.13347	27389	273	185	997	1	1	2	0	0	0	0	-1	0.000102760
SRR11032754.13513	20610	216	146	415	61	61	45	1	2	90	1	60	0.000115560
SRR11032754.13611	23543	219	148	81865	69	69	33	1	2	106	1	60	0.000123960
SRR11032754.13729	20453	216	146	12534	103	103	69	1	2	121	1	60	0.000128601
SRR11032754.13879	24183	250	169	75598	91	91	35	2	3	136	1	60	0.000144080
SRR11032754.13963	27255	277	187	17085	146	146	91	1	2	160	1	60	0.000193720
SRR11032754.14065	24769	239	162	82647	59	59	55	0	0	0	0	-1	0.000107920
SRR11032754.14158	26722	267	181	75415	86	86	72	2	3	108	1	60	0.000209241
SRR11032754.14273	24032	250	169	225805	109	109	107	1	2	113	1	60	0.000140801
SRR11032754.14407	23591	235	159	82765	90	90	51	1	2	119	1	60	0.000124920
SRR11032754.14581	23964	224	152	5101	123	123	81	1	2	131	1	60	0.000137000
SRR11032754.14658	25810	266	180	149679	143	143	79	1	2	166	1	60	0.000149720
SRR11032754.14741	23845	243	165	95910	58	58	29	1	0	0	0	-1	0.000120680
SRR11032754.14822	23163	228	154	229608	82	82	63	1	2	112	1	60	0.000124360
SRR11032754.14929	24871	253	171	66343	46	46	21	0	0	0	0	-1	0.000104080
SRR11032754.15021	24249	253	171	29555	41	41	45	0	0	0	0	-1	0.000103000
SRR11032754.15112	20613	221	150	123442	118	118	103	1	2	107	1	60	0.000135840
SRR11032754.15208	25078	236	160	186847	78	78	45	1	2	102	1	60	0.000131800
SRR11032754.15363	25832	262	177	150824	90	90	33	1	2	133	1	60	0.000138481
SRR11032754.15444	21198	233	158	76542	54	54	21	1	2	95	1	60	0.000113840
SRR11032754.15552	25922	284	192	32746	118	118	33	1	2	170	1	60	0.000142400
SRR11032754.15687	27849	260	176	127838	104	104	49	1	2	123	1	60	0.000149600
SRR11032754.15777	23217	225	152	15030	86	86	37	2	3	119	1	60	0.000133201
SRR11032754.15894	22362	218	148	76743	104	104	21	1	2	145	1	60	0.000142160
SRR11032754.16012	21113	225	152	184465	87	87	49	1	2	122	1	60	0.000130081
SRR11032754.16131	23300	228	154	987	60	60	35	0	0	0	0	-1	0.000105120
SRR11032754.16235	22668	237	160	9444	78	78	13	1	2	125	1	60	0.000119281
SRR11032754.16349	20080	202	137	38452	39	39	29	0	0	0	0	-1	0.000081841
SRR11032754.16435	25402	246	167	81767	82	82	41	1	2	117	1	60	0.000128121
SRR11032754.16549	26869	268	181	52363	78	78	45	1	2	116	1	60	0.000155120
SRR11032754.16629	20688	219	148	8723	95	95	41	1	2	124	1	60	0.000117080
SRR11032754.16739	27501	301	204	130111	143	143	103	1	2	167	1	60	0.000161681
SRR11032754.16807	24819	240	163	47259	37	37	45	0	0	0	0	-1	0.000099001
SRR11032754.16970	24047	231	156	170902	68	68	25	1	2	111	1	60	0.000120840
SRR11032754.17076	27851	262	177	56481	46	46	68	0	0	0	0	-1	0.000112360
SRR11032754.17235	20644	193	131	114400	60	60	79	0	0	0	0	-1	0.000091080
SRR11032754.17330	26604	259	175	98757	92	92	31	2	3	148	1	60	0.000146920
SRR11032754.17444	20537	207	140	38638	48	48	43	0	0	0	0	-1	0.000090040
SRR11032754.17572	27907	306	207	146468	101	101	67	1	2	138	1	60	0.000156720
SRR11032754.17654	23185	223	151	2107	90	90	29	1	2	122	1	60	0.000128400
SRR11032754.17762	25678	257	174	71452	70	70	47	0	0	0	0	-1	0.000112840
SRR11032754.17936	23385	241	163	127717	73	73	45	1	2	99	1	60	0.000125600
SRR11032754.18074	20096	190	129	30866	93	93	65	1	2	102	1	60	0.000113440
SRR11032754.18229	21248	205	139	1385	92	92	55	1	2	111	1	60	0.000129120
SRR11032754.18330	26959	257	174	87016	108	108	132	0	0	0	0	-1	0.000128440
SRR11032754.18416	20965	245	166	44988	5079	5079	600	13	4	119	1	0	0.000380361
SRR11032754.18565	24225	228	154	79659	37	37	29	0	0	0	0	-1	0.000097800
SRR11032754.18704	22551	249	169	86660	76	76	87	0	0	0	0	-1	0.000109681
SRR11032754.18785	23763	239	162	173383	88	88	33	1	2	130	1	60	0.000124320
SRR11032754.18876	21727	247	167	43416	112	112	73	1	2	139	1	60	0.000133280
SRR11032754.19017	21507	242	164	111323	122	122	75	1	2	146	1	60	0.000133880
SRR11032754.19162	20899	216	146	26415	98	98	79	1	2	112	1	60	0.000118281
SRR11032754.19246	24081	257	174	110042	112	112	41	1	2	153	1	60	0.000132120
SRR11032754.19333	20743	214	145	153016	102	102	75	1	2	119	1	60	0.000128081
SRR11032754.19465	27337	287	194	18330	68	68	39	0	0	0	0	-1	0.000121601
SRR11032754.19593	21954	227	154	97241	86	86	49	1	2	115	1	60	0.000131920
SRR11032754.19633	21442	210	142	106815	94	94	33	2	2	134	1	60	0.000135600
SRR11032754.19732	20388	223	151	103884	68	68	33	1	2	100	1	60	0.000117400
SRR11032754.19816	23261	254	172	117944	85	85	35	1	2	129	1	60	0.000127160
SRR11032754.19917	21841	212	144	141695	38	38	35	0	0	0	0	-1	0.000087881
SRR11032754.20075	25177	265	179	102335	101	101	39	1	2	141	1	60	0.000136360
SRR11032754.20216	21144	200	136	49021	103	103	39	1	2	119	1	60	0.000121160
SRR11032754.20331	21576	203	138	87370	57	57	43	0	0	0	0	-1	0.000092720
SRR11032754.20492	26575	234	158	69667	107	107	41	1	2	133	1	60	0.000134680
SRR11032754.20605	22181	232	157	386	25	25	31	0	0	0	0	-1	0.000093120
SRR11032754.20804	27783	319	216	128114	140	140	87	1	2	173	1	60	0.000172241
SRR11032754.20867	22006	204	138	38517	72	72	41	1	0	0	0	-1	0.000117880
SRR11032754.20970	22687	231	156	189	0	0	0	0	0	0	0	-1	0.000087760
SRR11032754.21068	26076	258	175	33789	100	100	62	2	3	124	1	60	0.000155600
SRR11032754.21154	22565	218	148	104539	79	79	37	2	3	92	1	60	0.000174000
SRR11032754.21311	21437	180	122	9573	65	65	21	1	2	88	1	60	0.000100240
SRR11032754.21399	20143	193	131	143624	96	96	65	1	2	107	1	60	0.000111680
SRR11032754.21510	20414	203	138	55801	66	66	39	2	3	99	1	60	0.000127800
SRR11032754.21676	24615	246	167	8113	101	101	33	2	3	136	1	60	0.000140081
SRR11032754.21775	20104	199	135	148467	57	57	29	1	2	82	1	60	0.000108920
SRR11032754.21886	24507	277	187	71036	0	0	0	0	0	0	0	-1	0.000098120
SRR11032754.22067	26594	255	173	154402	75	75	75	0	0	0	0	-1	0.000129200
SRR11032754.22185	20796	217	147	382	15	15	13	0	0	0	0	-1	0.000081280
SRR11032754.22287	25953	275	186	87185	67	67	43	0	0	0	0	-1	0.000142000
SRR11032754.22409	24623	258	175	9840	118	118	47	1	2	151	1	60	0.000137760
SRR11032754.22530	20086	208	141	1669	71	71	31	1	2	97	1	60	0.000115040
SRR11032754.22707	20365	208	141	56593	70	70	57	1	2	84	1	60	0.000133040
SRR11032754.22820	27853	303	205	29748	100	100	67	2	3	124	1	60	0.000175481
SRR11032754.22887	24866	246	167	6696	73	73	59	0	0	0	0	-1	0.000116120
SRR11032754.23017	25753	262	177	3534	22	22	28	0	0	0	0	-1	0.000099481
SRR11032754.23095	23854	202	137	258806	77	77	63	1	2	93	1	60	0.000138960
SRR11032754.23215	27538	258	175	117142	127	127	85	1	2	149	1	60	0.000151920
SRR11032754.23300	23292	246	167	30798	86	86	55	1	2	114	1	60	0.000133000
SRR11032754.23425	25728	237	160	105063	1429	1429	1049	2	2	103	1	60	0.000264841
SRR11032754.23518	26262	218	148	119357	6608	6608	1650	8	0	0	0	-1	0.000548001
SRR11032754.23660	27421	201	136	60932	782	782	643	0	0	0	0	-1	0.000153921
SRR11032754.23741	21727	195	132	76796	88	88	79	2	2	85	1	60	0.000131040
SRR11032754.23881	25568	230	156	21581	14	14	21	0	0	0	0	-1	0.000096560
SRR11032754.23957	26412	285	193	45766	151	151	97	2	3	176	1	60	0.000174881
SRR11032754.24108	20662	217	147	117940	143	143	125	1	2	124	1	60	0.000140280
SRR11032754.24253	22525	210	142	100483	61	61	56	0	0	0	0	-1	0.000098080
SRR11032754.24416	27514	247	167	149464	138	138	77	1	2	160	1	60	0.000157960
SRR11032754.24513	25143	242	164	178636	140	140	137	2	3	129	1	60	0.000158960
SRR11032754.24622	27706	287	194	45959	110	110	41	1	2	164	1	60	0.000146200
SRR11032754.24790	27880	252	171	136622	72	72	49	1	0	0	0	-1	0.000141120
SRR11032754.24875	24163	222	150	52397	87	87	51	1	2	106	1	60	0.000132440
SRR11032754.25018	25979	277	187	1016	122	122	61	1	2	157	1	60	0.000144160
SRR11032754.25169	23327	232	157	32403	109	109	59	1	2	138	1	60	0.000131040
SRR11032754.25267	20545	173	117	223	18	18	29	0	0	0	0	-1	0.000075600
SRR11032754.25362	21661	240	163	508	73	73	37	1	2	113	1	60	0.000174361
SRR11032754.25460	23922	244	165	1328	114	114	57	1	2	145	1	60	0.000130880
SRR11032754.25583	20930	191	129	114351	51	51	55	0	0	0	0	-1	0.000088240
SRR11032754.25671	24358	256	173	87894	111	111	51	1	2	146	1	60	0.000135640
SRR11032754.25767	27442	281	190	79667	71	71	47	0	0	0	0	-1	0.000121521
SRR11032754.25874	23233	236	160	511	44	44	71	0	0	0	0	-1	0.000101441
SRR11032754.25964	23936	234	158	125393	83	83	49	2	3	124	1	60	0.000141601
SRR11032754.26084	27868	263	178	122120	127	127	85	1	2	150	1	60	0.000150761
SRR11032754.26184	23496	272	184	175122	112	112	89	1	2	119	1	60	0.000141161
SRR11032754.26320	24740	224	152	35076	85	85	55	2	3	104	1	60	0.000164880
SRR11032754.26424	26630	292	198	2542	122	122	83	1	2	143	1	60	0.000148720
SRR11032754.26552	23902	235	159	70389	113	113	65	1	2	142	1	60	0.000133560
SRR11032754.26589	21782	231	156	13075	108	108	77	2	3	118	1	60	0.000140440
SRR11032754.26711	23353	210	142	145082	71	71	33	1	2	95	1	60	0.000120881
SRR11032754.26873	22367	224	152	747	12	12	18	0	0	0	0	-1	0.000086001
SRR11032754.27013	20927	204	138	74238	75	75	31	1	2	106	1	60	0.000110361
SRR11032754.27124	26142	242	164	70049	90	90	36	0	0	0	0	-1	0.000116721
SRR11032754.27283	25989	266	180	79878	95	95	61	1	2	109	1	60	0.000135961
SRR11032754.27470	21170	190	129	48983	83	83	63	2	3	80	1	60	0.000123360
SRR11032754.27587	22624	240	163	228887	107	107	97	1	2	109	1	60	0.000154120
SRR11032754.27672	21447	220	149	121217	70	70	51	2	3	90	1	60	0.000144680
SRR11032754.27909	24231	260	176	15720	51	51	55	0	0	0	0	-1	0.000102800
SRR11032754.28046	20787	235	159	82216	14	14	19	0	0	0	0	-1	0.000086280
SRR11032754.28104	26387	254	172	29164	78	78	50	2	3	107	1	60	0.000146680
SRR11032754.28204	23545	231	156	87545	83	83	45	2	3	115	1	60	0.000138760
SRR11032754.28339	27919	284	192	41323	101	101	51	1	2	148	1	60	0.000151401
SRR11032754.28421	24381	229	155	145958	76	76	33	1	2	121	1	60	0.000123800
SRR11032754.28531	24701	234	158	92610	76	76	37	1	2	112	1	60	0.000126241
SRR11032754.28677	22925	208	141	119764	102	102	47	1	2	122	1	60	0.000123480
SRR11032754.28784	24143	223	151	689	28	28	19	0	0	0	0	-1	0.000097240
SRR11032754.28854	21348	243	165	30465	75	75	49	0	0	0	0	-1	0.000108361
SRR11032754.28990	24519	236	160	42233	99	99	65	1	2	126	1	60	0.000131000
SRR11032754.29100	24428	232	157	35392	130	130	108	2	3	109	1	60	0.000157240
SRR11032754.29173	25422	236	160	50882	101	101	67	2	3	122	1	60	0.000144121
SRR11032754.29269	22337	208	141	46765	84	84	101	0	0	0	0	-1	0.000105320
SRR11032754.29413	20185	204	138	23687	96	96	53	1	2	117	1	60	0.000117680
SRR11032754.29486	20495	199	135	31395	42	42	27	0	0	0	0	-1	0.000082400
SRR11032754.29654	24266	251	170	163219	88	88	63	1	2	111	1	60	0.000132041
SRR11032754.29713	27610	282	191	191149	157	157	125	1	2	157	1	60	0.000170520
SRR11032754.29874	26199	260	176	86111	99	99	43	1	2	137	1	60	0.000138680
SRR11032754.30017	21210	224	152	33623	96	96	69	1	2	120	1	60	0.000128640
SRR11032754.30106	22004	187	127	24899	53	53	15	2	3	85	1	60	0.000115120
SRR11032754.30201	20022	199	135	33199	64	64	23	1	2	103	1	60	0.000108041
SRR11032754.30279	22477	221	150	156728	118	118	105	1	2	124	1	60	0.000146441
SRR11032754.30380	20193	210	142	199211	104	104	77	1	2	121	1	60	0.000130681
SRR11032754.30559	23470	253	171	276	62	62	51	0	0	0	0	-1	0.000106841
SRR11032754.30715	25333	236	160	41041	81	81	45	1	2	113	1	60	0.000124760
SRR11032754.30840	25389	243	165	186159	114	114	77	1	2	126	1	60	0.000140961
SRR11032754.30934	23409	249	169	230724	78	78	71	0	0	0	0	-1	0.000116281
SRR11032754.31093	25527	251	170	12263	70	70	49	0	0	0	0	-1	0.000114001
SRR11032754.31172	20742	206	140	452	3	3	6	0	0	0	0	-1	0.000090640
SRR11032754.31317	22682	227	154	46360	103	103	71	1	2	124	1	60	0.000131360
SRR11032754.31458	27113	274	185	49116	107	107	55	1	2	142	1	60	0.000147480
SRR11032754.31584	21154	213	144	68913	85	85	29	1	2	125	1	60	0.000134560
SRR11032754.31697	26888	260	176	80928	105	105	89	2	3	125	1	60	0.000156120
SRR11032754.31830	20771	223	151	74491	113	113	61	1	2	142	1	60	0.000141441
SRR11032754.31891	27947	279	189	53586	73	73	77	0	0	0	0	-1	0.000123080
SRR11032754.32092	21156	210	142	22929	117	117	95	1	2	124	1	60	0.000136240
SRR11032754.32255	27857	261	177	114721	126	126	75	1	2	142	1	60	0.000150160
SRR11032754.32350	22044	210	142	89484	53	53	81	0	0	0	0	-1	0.000093520
SRR11032754.32548	26559	248	168	74214	97	97	35	1	2	137	1	60	0.000131241
SRR11032754.32697	24091	255	173	189288	153	153	170	2	3	125	1	60	0.000173201
SRR11032754.32813	20876	232	157	110997	93	93	73	1	2	102	1	60	0.000131400
SRR11032754.32964	20636	177	120	41108	20	20	35	0	0	0	0	-1	0.000079880
SRR11032754.33096	27983	278	188	115787	64	64	37	0	0	0	0	-1	0.000116800
SRR11032754.33226	24560	275	186	101896	113	113	61	1	2	149	1	60	0.000141720
SRR11032754.33336	22197	235	159	236	30	30	23	0	0	0	0	-1	0.000106600
SRR11032754.33453	23942	262	177	85110	102	102	25	1	2	154	1	60	0.000130400
SRR11032754.33568	27923	268	181	125376	92	92	45	1	2	136	1	60	0.000142841
SRR11032754.33664	21105	219	148	49011	92	92	85	1	2	98	1	60	0.000132200
SRR11032754.33764	22382	243	165	100035	107	107	47	1	2	145	1	60	0.000129360
SRR11032754.33894	20100	214	145	68763	21	21	21	0	0	0	0	-1	0.000085760
SRR11032754.33997	26254	263	178	69940	79	79	40	2	3	118	1	60	0.000147560
SRR11032754.34150	27705	261	177	116056	87	87	33	1	2	135	1	60	0.000138200
SRR11032754.34282	25084	250	169	15956	70	70	15	1	2	129	1	60	0.000126641
SRR11032754.34409	23175	232	157	11088	44	44	43	0	0	0	0	-1	0.000097001
SRR11032754.34539	20113	214	145	199898	60	60	37	1	2	86	1	60	0.000117560
SRR11032754.34666	26669	268	181	185155	49	49	59	0	0	0	0	-1	0.000110960
SRR11032754.34761	22452	241	163	108168	120	120	121	1	2	122	1	60	0.000161000
SRR11032754.34858	20425	203	138	209892	147	147	159	1	2	110	1	60	0.000136600
SRR11032754.34940	27133	251	170	735	7	7	14	0	0	0	0	-1	0.000100840
SRR11032754.34999	20202	202	137	63171	42	42	41	0	0	0	0	-1	0.000092360
SRR11032754.35061	23675	217	147	105385	96	96	55	1	2	112	1	60	0.000128921
SRR11032754.35198	20261	189	128	103966	71	71	23	1	2	109	1	60	0.000106881
SRR11032754.35253	25138	258	175	54893	9	9	15	0	0	0	0	-1	0.000099120
SRR11032754.35364	21613	196	133	102211	94	94	53	1	2	111	1	60	0.000116281
SRR11032754.35486	25575	256	173	277963	143	143	95	1	2	163	1	60	0.000156680
SRR11032754.35559	20855	213	144	117020	78	78	29	1	2	106	1	60	0.000119321
SRR11032754.35657	23674	234	158	71944	61	61	41	0	0	0	0	-1	0.000103480
SRR11032754.35767	26220	289	196	75032	131	131	39	1	2	181	1	60	0.000167081
SRR11032754.35870	23632	217	147	91846	100	100	57	1	2	120	1	60	0.000133520
SRR11032754.35962	23021	247	167	83999	89	89	62	1	2	104	1	60	0.000129120
SRR11032754.36031	20570	213	144	55284	2786	2786	861	0	0	0	0	-1	0.000184081
SRR11032754.36196	21483	234	158	25494	125	125	91	1	2	140	1	60	0.000131440
SRR11032754.36263	21140	200	136	1844	16	16	32	0	0	0	0	-1	0.000082040
SRR11032754.36352	21133	228	154	188177	103	103	41	1	2	138	1	60	0.000120360
SRR11032754.36478	22521	224	152	3900	92	92	49	1	2	125	1	60	0.000125721
SRR11032754.36649	22032	204	138	8631	79	79	49	1	2	100	1	60	0.000117080
SRR11032754.36752	21004	207	140	39443	71	71	45	1	2	96	1	60	0.000111960
SRR11032754.36829	25244	248	168	89478	86	86	41	1	2	123	1	60	0.000136520
SRR11032754.36938	25233	223	151	171969	131	131	153	2	3	108	1	60	0.000170880
SRR11032754.37007	23854	244	165	1561	7	7	14	0	0	0	0	-1	0.000091880
SRR11032754.37110	25429	245	166	96212	120	120	59	1	2	148	1	60	0.000134681
SRR11032754.37212	25553	240	163	38253	113	113	79	1	2	127	1	60	0.000138960
SRR11032754.37316	24191	224	152	35233	107	107	31	1	2	142	1	60	0.000132680
SRR11032754.37435	20984	243	165	141736	125	125	95	1	2	140	1	60	0.000137080
SRR11032754.37510	27993	280	190	95103	102	102	61	1	2	127	1	60	0.000147520
SRR11032754.37591	21541	220	149	38763	93	93	68	1	2	108	1	60	0.000129400
SRR11032754.37739	22563	234	158	229431	164	164	187	1	2	126	1	60	0.000147040
SRR11032754.37864	20464	215	146	59058	83	83	61	1	2	97	1	60	0.000124881
SRR11032754.37948	25183	238	161	9175	96	96	45	1	2	135	1	60	0.000124480
SRR11032754.38039	22973	213	144	70258	96	96	33	1	2	132	1	60	0.000120840
SRR11032754.38196	20235	193	131	7937	112	112	61	1	2	123	1	60	0.000113561
SRR11032754.38305	21820	204	138	12166	0	0	0	0	0	0	0	-1	0.000077760
SRR11032754.38378	21586	239	162	137935	102	102	71	1	2	122	1	60	0.000125280
SRR11032754.38529	22719	230	156	110128	91	91	33	2	3	132	1	60	0.000130440
SRR11032754.38610	27801	273	185	46005	116	116	89	1	2	139	1	60	0.000151880
SRR11032754.38743	26376	275	186	145656	104	104	139	0	0	0	0	-1	0.000128040
SRR11032754.38837	20447	191	129	87946	94	94	76	2	3	99	1	60	0.000126321
SRR11032754.38956	27702	285	193	119604	140	140	75	1	2	166	1	60	0.000162961
SRR11032754.39068	20129	188	127	134303	115	115	103	1	2	106	1	60	0.000116840
SRR11032754.39253	21789	210	142	140679	57	57	35	1	0	0	0	-1	0.000113440
SRR11032754.39350	23709	228	154	21960	68	68	17	2	3	118	1	60	0.000136280
SRR11032754.39540	27991	289	196	250	0	0	0	0	0	0	0	-1	0.000104880
SRR11032754.39614	20335	203	138	33507	83	83	23	1	2	121	1	60	0.000112001
SRR11032754.39772	20710	242	164	220350	104	104	49	2	3	138	1	60	0.000155041
SRR11032754.39870	24388	244	165	7633	47	47	19	0	0	0	0	-1	0.000104880
SRR11032754.39992	27585	252	171	9564	5	5	8	0	0	0	0	-1	0.000100040
SRR11032754.40063	27740	275	186	46308	123	123	161	0	0	0	0	-1	0.000140160
SRR11032754.40136	22681	230	156	762	27	27	46	0	0	0	0	-1	0.000092520
SRR11032754.40223	21047	214	145	12739	86	86	31	1	2	122	1	60	0.000117000
SRR11032754.40338	27129	269	182	242221	143	143	89	1	2	178	1	60	0.000153080
SRR11032754.40444	20721	238	161	31300	123	123	79	1	2	137	1	60	0.000129480
SRR11032754.40552	26829	251	170	24918	85	85	29	2	3	130	1	60	0.000162040
SRR11032754.40721	22312	221	150	10361	67	67	22	2	3	111	1	60	0.000137920
SRR11032754.40823	22203	221	150	102527	70	70	31	1	2	102	1	60	0.000121280
SRR11032754.40942	21134	203	138	20029	62	62	15	1	2	101	1	60	0.000110241
SRR11032754.41063	22844	243	165	75989	84	84	49	1	2	122	1	60	0.000120600
SRR11032754.41154	22876	256	173	83539	75	75	45	1	2	106	1	60	0.000128441
SRR11032754.41241	22390	233	158	216	31	31	23	0	0	0	0	-1	0.000090800
SRR11032754.41410	25214	222	150	142493	233	233	203	2	3	121	1	60	0.000203440
SRR11032754.41523	23752	214	145	62995	234	234	280	1	2	117	1	60	0.000158360
SRR11032754.41603	21754	240	163	36970	70	70	27	1	2	110	1	60	0.000117840
SRR11032754.41701	22692	213	144	193650	113	113	128	1	2	89	1	60	0.000137440
SRR11032754.41775	24062	234	158	97587	82	82	37	1	2	112	1	60	0.000125441
SRR11032754.41842	20606	213	144	163229	137	137	130	0	0	0	0	-1	0.000125081
SRR11032754.41980	20324	208	141	32708	88	88	55	1	2	107	1	60	0.000117960
SRR11032754.42086	20795	195	132	28791	91	91	62	2	3	96	1	60	0.000130880
SRR11032754.42226	27352	224	152	35886	89	89	75	1	2	94	1	60	0.000143280
SRR11032754.42305	21627	210	142	69023	34	34	39	0	0	0	0	-1	0.000085680
SRR11032754.42435	25662	276	187	178391	159	159	87	1	2	176	1	60	0.000153160
SRR11032754.42574	24960	205	139	173121	93	93	60	2	3	104	1	60	0.000149081
SRR11032754.42660	21728	227	154	139202	73	73	55	1	2	102	1	60	0.000133560
SRR11032754.42810	20131	233	158	48109	83	83	31	1	2	118	1	60	0.000117920
SRR11032754.42926	24233	240	163	62726	67	67	41	1	2	98	1	60	0.000127360
SRR11032754.43030	23852	244	165	32056	104	104	31	2	3	152	1	60	0.000144240
SRR11032754.43141	22300	215	146	11627	81	81	59	1	2	91	1	60	0.000124400
SRR11032754.43256	23364	248	168	158441	50	50	57	0	0	0	0	-1	0.000098840
SRR11032754.43359	21008	227	154	59243	43	43	66	0	0	0	0	-1	0.000094320
SRR11032754.43538	26710	282	191	3859	39	39	67	0	0	0	0	-1	0.000111360
SRR11032754.43628	22282	241	163	11218	79	79	27	1	2	127	1	60	0.000133840
SRR11032754.43762	21212	201	136	39880	61	61	33	2	3	82	1	60	0.000122160
SRR11032754.43881	21020	201	136	115710	91	91	27	2	3	117	1	60	0.000131920
SRR11032754.43993	21117	227	154	173963	54	54	46	0	0	0	0	-1	0.000096920
SRR11032754.44074	23867	233	158	3913	76	76	31	2	3	109	1	60	0.000132600
SRR11032754.44287	24771	208	141	320186	215	215	268	1	2	119	1	60	0.000177280
SRR11032754.44377	21839	238	161	64661	174	174	143	1	2	142	1	60	0.000144921
SRR11032754.44484	23182	211	143	20416	77	77	43	1	2	110	1	60	0.000140960
SRR11032754.44602	24287	252	171	49439	85	85	21	1	2	121	1	60	0.000126440
SRR11032754.44746	21060	221	150	14883	50	50	26	0	0	0	0	-1	0.000094001
SRR11032754.44824	25896	282	191	645	0	0	0	0	0	0	0	-1	0.000102120
SRR11032754.44943	22696	253	171	87932	91	91	35	1	2	135	1	60	0.000126840
SRR11032754.45011	25784	264	179	712	7	7	14	0	0	0	0	-1	0.000099120
SRR11032754.45109	22354	227	154	42754	45	45	36	0	0	0	0	-1	0.000114880
SRR11032754.45200	26764	261	177	53938	40	40	33	0	0	0	0	-1	0.000105240
SRR11032754.45340	26475	284	192	99768	117	117	83	1	2	145	1	60	0.000152961
SRR11032754.45418	26854	286	194	250714	118	118	43	1	2	169	1	60	0.000156280
SRR11032754.45576	20070	191	129	197896	107	107	99	1	2	107	1	60	0.000121600
SRR11032754.45662	22539	235	159	26652	90	90	33	1	2	130	1	60	0.000129440
SRR11032754.45817	25755	274	185	69131	56	56	27	0	0	0	0	-1	0.000109240
SRR11032754.45960	25565	237	160	118054	309	309	398	1	2	107	1	60	0.000205121
SRR11032754.46049	23454	251	170	117669	83	83	59	1	2	101	1	60	0.000133280
SRR11032754.46142	27226	277	187	3626	115	115	35	1	2	171	1	60	0.000151680
SRR11032754.46289	25999	272	184	156746	206	206	235	1	2	164	1	60	0.000167960
SRR11032754.46408	22158	221	150	63829	99	99	49	1	2	137	1	60	0.000135120
SRR11032754.46567	20289	184	125	34237	83	83	66	2	3	98	1	60	0.000123120
SRR11032754.46642	27923	269	182	144223	96	96	45	1	2	134	1	60	0.000148040
SRR11032754.46867	23147	248	168	174318	115	115	48	1	2	155	1	60	0.000138640
SRR11032754.46988	24183	249	169	406	96	96	25	2	3	144	1	60	0.000137761
SRR11032754.47093	22823	258	175	226223	53	53	41	0	0	0	0	-1	0.000102840
SRR11032754.47181	21031	180	122	57451	78	78	58	2	2	82	1	60	0.000122280
SRR11032754.47276	22109	230	156	83117	104	104	79	1	2	119	1	60	0.000130160
SRR11032754.47388	20210	217	147	6615	65	65	40	2	3	99	1	60	0.000143881
SRR11032754.47496	21439	227	154	24511	91	91	73	2	3	109	1	60	0.000138840
SRR11032754.47600	23264	214	145	102507	69	69	39	1	2	91	1	60	0.000121840
SRR11032754.47658	22488	206	140	101926	52	52	27	0	0	0	0	-1	0.000090400
SRR11032754.47805	26082	283	192	126803	136	136	113	1	2	149	1	60	0.000156840
SRR11032754.47899	20313	179	121	12549	5	5	10	0	0	0	0	-1	0.000095480
SRR11032754.48028	21728	233	158	174566	76	76	21	1	2	114	1	60	0.000120560
SRR11032754.48171	21969	224	152	1768	33	33	37	0	0	0	0	-1	0.000089280
SRR11032754.48292	26892	279	189	1745	42	42	57	0	0	0	0	-1	0.000112240
SRR11032754.48375	22568	230	156	21143	38	38	31	0	0	0	0	-1	0.000094120
SRR11032754.48519	25898	255	173	55871	48	48	59	0	0	0	0	-1	0.000108720
SRR11032754.48574	24956	249	169	175087	71	71	37	1	2	106	1	60	0.000141840
SRR11032754.48688	25381	250	169	71067	110	110	49	1	2	146	1	60	0.000138720
SRR11032754.48822	20948	229	155	14446	38	38	21	0	0	0	0	-1	0.000093441
SRR11032754.48906	21811	220	149	7328	23	23	36	0	0	0	0	-1	0.000087841
SRR11032754.49010	27301	291	197	117	0	0	0	0	0	0	0	-1	0.000102520
SRR11032754.49119	24473	227	154	89619	80	80	23	1	2	128	1	60	0.000127401
SRR11032754.49216	24502	238	161	2507	44	44	25	0	0	0	0	-1	0.000099081
SRR11032754.49311	24123	224	152	1242	86	86	31	1	2	113	1	60	0.000124401
SRR11032754.49443	23929	222	150	39652	125	125	93	1	2	133	1	60	0.000142520
SRR11032754.49634	25967	277	187	126932	117	117	99	1	2	122	1	60	0.000175320
SRR11032754.49772	25452	259	175	99844	110	110	101	1	2	115	1	60	0.000147200
SRR11032754.49841	25265	221	150	103528	77	77	43	1	2	98	1	60	0.000149561
SRR11032754.49974	27693	298	202	62699	108	108	45	1	2	150	1	60	0.000153600
SRR11032754.50037	27859	262	177	17570	69	69	43	1	0	0	0	-1	0.000142640
SRR11032754.50140	26792	246	167	56116	94	94	43	1	2	122	1	60	0.000131441
SRR11032754.50241	22036	244	165	54537	124	124	87	1	2	140	1	60	0.000139360
SRR11032754.50375	26151	261	177	104246	35	35	31	0	0	0	0	-1	0.000104760
SRR11032754.50492	25652	259	175	251627	78	78	49	2	3	106	1	60	0.000151480
SRR11032754.50689	23650	273	185	86718	12132	12132	754	6	5	139	1	0	0.000354401
SRR11032754.50824	20913	227	154	188325	295	295	153	3	4	116	1	0	0.000181841
SRR11032754.50940	22236	212	144	38735	64	64	31	1	2	97	1	60	0.000116760
SRR11032754.51106	23252	255	173	148790	25	25	45	0	0	0	0	-1	0.000106920
SRR11032754.51283	27085	287	194	50992	63	63	72	0	0	0	0	-1	0.000118080
SRR11032754.51409	27054	287	194	95819	97	97	39	1	2	143	1	60	0.000162400
SRR11032754.51491	21326	218	148	165565	48	48	51	0	0	0	0	-1	0.000090600
SRR11032754.51584	20734	214	145	88836	47	47	21	1	2	90	1	60	0.000109000
SRR11032754.51680	21074	205	139	174141	48	48	29	1	2	84	1	60	0.000129480
SRR11032754.51793	20506	192	130	17119	66	66	31	1	2	93	1	60	0.000102960
SRR11032754.51900	25822	272	184	1128	84	84	63	0	0	0	0	-1	0.000122360
SRR11032754.51999	26898	271	183	162584	168	168	133	1	2	168	1	60	0.000165681
SRR11032754.52147	24077	243	165	4945	66	66	59	0	0	0	0	-1	0.000105760
SRR11032754.52248	27528	286	194	20568	133	133	65	2	3	159	1	60	0.000173880
SRR11032754.52336	22651	221	150	16497	83	83	25	1	2	126	1	60	0.000121800
SRR11032754.52441	24575	272	184	98025	112	112	47	1	2	154	1	60	0.000134720
SRR11032754.52587	25923	265	179	54332	100	100	35	1	2	148	1	60	0.000141400
SRR11032754.52718	22372	221	150	282851	89	89	41	1	2	122	1	60	0.000132280
SRR11032754.52788	21039	168	114	45821	35	35	23	0	0	0	0	-1	0.000079640
SRR11032754.52876	22215	225	152	222344	65	65	29	1	2	102	1	60	0.000135720
SRR11032754.52957	24697	238	161	53185	42	42	17	0	0	0	0	-1	0.000099240
SRR11032754.53119	27388	291	197	30127	40	40	49	0	0	0	0	-1	0.000112200
SRR11032754.53228	22845	207	140	93657	58	58	37	1	2	84	1	60	0.000129640
SRR11032754.53297	21872	240	163	54400	51	51	13	1	2	113	1	60	0.000113720
SRR11032754.53531	20642	214	145	54830	74	74	29	1	2	106	1	60	0.000119480
SRR11032754.53623	21203	195	132	79788	64	64	35	1	2	84	1	60	0.000111600
SRR11032754.53740	24848	246	167	136121	74	74	59	0	0	0	0	-1	0.000116400
SRR11032754.53951	25874	266	180	209274	143	143	130	2	3	144	1	60	0.000175321
SRR11032754.54067	20588	204	138	141223	109	109	63	2	3	119	1	60	0.000139960
SRR11032754.54166	24474	229	155	130298	246	246	280	1	2	107	1	60	0.000165080
SRR11032754.54301	27712	256	173	1554	0	0	0	0	0	0	0	-1	0.000098960
SRR11032754.54352	24775	226	153	55055	0	0	0	0	0	0	0	-1	0.000086800
SRR11032754.54457	20123	196	133	3546	4	4	8	0	0	0	0	-1	0.000073441
SRR11032754.54623	21715	207	140	8577	16	16	15	0	0	0	0	-1	0.000092360
SRR11032754.54703	27733	282	191	58518	172	172	60	2	3	138	1	0	0.000169200
SRR11032754.54860	24865	286	194	91336	144	144	87	1	2	171	1	60	0.000161800
SRR11032754.55012	26720	249	169	27449	104	104	79	1	2	122	1	60	0.000138800
SRR11032754.55148	25825	267	181	22335	59	59	57	0	0	0	0	-1	0.000112480
SRR11032754.55293	27411	290	196	6578	83	83	73	0	0	0	0	-1	0.000128720
SRR11032754.55530	21010	198	134	58160	78	78	27	1	2	116	1	60	0.000112721
SRR11032754.55630	26422	236	160	1494	63	63	44	2	4	97	1	60	0.000156601
SRR11032754.55698	21272	188	127	94962	48	48	17	1	2	79	1	60	0.000101560
SRR11032754.55815	23996	231	156	92900	85	85	37	2	3	115	1	60	0.000142601
SRR11032754.55940	27387	277	187	11332	8	8	16	0	0	0	0	-1	0.000112721
SRR11032754.56052	20400	198	134	250	0	0	0	0	0	0	0	-1	0.000074721
SRR11032754.56137	27570	276	187	73624	84	84	45	1	2	122	1	60	0.000141401
SRR11032754.56203	21829	198	134	161950	102	102	81	1	2	98	1	60	0.000139761
SRR11032754.56319	22246	212	144	205468	66	66	55	0	0	0	0	-1	0.000106161
SRR11032754.56526	26391	260	176	105019	67	67	43	0	0	0	0	-1	0.000117721
SRR11032754.56620	26241	253	171	9890	109	109	35	1	2	151	1	60	0.000291961
SRR11032754.56735	23571	233	158	77481	92	92	53	1	2	125	1	60	0.000130560
SRR11032754.56828	22847	261	177	118051	100	100	66	2	3	124	1	60	0.000145041
SRR11032754.56918	21937	223	151	12966	50	50	29	0	0	0	0	-1	0.000096080
SRR11032754.56983	24838	264	179	199857	102	102	55	1	2	133	1	60	0.000164360
SRR11032754.57140	22659	232	157	229804	130	130	83	1	2	147	1	60	0.000138880
SRR11032754.57267	20153	201	136	296	23	23	21	0	0	0	0	-1	0.000081040
SRR11032754.57477	27187	289	196	94245	46	46	59	0	0	0	0	-1	0.000112440
SRR11032754.57604	20738	185	125	19915	56	56	21	1	2	80	1	60	0.000110080
SRR11032754.57718	21940	224	152	30239	68	68	19	1	2	115	1	60	0.000125200
SRR11032754.57885	21893	206	140	203347	137	137	131	1	2	114	1	60	0.000137080
SRR11032754.57994	27787	259	175	22699	93	93	47	2	3	122	1	60	0.000163400
SRR11032754.58116	22908	225	152	77335	73	73	45	1	2	102	1	60	0.000125080
SRR11032754.58304	24890	249	169	102771	58	58	35	0	0	0	0	-1	0.000109360
SRR11032754.58398	21563	232	157	156	0	0	0	0	0	0	0	-1	0.000084241
SRR11032754.58500	20917	222	150	13514	71	71	51	1	0	0	0	-1	0.000123360
SRR11032754.58566	20312	173	117	9549	74	74	47	1	2	85	1	60	0.000098720
SRR11032754.58740	25776	229	155	117299	79	79	32	2	3	110	1	60	0.000139520
SRR11032754.58791	23047	235	159	69005	0	0	0	0	0	0	0	-1	0.000087480
SRR11032754.58877	22452	247	167	937	87	87	99	0	0	0	0	-1	0.000116640
SRR11032754.58986	26928	217	147	28121	9056	9056	404	9	5	105	1	0	0.000329040
SRR11032754.59066	24962	219	148	121291	144	144	145	2	3	113	1	60	0.000166160
SRR11032754.59257	21244	198	134	293640	93	93	53	2	3	116	1	60	0.000133201
SRR11032754.59363	21327	216	146	215286	48	48	35	0	0	0	0	-1	0.000091680
SRR11032754.59445	26863	282	191	153890	83	83	29	1	2	141	1	60	0.000140320
SRR11032754.59533	22847	243	165	267229	111	111	87	1	2	126	1	60	0.000133640
SRR11032754.59631	26515	264	179	120661	98	98	47	1	2	133	1	60	0.000140720
SRR11032754.59738	20828	209	142	44433	64	64	41	2	3	84	1	60	0.000134280
SRR11032754.59844	23487	259	175	43510	52	52	33	0	0	0	0	-1	0.000105240
SRR11032754.59956	22190	198	134	172906	111	111	97	1	2	103	1	60	0.000125840
SRR11032754.60102	24334	274	185	491	27	27	47	0	0	0	0	-1	0.000113681
SRR11032754.60209	20577	226	153	35674	48	48	51	0	0	0	0	-1	0.000090080
SRR11032754.60267	21172	208	141	32373	52	52	31	0	0	0	0	-1	0.000091761
SRR11032754.60378	26379	282	191	112126	80	80	99	0	0	0	0	-1	0.000137921
SRR11032754.60536	27166	242	164	104572	126	126	93	1	2	145	1	60	0.000143521
SRR11032754.60640	21294	208	141	101833	88	88	97	1	0	0	0	-1	0.000129121
SRR11032754.60757	24227	249	169	7584	29	29	33	0	0	0	0	-1	0.000099320
SRR11032754.60833	25638	255	173	129533	103	103	43	1	2	145	1	60	0.000135281
SRR11032754.60915	25983	284	192	241695	118	118	83	1	2	150	1	60	0.000149401
SRR11032754.61122	23473	236	160	7116	89	89	61	1	2	111	1	60	0.000126200
SRR11032754.61284	25468	251	170	109949	139	139	103	1	2	144	1	60	0.000145361
SRR11032754.61405	25462	246	167	71324	93	93	51	2	3	125	1	60	0.000145320
SRR11032754.61467	21302	192	130	112423	62	62	17	1	2	99	1	60	0.000105200
SRR11032754.61584	24758	242	164	37121	71	71	25	1	2	117	1	60	0.000120880
SRR11032754.61753	22238	226	153	68155	107	107	107	2	3	104	1	60	0.000140920
SRR11032754.61889	27926	295	200	55949	98	98	43	1	2	150	1	60	0.000154681
SRR11032754.61971	24654	263	178	107135	139	139	69	1	2	170	1	60	0.000149520
SRR11032754.62121	23434	220	149	224850	138	138	129	2	3	126	1	60	0.000176160
SRR11032754.62257	25595	286	194	110980	41	41	53	0	0	0	0	-1	0.000111040
SRR11032754.62358	21513	206	140	15141	31	31	23	0	0	0	0	-1	0.000083920
SRR11032754.62475	20504	188	127	161010	31	31	19	0	0	0	0	-1	0.000082280
SRR11032754.62584	23691	238	161	106234	79	79	53	1	2	115	1	60	0.000128920
SRR11032754.62667	25621	245	166	74035	126	126	163	1	2	101	1	60	0.000157120
SRR11032754.62768	20356	202	137	95185	74	74	27	1	2	113	1	60	0.000111441
SRR11032754.62883	20119	206	140	59418	135	135	96	2	4	130	1	60	0.000152521
SRR11032754.63037	26890	241	163	252021	120	120	151	0	0	0	0	-1	0.000127081
SRR11032754.63161	22228	244	165	112335	96	96	43	1	2	131	1	60	0.000131280
SRR11032754.63242	26563	271	183	206953	85	85	61	1	2	124	1	60	0.000144961
SRR11032754.63350	21169	237	160	15697	75	75	39	1	2	113	1	60	0.000120881
SRR11032754.63442	25379	258	175	41755	69	69	41	1	2	104	1	60	0.000128440
SRR11032754.63535	21200	215	146	96127	56	56	31	1	2	93	1	60	0.000118920
SRR11032754.63660	23002	216	146	20649	74	74	45	1	2	104	1	60	0.000121200
SRR11032754.63802	24171	241	163	221	0	0	0	0	0	0	0	-1	0.000097920
SRR11032754.63893	26712	248	168	76997	64	64	51	0	0	0	0	-1	0.000111481
SRR11032754.64024	24364	221	150	72641	65	65	55	0	0	0	0	-1	0.000102401
SRR11032754.64113	21814	231	156	104750	115	115	75	1	2	134	1	60	0.000133161
SRR11032754.64154	21608	218	148	200201	221	221	309	1	2	127	1	60	0.000166040
SRR11032754.64286	23453	223	151	77870	66	66	45	1	2	97	1	60	0.000147960
SRR11032754.64375	24550	265	179	109992	119	119	70	2	3	157	1	60	0.000154920
SRR11032754.64477	22801	243	165	40978	91	91	17	1	2	146	1	60	0.000124161
SRR11032754.64628	26971	262	177	96063	81	81	37	1	2	135	1	60	0.000139441
SRR11032754.64718	24641	266	180	200523	40	40	67	0	0	0	0	-1	0.000104841
SRR11032754.64836	22578	227	154	102720	68	68	47	0	0	0	0	-1	0.000109880
SRR11032754.64904	21416	207	140	48250	53	53	13	1	2	93	1	60	0.000111840
SRR11032754.65001	27092	264	179	204383	99	99	45	1	2	147	1	60	0.000146880
SRR11032754.65132	26055	261	177	210327	122	122	57	1	2	161	1	60	0.000173641
SRR11032754.65258	25590	266	180	93918	114	114	53	1	2	153	1	60	0.000142321
SRR11032754.65408	21855	191	129	2950	84	84	31	1	2	118	1	60	0.000109360
SRR11032754.65509	20942	229	155	34433	79	79	45	1	2	114	1	60	0.000146720
SRR11032754.65579	22581	243	165	192426	94	94	51	1	2	133	1	60	0.000135240
SRR11032754.65695	24402	275	186	76395	21321	21321	1005	5	5	139	1	0	0.000365561
SRR11032754.65861	21361	237	160	239061	109	109	86	2	3	126	1	60	0.000148560
SRR11032754.66044	20071	191	129	29390	55	55	25	1	2	86	1	60	0.000114921
SRR11032754.66162	21852	235	159	60864	64	64	49	0	0	0	0	-1	0.000110081
SRR11032754.66259	25867	225	152	256033	95	95	63	1	2	122	1	60	0.000139200
SRR11032754.66425	21925	226	153	12905	57	57	41	0	0	0	0	-1	0.000102241
SRR11032754.66553	26689	272	184	38358	114	114	39	1	2	156	1	60	0.000142840
SRR11032754.66734	24280	257	174	188184	192	192	215	1	2	147	1	60	0.000172560
SRR11032754.66866	21960	201	136	159890	161	161	106	2	2	104	1	60	0.000156401
SRR11032754.66997	24138	254	172	171390	170	170	182	2	4	147	1	60	0.000173841
SRR11032754.67082	22739	223	151	1400	74	74	41	1	2	105	1	60	0.000129040
SRR11032754.67171	27767	294	199	121601	96	96	43	2	3	137	1	60	0.000162760
SRR11032754.67262	25614	239	162	75621	127	127	77	1	2	147	1	60	0.000138680
SRR11032754.67351	21239	214	145	27964	98	98	55	1	2	122	1	60	0.000122520
SRR11032754.67487	26542	243	165	30908	66	66	83	0	0	0	0	-1	0.000110600
SRR11032754.67582	23849	247	167	290318	140	140	141	1	2	125	1	60	0.000148001
SRR11032754.67701	27811	288	195	105706	115	115	67	1	2	141	1	60	0.000151201
SRR11032754.67844	21029	183	124	3636	81	81	51	1	2	93	1	60	0.000110640
SRR11032754.67979	26027	260	176	15272	34	34	63	0	0	0	0	-1	0.000106441
SRR11032754.68054	20754	211	143	4869	103	103	59	2	3	126	1	60	0.000138321
SRR11032754.68115	24479	245	166	38234	102	102	85	1	2	116	1	60	0.000144401
SRR11032754.68263	21348	208	141	3744	87	87	69	1	2	87	1	60	0.000119601
SRR11032754.68354	21597	195	132	109522	79	79	73	0	0	0	0	-1	0.000101201
SRR11032754.68429	20802	205	139	160034	41	41	47	0	0	0	0	-1	0.000094801
SRR11032754.68500	23455	244	165	128808	54	54	65	0	0	0	0	-1	0.000104880
SRR11032754.68624	24977	258	175	4822	64	64	51	0	0	0	0	-1	0.000110120
SRR11032754.68714	23407	233	158	89387	95	95	53	1	2	122	1	60	0.000127920
SRR11032754.68809	23631	220	149	68130	0	0	0	0	0	0	0	-1	0.000084200
SRR11032754.68881	22535	243	165	3965	56	56	23	1	2	104	1	60	0.000116000
SRR11032754.68959	22081	214	145	129052	127	127	103	0	0	0	0	-1	0.000112440
SRR11032754.69082	20481	181	123	57831	93	93	107	1	2	83	1	60	0.000114000
SRR11032754.69180	27378	278	188	137960	129	129	75	1	2	148	1	60	0.000152561
SRR11032754.69264	24315	262	177	111382	53	53	56	0	0	0	0	-1	0.000107201
SRR11032754.69380	26423	289	196	121912	86	86	65	2	3	123	1	60	0.000214441
SRR11032754.69512	25169	240	163	4694	38	38	19	0	0	0	0	-1	0.000099640
SRR11032754.69589	24990	250	169	101236	81	81	35	1	2	132	1	60	0.000129080
SRR11032754.69713	27908	274	185	635	86	86	61	1	2	115	1	60	0.000138841
SRR11032754.69791	27862	269	182	19928	122	122	87	1	2	138	1	60	0.000151521
SRR11032754.69880	22345	248	168	13896	101	101	37	1	2	141	1	60	0.000130201
SRR11032754.70058	23040	216	146	28038	75	75	17	2	3	129	1	60	0.000138241
SRR11032754.70169	20548	227	154	204546	100	100	44	2	3	135	1	60	0.000129760
SRR11032754.70294	27814	273	185	282	0	0	0	0	0	0	0	-1	0.000103520
SRR11032754.70397	20482	208	141	5390	81	81	29	1	2	119	1	60	0.000113640
SRR11032754.70489	26458	251	170	257985	123	123	109	1	2	124	1	60	0.000166680
SRR11032754.70614	23516	242	164	142418	114	114	99	1	2	125	1	60	0.000137720
SRR11032754.70712	23408	232	157	183757	137	137	175	1	2	104	1	60	0.000146921
SRR11032754.70937	25985	269	182	2402	85	85	43	1	2	125	1	60	0.000141800
SRR11032754.71163	24634	251	170	887	4	4	8	0	0	0	0	-1	0.000094440
SRR11032754.71264	23216	207	140	60667	82	82	75	0	0	0	0	-1	0.000108520
SRR11032754.71435	21552	203	138	32283	58	58	27	2	3	93	1	60	0.000126521
SRR11032754.71528	24710	274	185	40365	5	5	10	0	0	0	0	-1	0.000098081
SRR11032754.71665	24877	248	168	68332	38	38	47	0	0	0	0	-1	0.000100041
SRR11032754.71791	20182	204	138	67658	141	141	130	2	3	113	1	60	0.000137680
SRR11032754.71848	20775	214	145	782	0	0	0	0	0	0	0	-1	0.000080561
SRR11032754.71964	25087	277	187	49606	82	82	39	1	2	122	1	60	0.000133001
SRR11032754.72044	21082	198	134	43790	120	120	40	2	3	100	1	0	0.000135240
SRR11032754.72176	25621	235	159	206288	112	112	97	1	2	113	1	60	0.000137000
SRR11032754.72286	25873	226	153	105278	90	90	23	1	2	131	1	60	0.000121921
SRR11032754.72381	25107	234	158	66309	113	113	81	1	2	125	1	60	0.000133841
SRR11032754.72538	25349	247	167	353872	137	137	143	1	2	124	1	60	0.000172721
SRR11032754.72586	20755	200	136	76105	105	105	43	1	2	134	1	60	0.000116561
SRR11032754.72685	27212	268	181	120833	76	76	45	1	2	123	1	60	0.000139080
SRR11032754.72789	22512	204	138	23658	64	64	31	1	2	100	1	60	0.000108520
SRR11032754.72918	24359	258	175	116105	124	124	101	1	2	143	1	60	0.000140800
SRR11032754.72983	25414	268	181	56946	95	95	39	2	3	144	1	60	0.000154401
SRR11032754.73093	24342	253	171	2956	82	82	39	1	2	123	1	60	0.000132680
SRR11032754.73189	20147	205	139	224969	28	28	43	0	0	0	0	-1	0.000082960
SRR11032754.73260	21667	230	156	41273	69	69	19	1	2	121	1	60	0.000113760
SRR11032754.73343	24245	235	159	120102	65	65	65	0	0	0	0	-1	0.000103920
SRR11032754.73419	26698	279	189	188106	140	140	121	1	2	142	1	60	0.000156720
SRR11032754.73504	22890	234	158	31742	47	47	33	1	2	97	1	60	0.000112600
SRR11032754.73608	21349	199	135	114538	34	34	23	0	0	0	0	-1	0.000081720
SRR11032754.73689	26497	262	177	165065	93	93	43	1	2	125	1	60	0.000139880
SRR11032754.73742	20639	207	140	118938	67	67	31	1	2	104	1	60	0.000109121
SRR11032754.73856	22015	231	156	109736	80	80	85	0	0	0	0	-1	0.000105961
SRR11032754.73952	20007	220	149	231329	165	165	177	1	2	130	1	60	0.000148921
SRR11032754.74082	20701	214	145	38315	50	50	43	0	0	0	0	-1	0.000088960
SRR11032754.74226	22956	236	160	101374	17	17	15	0	0	0	0	-1	0.000091520
SRR11032754.74326	27160	257	174	14949	90	90	21	2	3	139	1	60	0.000145760
SRR11032754.74448	20430	210	142	118108	77	77	61	1	2	97	1	60	0.000124640
SRR11032754.74529	26876	284	192	253	0	0	0	0	0	0	0	-1	0.000100000
SRR11032754.74606	22325	220	149	78296	71	71	29	1	2	116	1	60	0.000122400
SRR11032754.74696	22471	224	152	66218	43	43	36	0	0	0	0	-1	0.000105960
SRR11032754.74789	24272	231	156	8163	92	92	70	1	0	0	0	-1	0.000127400
SRR11032754.74838	20574	186	126	42354	69	69	33	1	2	87	1	60	0.000115521
SRR11032754.74944	27781	270	183	172351	319	319	85	2	3	173	1	0	0.000175401
SRR11032754.75035	26934	279	189	153809	86	86	77	2	3	119	1	60	0.000165480
SRR11032754.75132	27296	282	191	205379	85	85	43	2	3	125	1	60	0.000160121
SRR11032754.75268	25479	249	169	7723	355	355	151	3	4	144	1	0	0.000196521
SRR11032754.75372	25977	299	202	107928	7218	7218	703	3	4	127	1	0	0.000268280
SRR11032754.75456	24294	265	179	113070	32479	32479	1043	259	9	130	1	0	0.006408014
SRR11032754.75518	23537	241	163	114242	38616	38616	1104	37	4	146	1	0	0.001193843
SRR11032754.75664	22699	257	174	89974	24	24	38	0	0	0	0	-1	0.000100800
SRR11032754.75755	26705	269	182	3212	14	14	28	0	0	0	0	-1	0.000107401
SRR11032754.75876	25803	285	193	232068	99	99	35	1	2	150	1	60	0.000150241
SRR11032754.75937	27779	236	160	4917	70	70	15	1	2	111	1	60	0.000131801
SRR11032754.76075	20937	190	129	7754	64	64	17	1	2	99	1	60	0.000115440
SRR11032754.76190	23646	233	158	36582	90	90	47	1	2	118	1	60	0.000127120
SRR11032754.76283	21116	220	149	208662	52	52	31	0	0	0	0	-1	0.000099721
SRR11032754.76367	22332	203	138	44785	38	38	19	0	0	0	0	-1	0.000093640
SRR11032754.76492	23789	204	138	209361	110	110	71	1	2	95	1	60	0.000134041
SRR11032754.76607	22272	234	158	89093	69	69	33	1	2	104	1	60	0.000124480
SRR11032754.76701	26051	266	180	87011	90	90	43	1	2	131	1	60	0.000136280
SRR11032754.76850	22429	238	161	53339	49	49	25	1	2	98	1	60	0.000111360
SRR11032754.76952	23121	226	153	335158	101	101	51	2	3	128	1	60	0.000166321
SRR11032754.77080	24201	244	165	331082	115	115	67	1	2	147	1	60	0.000144281
SRR11032754.77175	27162	289	196	209422	93	93	39	1	2	139	1	60	0.000141880
SRR11032754.77291	21471	203	138	8029	51	51	35	0	0	0	0	-1	0.000097560
SRR11032754.77373	24920	233	158	4315	96	96	32	2	2	106	1	60	0.000139320
SRR11032754.77512	23645	241	163	147433	82	82	34	2	3	116	1	60	0.000144521
SRR11032754.77631	23191	215	146	34824	54	54	106	0	0	0	0	-1	0.000093480
SRR11032754.77762	26073	260	176	164318	107	107	61	1	2	125	1	60	0.000149121
SRR11032754.77889	23944	250	169	54878	21	21	25	0	0	0	0	-1	0.000097000
SRR11032754.78032	22548	189	128	66675	158	158	83	2	3	89	1	0	0.000134721
SRR11032754.78152	20068	202	137	154026	9	9	18	0	0	0	0	-1	0.000078720
SRR11032754.78274	27371	258	175	168577	45	45	29	0	0	0	0	-1	0.000109760
SRR11032754.78396	25196	254	172	100291	105	105	41	1	2	139	1	60	0.000137000
SRR11032754.78501	27962	282	191	177781	161	161	83	1	2	193	1	60	0.000187640
SRR11032754.78597	20800	213	144	243856	112	112	123	1	2	100	1	60	0.000132441
SRR11032754.78708	23783	253	171	263196	337	337	411	1	2	155	1	60	0.000200560
SRR11032754.78858	27017	272	184	225035	95	95	51	1	2	133	1	60	0.000145880
SRR11032754.78950	22980	219	148	304	58	58	39	0	0	0	0	-1	0.000098880
SRR11032754.79059	23477	230	156	5982	28	28	19	0	0	0	0	-1	0.000094160
SRR11032754.79162	24412	226	153	12068	60	60	21	1	2	106	1	60	0.000117521
SRR11032754.79313	23477	230	156	160024	78	78	23	1	2	122	1	60	0.000125000
SRR11032754.79444	22100	207	140	22504	73	73	35	2	3	101	1	60	0.000136800
SRR11032754.79536	22011	247	167	47497	98	98	37	1	2	143	1	60	0.000128280
SRR11032754.79636	23834	243	165	12325	0	0	0	0	0	0	0	-1	0.000088800
SRR11032754.79763	21454	228	154	38338	461	461	237	2	3	158	1	60	0.000190921
SRR11032754.79827	21601	239	162	87042	129	129	221	0	0	0	0	-1	0.000105281
SRR11032754.79922	26851	272	184	75295	86	86	45	1	2	126	1	60	0.000141120
SRR11032754.80025	22661	240	163	249	7	7	13	0	0	0	0	-1	0.000090400
SRR11032754.80157	20752	189	128	6770	77	77	23	1	2	107	1	60	0.000102720
SRR11032754.80236	21627	232	157	22560	67	67	42	2	3	93	1	60	0.000127841
SRR11032754.80402	25765	266	180	25596	34	34	61	0	0	0	0	-1	0.000107121
SRR11032754.80495	24994	256	173	4058	118	118	25	2	3	159	1	60	0.000145081
SRR11032754.80636	26654	266	180	97749	117	117	85	1	2	134	1	60	0.000146241
SRR11032754.80756	25105	246	167	148925	69	69	25	1	2	111	1	60	0.000155000
SRR11032754.80886	21702	220	149	46633	89	89	39	1	2	116	1	60	0.000121000
SRR11032754.81004	21765	240	163	77004	78	78	49	0	0	0	0	-1	0.000107480
SRR11032754.81117	26973	306	207	77874	76	76	70	0	0	0	0	-1	0.000148440
SRR11032754.81241	24314	252	171	253673	137	137	115	1	2	144	1	60	0.000142960
SRR11032754.81342	25029	250	169	92601	83	83	57	2	3	112	1	60	0.000139000
SRR11032754.81506	27613	285	193	30892	49	49	55	0	0	0	0	-1	0.000114161
SRR11032754.81742	27468	283	192	100354	63	63	33	2	3	126	1	60	0.000151481
SRR11032754.81856	24146	258	175	340607	255	255	399	1	2	120	1	60	0.000206881
SRR11032754.82015	27204	286	194	352127	245	245	357	1	2	145	1	60	0.000198640
SRR11032754.82161	24678	241	163	299075	97	97	41	1	2	133	1	60	0.000130521
SRR11032754.82433	20309	224	152	156429	24	24	21	0	0	0	0	-1	0.000084361
SRR11032754.82578	21534	220	149	205680	38	38	21	0	0	0	0	-1	0.000091841
SRR11032754.82699	23463	250	169	241403	73	73	39	1	2	113	1	60	0.000131480
SRR11032754.82781	25548	269	182	184842	75	75	33	1	2	120	1	60	0.000135361
SRR11032754.82892	22945	233	158	125795	78	78	57	1	2	94	1	60	0.000124241
SRR11032754.83048	27748	290	196	189987	33	33	37	0	0	0	0	-1	0.000109240
SRR11032754.83126	23306	235	159	160289	102	102	65	2	3	131	1	60	0.000144921
SRR11032754.83302	20661	224	152	56866	82	82	27	1	2	124	1	60	0.000126401
SRR11032754.83343	20396	208	141	78029	90	90	37	1	2	110	1	60	0.000119161
SRR11032754.83442	21387	181	123	74452	54	54	27	1	2	75	1	60	0.000099081
SRR11032754.83553	25850	253	171	147043	116	116	57	1	2	158	1	60	0.000139241
SRR11032754.83655	22494	208	141	118232	81	81	33	1	2	100	1	60	0.000117561
SRR11032754.83734	24295	235	159	550	0	0	0	0	0	0	0	-1	0.000091161
SRR11032754.83843	24069	236	160	30495	72	72	33	1	2	106	1	60	0.000130921
SRR11032754.84024	25913	254	172	29795	253	253	293	1	2	125	1	60	0.000178520
SRR11032754.84094	26281	246	167	11574	136	136	208	0	0	0	0	-1	0.000128760
SRR11032754.84191	27924	281	190	43868	81	81	19	1	2	149	1	60	0.000134600
SRR11032754.84308	21957	247	167	158812	85	85	37	1	2	119	1	60	0.000122400
SRR11032754.84431	22638	216	146	12350	42	42	37	0	0	0	0	-1	0.000102720
SRR11032754.84604	22396	221	150	68291	51	51	28	2	3	92	1	60	0.000139841
SRR11032754.84713	27413	265	179	19004	82	82	51	1	2	114	1	60	0.000134881
SRR11032754.84897	26727	257	174	114392	74	74	13	1	2	135	1	60	0.000128801
SRR11032754.85061	21009	222	150	49748	152	152	116	0	0	0	0	-1	0.000114721
SRR11032754.85200	21762	210	142	9992	11	11	22	0	0	0	0	-1	0.000080321
SRR11032754.85315	20791	205	139	178085	144	144	165	0	0	0	0	-1	0.000108960
SRR11032754.85397	25555	261	177	63941	207	207	161	2	3	148	1	60	0.000170520
SRR11032754.85580	23273	267	181	73187	126	126	91	1	2	144	1	60	0.000141681
SRR11032754.85683	20609	227	154	47055	47	47	47	0	0	0	0	-1	0.000093481
SRR11032754.85759	25943	268	181	75914	112	112	85	1	2	118	1	60	0.000150521
SRR11032754.85875	24611	237	160	1585	47	47	35	0	0	0	0	-1	0.000101360
SRR11032754.85978	24082	260	176	56063	82	82	41	1	2	117	1	60	0.000119840
SRR11032754.86100	21010	214	145	53493	61	61	29	1	2	87	1	60	0.000133960
SRR11032754.86158	21895	213	144	26606	81	81	37	1	2	101	1	60	0.000120400
SRR11032754.86257	27174	273	185	124066	71	71	47	0	0	0	0	-1	0.000121400
SRR11032754.86404	23114	231	156	49129	1627	1627	1693	0	0	0	0	-1	0.000393081
SRR11032754.86488	23761	236	160	67356	256	256	228	3	3	136	1	0	0.000195801
SRR11032754.86602	27601	305	206	22492	43	43	82	0	0	0	0	-1	0.000117680
SRR11032754.86686	27223	223	151	81235	10626	10626	2713	4	6	116	1	0	0.000684961
SRR11032754.86810	26822	221	150	85405	20233	20233	9094	3	4	121	1	0	0.001580444
SRR11032754.86878	20371	172	117	86455	24798	24798	7412	2	3	103	1	0	0.001050483
SRR11032754.86921	21593	180	122	91096	29439	29439	7758	3	4	86	1	0	0.001134723
SRR11032754.87074	21167	220	149	136849	80	80	33	1	2	115	1	60	0.000130520
SRR11032754.87162	20729	202	137	54017	94	94	57	1	2	116	1	60	0.000123481
SRR11032754.87340	22911	226	153	121110	94	94	67	1	2	104	1	60	0.000128960
SRR11032754.87418	25733	273	185	287831	129	129	75	1	2	156	1	60	0.000161480
SRR11032754.87514	25174	225	152	49972	75	75	23	2	3	111	1	60	0.000133560
SRR11032754.87591	23454	243	165	54242	67	67	21	1	2	114	1	60	0.000116320
SRR11032754.87672	23495	227	154	203189	40	40	55	0	0	0	0	-1	0.000097240
SRR11032754.87882	21005	218	148	173110	39	39	29	0	0	0	0	-1	0.000086360
SRR11032754.87998	22792	222	150	123502	84	84	55	1	2	113	1	60	0.000137920
SRR11032754.88124	26798	300	203	102596	67	67	57	0	0	0	0	-1	0.000124880
SRR11032754.88225	26011	257	174	27910	116	116	71	1	2	143	1	60	0.000146160
SRR11032754.88367	22245	210	142	4953	7	7	11	0	0	0	0	-1	0.000082721
SRR11032754.88518	24762	211	143	137998	111	111	87	1	2	108	1	60	0.000130560
SRR11032754.88619	25934	284	192	152672	117	117	51	1	2	171	1	60	0.000150200
SRR11032754.88765	24689	240	163	91675	107	107	66	1	2	136	1	60	0.000134601
SRR11032754.88813	26013	265	179	202062	85	85	41	1	2	132	1	60	0.000145360
SRR11032754.88898	24955	230	156	24739	25	25	50	0	0	0	0	-1	0.000091720
SRR11032754.88971	27895	306	207	5026	3	3	6	0	0	0	0	-1	0.000111760
SRR11032754.89051	20803	189	128	149446	78	78	95	1	2	79	1	60	0.000126961
SRR11032754.89197	22588	212	144	59462	71	71	37	1	2	100	1	60	0.000152240
SRR11032754.89302	20341	188	127	80428	88	88	65	1	2	99	1	60	0.000170640
SRR11032754.89391	27629	287	194	33032	184	184	128	1	2	133	1	60	0.000168121
SRR11032754.89466	22109	209	142	1736	70	70	39	2	3	99	1	60	0.000142120
SRR11032754.89558	21037	201	136	46831	89	89	87	1	2	87	1	60	0.000126040
SRR11032754.89725	27044	303	205	61853	141	141	84	2	3	176	1	60	0.000178000
SRR11032754.89865	24089	256	173	64972	100	100	41	1	2	143	1	60	0.000135360
SRR11032754.90010	23020	250	169	10015	67	67	30	2	3	110	1	60	0.000133360
SRR11032754.90069	20522	195	132	108638	88	88	71	1	2	108	1	60	0.000120120
SRR11032754.90136	20515	209	142	137648	75	75	33	2	3	108	1	60	0.000126681
SRR11032754.90238	27521	271	183	34716	24	24	25	0	0	0	0	-1	0.000109680
SRR11032754.90376	24532	236	160	129414	51	51	29	0	0	0	0	-1	0.000107480
SRR11032754.90565	24855	241	163	9259	1	1	2	0	0	0	0	-1	0.000093881
SRR11032754.90718	22721	272	184	156285	119	119	103	1	2	132	1	60	0.000136720
SRR11032754.90813	20666	207	140	145114	238	238	130	2	3	114	1	0	0.000215081
SRR11032754.91009	20816	199	135	223044	20055	20055	4017	1	2	118	1	60	0.000897642
SRR11032754.91067	24731	281	190	238264	59898	59898	2194	3	4	144	1	0	0.000876802
SRR11032754.91190	20741	205	139	36955	453	453	596	1	2	107	1	60	0.000203080
SRR11032754.92100	22990	239	162	12235	273	273	326	1	2	116	1	60	0.000150320
SRR11032754.92194	23679	229	155	26118	231	231	272	0	0	0	0	-1	0.000129680
SRR11032754.92300	23412	235	159	6354	210	210	157	2	2	126	1	60	0.000160160
SRR11032754.92511	26213	274	185	36159	76	76	64	0	0	0	0	-1	0.000115240
SRR11032754.92655	22980	244	165	116669	38559	38559	1202	18	6	129	1	0	0.000743041
SRR11032754.92877	27758	302	204	91284	8663	8663	1078	24	3	140	1	0	0.000836002
SRR11032754.93057	23071	219	148	1346	49	49	80	0	0	0	0	-1	0.000092160
SRR11032754.93150	21789	222	150	128	0	0	0	0	0	0	0	-1	0.000087440
SRR11032754.93845	20502	225	152	357	4	4	8	0	0	0	0	-1	0.000103280
SRR11032754.94445	21318	208	141	41	0	0	0	0	0	0	0	-1	0.000087841
SRR11032754.95059	25342	276	187	9853	34	34	68	0	0	0	0	-1	0.000116160
SRR11032754.96467	23895	272	184	76	0	0	0	0	0	0	0	-1	0.000095040
SRR11032754.97488	26006	267	181	332	0	0	0	0	0	0	0	-1	0.000098800
SRR11032754.98536	25020	237	160	191	0	0	0	0	0	0	0	-1	0.000092720
SRR11032754.99250	27034	239	162	1669	0	0	0	0	0	0	0	-1	0.000098160
SRR11032754.100043	25855	272	184	145	0	0	0	0	0	0	0	-1	0.000098921
SRR11032754.101721	23153	241	163	230	0	0	0	0	0	0	0	-1	0.000089280
SRR11032754.102840	26711	252	171	222	0	0	0	0	0	0	0	-1	0.000097120
SRR11032754.103596	27259	265	179	411	0	0	0	0	0	0	0	-1	0.000100600
SRR11032754.106358	21722	231	156	88	0	0	0	0	0	0	0	-1	0.000083560
SRR11032754.107352	23630	248	168	645	0	0	0	0	0	0	0	-1	0.000091361
SRR11032754.108449	22901	223	151	338	0	0	0	0	0	0	0	-1	0.000082160
SRR11032754.110208	23314	204	138	167	0	0	0	0	0	0	0	-1	0.000081240
SRR11032754.111212	23413	208	141	265	0	0	0	0	0	0	0	-1	0.000083200
SRR11032754.111721	26475	262	177	233	0	0	0	0	0	0	0	-1	0.000098400
SRR11032754.112219	26456	254	172	364	0	0	0	0	0	0	0	-1	0.000115280
SRR11032754.112879	24451	236	160	172	0	0	0	0	0	0	0	-1	0.000089441
SRR11032754.113755	25825	248	168	128	0	0	0	0	0	0	0	-1	0.000090520
SRR11032754.114231	24942	253	171	433	3	3	6	0	0	0	0	-1	0.000093800
SRR11032754.114729	20702	201	136	205	0	0	0	0	0	0	0	-1	0.000072680
SRR11032754.115313	20052	211	143	415	0	0	0	0	0	0	0	-1	0.000075120
SRR11032754.115815	27322	248	168	182	0	0	0	0	0	0	0	-1	0.000095560
SRR11032754.116441	21892	195	132	149	0	0	0	0	0	0	0	-1	0.000077921
SRR11032754.116976	20360	186	126	168	0	0	0	0	0	0	0	-1	0.000071440
SRR11032754.117477	22063	221	150	119	0	0	0	0	0	0	0	-1	0.000079360
SRR11032754.118038	25718	293	198	341	0	0	0	0	0	0	0	-1	0.000101760
SRR11032754.119464	25216	253	171	354	2	2	4	0	0	0	0	-1	0.000095000
SRR11032754.120681	24415	215	146	90	0	0	0	0	0	0	0	-1	0.000083361
SRR11032754.121522	21431	196	133	216	0	0	0	0	0	0	0	-1	0.000074120
SRR11032754.122612	22526	201	136	228	0	0	0	0	0	0	0	-1	0.000077200
SRR11032722.116	20093	202	137	133005	65	65	41	2	3	89	1	60	0.000128361
SRR11032722.315	21924	236	160	25490	0	0	0	0	0	0	0	-1	0.000096960
SRR11032722.426	23203	234	158	220845	92	92	117	0	0	0	0	-1	0.000119040
SRR11032722.623	22104	223	151	82548	71	71	33	1	2	108	1	60	0.000124800
SRR11032722.730	27829	302	204	242382	112	112	57	1	2	160	1	60	0.000155600
SRR11032722.895	23836	212	144	90026	72	72	49	1	2	99	1	60	0.000131680
SRR11032722.997	21612	229	155	201786	74	74	45	1	2	106	1	60	0.000121760
SRR11032722.1176	20843	202	137	67409	92	92	69	1	2	101	1	60	0.000120600
SRR11032722.1342	22467	212	144	25773	63	63	43	0	0	0	0	-1	0.000100840
SRR11032722.1550	27799	292	198	38895	96	96	81	1	2	123	1	60	0.000152201
SRR11032722.1784	27542	289	196	1088	55	55	37	0	0	0	0	-1	0.000118600
SRR11032722.1897	27956	291	197	5566	111	111	39	1	2	164	1	60	0.000149800
SRR11032722.2053	24212	218	148	17323	72	72	55	1	0	0	0	-1	0.000126560
SRR11032722.2151	21978	231	156	108978	85	85	43	1	2	107	1	60	0.000129880
SRR11032722.2279	20144	220	149	6041	46	46	43	0	0	0	0	-1	0.000088040
SRR11032722.2400	27080	280	190	60075	68	68	59	0	0	0	0	-1	0.000118000
SRR11032722.2584	20041	188	127	83255	31	31	62	0	0	0	0	-1	0.000081680
SRR11032722.2821	27051	213	144	82033	187	187	293	0	0	0	0	-1	0.000112840
SRR11032722.2932	22047	190	129	86058	1668	1668	948	0	0	0	0	-1	0.000195200
SRR11032722.3044	21219	228	154	237515	85	85	53	1	2	111	1	60	0.000120440
SRR11032722.3174	27362	290	196	263226	81	81	49	2	3	125	1	60	0.000165041
SRR11032722.3315	26220	240	163	68771	79	79	47	1	2	99	1	60	0.000132481
SRR11032722.3467	26844	272	184	33327	69	69	63	0	0	0	0	-1	0.000116640
SRR11032722.3585	23437	261	177	104874	36	36	43	0	0	0	0	-1	0.000109360
SRR11032722.3756	20785	195	132	125846	16	16	23	0	0	0	0	-1	0.000077720
SRR11032722.3886	27237	258	175	92775	67	67	89	0	0	0	0	-1	0.000115761
SRR11032722.4043	23482	208	141	61777	83	83	35	2	3	105	1	60	0.000143881
SRR11032722.4216	20500	210	142	117867	54	54	59	0	0	0	0	-1	0.000089721
SRR11032722.4330	20114	205	139	417	0	0	0	0	0	0	0	-1	0.000075960
SRR11032722.4569	23994	269	182	147293	94	94	44	2	3	137	1	60	0.000150521
SRR11032722.4669	24677	251	170	167822	644	644	382	2	3	138	1	60	0.000346920
SRR11032722.4760	25390	272	184	41648	95	95	33	1	2	134	1	60	0.000135761
SRR11032722.4911	25578	227	154	118912	80	80	39	1	2	107	1	60	0.000123240
SRR11032722.5078	22655	197	133	33440	26	26	34	0	0	0	0	-1	0.000084320
SRR11032722.5214	22705	207	140	8740	73	73	45	1	2	107	1	60	0.000122841
SRR11032722.5300	23036	225	152	95741	98	98	46	2	4	122	1	60	0.000159760
SRR11032722.5403	25369	246	167	1686	44	44	37	0	0	0	0	-1	0.000103320
SRR11032722.5554	21618	235	159	96315	70	70	47	1	2	106	1	60	0.000121480
SRR11032722.5631	26385	261	177	6378	0	0	0	0	0	0	0	-1	0.000104441
SRR11032722.5849	22503	236	160	4324	65	65	37	1	2	100	1	60	0.000117280
SRR11032722.5997	27938	282	191	239053	115	115	71	1	2	141	1	60	0.000154280
SRR11032722.6098	22852	214	145	186	0	0	0	0	0	0	0	-1	0.000081600
SRR11032722.6210	27566	270	183	481	12	12	18	0	0	0	0	-1	0.000104000
SRR11032722.6330	26382	273	185	105586	116	116	57	1	2	150	1	60	0.000145760
SRR11032722.6482	20766	242	164	111950	62	62	41	0	0	0	0	-1	0.000102040
SRR11032722.6714	20018	186	126	54149	55	55	33	1	0	0	0	-1	0.000105040
SRR11032722.6875	26061	260	176	271	0	0	0	0	0	0	0	-1	0.000095120
SRR11032722.7012	24803	235	159	133168	21	21	35	0	0	0	0	-1	0.000094480
SRR11032722.7290	24974	240	163	78701	33	33	27	0	0	0	0	-1	0.000099920
SRR11032722.7476	21663	210	142	58999	41	41	29	0	0	0	0	-1	0.000088880
SRR11032722.7619	24024	238	161	25469	48	48	31	0	0	0	0	-1	0.000102320
SRR11032722.7783	24340	237	160	28669	0	0	0	0	0	0	0	-1	0.000095761
SRR11032722.7884	21784	208	141	11375	48	48	25	0	0	0	0	-1	0.000091121
SRR11032722.8030	23124	227	154	136651	112	112	105	1	2	111	1	60	0.000140880
SRR11032722.8192	25306	256	173	64893	80	80	69	1	2	104	1	60	0.000135720
SRR11032722.8303	20827	218	148	16944	57	57	51	0	0	0	0	-1	0.000094080
SRR11032722.8424	20471	204	138	34255	82	82	31	1	2	121	1	60	0.000111880
SRR11032722.8600	24308	243	165	150548	65	65	35	0	0	0	0	-1	0.000111680
SRR11032722.8907	20279	224	152	33906	44	44	45	0	0	0	0	-1	0.000085160
SRR11032722.9068	22976	243	165	100054	87	87	53	1	2	113	1	60	0.000129600
SRR11032722.9187	25975	277	187	60015	85	85	41	1	2	120	1	60	0.000165240
SRR11032722.9292	26391	225	152	63391	99	99	67	2	3	117	1	60	0.000143520
SRR11032722.9465	22511	216	146	173	0	0	0	0	0	0	0	-1	0.000079560
SRR11032722.9607	24166	239	162	201	6	6	12	0	0	0	0	-1	0.000092760
SRR11032722.9700	25854	292	198	1461	28	28	41	0	0	0	0	-1	0.000116681
SRR11032722.9841	21748	217	147	64069	79	79	31	1	2	121	1	60	0.000121320
SRR11032722.10016	26178	252	171	105948	95	95	37	1	2	135	1	60	0.000131800
SRR11032722.10236	22734	231	156	140	0	0	0	0	0	0	0	-1	0.000085120
SRR11032722.10344	20056	200	136	4194	69	69	37	1	2	83	1	60	0.000126521
SRR11032722.10540	22666	207	140	143277	57	57	33	1	2	88	1	60	0.000117720
SRR11032722.10716	24882	239	162	38814	57	57	63	0	0	0	0	-1	0.000107080
SRR11032722.10836	20667	196	133	53490	29	29	37	0	0	0	0	-1	0.000085720
SRR11032722.10962	20352	198	134	3128	54	54	29	1	2	84	1	60	0.000105321
SRR11032722.11125	21636	199	135	112	0	0	0	0	0	0	0	-1	0.000076400
SRR11032722.11324	20218	187	127	114	0	0	0	0	0	0	0	-1	0.000072960
SRR11032722.11443	23655	245	166	88278	77	77	37	1	2	114	1	60	0.000124160
SRR11032722.11621	20201	212	144	27113	49	49	29	0	0	0	0	-1	0.000089321
SRR11032722.11805	20495	213	144	202	0	0	0	0	0	0	0	-1	0.000076920
SRR11032722.12093	23545	264	179	67337	124	124	93	1	2	146	1	60	0.000146840
SRR11032722.12348	24725	226	153	15735	78	78	61	0	0	0	0	-1	0.000112680
SRR11032722.12540	23120	259	175	877	15	15	26	0	0	0	0	-1	0.000093961
SRR11032722.12712	24554	227	154	93070	64	64	63	0	0	0	0	-1	0.000107320
SRR11032722.12908	26940	281	190	38869	97	97	85	1	2	115	1	60	0.000158280
SRR11032722.13106	26710	247	167	100884	41	41	56	0	0	0	0	-1	0.000106440
SRR11032722.13257	26790	256	173	66182	35	35	59	0	0	0	0	-1	0.000106041
SRR11032722.13388	23929	266	180	100718	90	90	55	1	2	121	1	60	0.000126640
SRR11032722.13576	25034	269	182	43131	142	142	93	1	2	160	1	60	0.000149761
SRR11032722.13749	27793	289	196	120483	58	58	65	0	0	0	0	-1	0.000115241
SRR11032722.13893	24764	274	185	84212	60	60	51	0	0	0	0	-1	0.000110241
SRR11032722.14014	20594	218	148	3748	55	55	37	0	0	0	0	-1	0.000092961
SRR11032722.14174	24122	236	160	77991	61	61	29	0	0	0	0	-1	0.000105401
SRR11032722.14312	24788	273	185	280	0	0	0	0	0	0	0	-1	0.000105760
SRR11032722.14414	25447	263	178	105878	95	95	79	1	2	117	1	60	0.000140281
SRR11032722.14540	20682	209	142	40496	63	63	47	0	0	0	0	-1	0.000096800
SRR11032722.14663	24262	238	161	81830	22	22	19	0	0	0	0	-1	0.000095961
SRR11032722.14776	20078	216	146	1607	19	19	27	0	0	0	0	-1	0.000082521
SRR11032722.15017	26665	269	182	38361	69	69	37	0	0	0	0	-1	0.000115601
SRR11032722.15153	24310	245	166	246	2	2	4	0	0	0	0	-1	0.000090400
SRR11032722.15311	23397	221	150	2411	54	54	25	1	0	0	0	-1	0.000131360
SRR11032722.15434	27753	252	171	18254	24	24	40	0	0	0	0	-1	0.000105600
SRR11032722.15534	24911	250	169	28531	90	90	89	0	0	0	0	-1	0.000116720
SRR11032722.15679	21361	223	151	18860	0	0	0	0	0	0	0	-1	0.000079600
SRR11032722.15829	26290	259	175	87597	69	69	45	1	2	107	1	60	0.000130160
SRR11032722.15994	27253	282	191	59582	100	100	77	1	2	125	1	60	0.000155800
SRR11032722.16201	20720	223	151	115646	153	153	143	2	3	123	1	60	0.000171120
SRR11032722.16329	23403	236	160	574	39	39	35	0	0	0	0	-1	0.000096040
SRR11032722.16427	27610	275	186	66401	84	84	65	0	0	0	0	-1	0.000127400
SRR11032722.16544	25528	232	157	234376	107	107	73	1	2	111	1	60	0.000137600
SRR11032722.16635	23652	241	163	143003	86	86	35	1	2	122	1	60	0.000120360
SRR11032722.16766	22832	217	147	40951	78	78	51	1	2	103	1	60	0.000131680
SRR11032722.16882	21425	222	150	17717	35	35	41	0	0	0	0	-1	0.000088200
SRR11032722.17062	21427	222	150	18742	4	4	8	0	0	0	0	-1	0.000081161
SRR11032722.17279	21766	226	153	124638	89	89	100	0	0	0	0	-1	0.000109161
SRR11032722.17450	24366	278	188	18329	123	123	101	1	2	131	1	60	0.000152600
SRR11032722.17637	26785	265	179	62414	88	88	95	0	0	0	0	-1	0.000120440
SRR11032722.17732	21468	219	148	241420	133	133	111	1	2	138	1	60	0.000148521
SRR11032722.17914	27051	300	203	187829	93	93	67	2	3	125	1	60	0.000175600
SRR11032722.18139	22606	222	150	98692	77	77	65	0	0	0	0	-1	0.000105080
SRR11032722.18287	23336	232	157	108345	88	88	104	0	0	0	0	-1	0.000118400
SRR11032722.18472	20384	202	137	87873	46	46	45	0	0	0	0	-1	0.000086760
SRR11032722.18631	24218	243	165	32657	108	108	67	1	2	140	1	60	0.000134080
SRR11032722.18817	20578	190	129	17715	48	48	31	0	0	0	0	-1	0.000104721
SRR11032722.18988	20946	199	135	108393	153	153	209	1	2	99	1	60	0.000146241
SRR11032722.19156	22904	236	160	3474	89	89	57	1	2	112	1	60	0.000127441
SRR11032722.19345	23679	237	160	64489	90	90	51	1	2	118	1	60	0.000127440
SRR11032722.19449	20231	217	147	64443	67	67	47	1	2	94	1	60	0.000117721
SRR11032722.19601	24484	261	177	326	12	12	24	0	0	0	0	-1	0.000097040
SRR11032722.19710	23643	217	147	9786	47	47	53	0	0	0	0	-1	0.000095200
SRR11032722.19860	26320	262	177	66327	72	72	81	0	0	0	0	-1	0.000115560
SRR11032722.19988	21187	224	152	113315	92	92	77	2	3	102	1	60	0.000155881
SRR11032722.20263	22089	181	123	324	4	4	8	0	0	0	0	-1	0.000078760
SRR11032722.20350	21655	203	138	133278	60	60	35	0	0	0	0	-1	0.000095921
SRR11032722.20477	22632	251	170	21482	45	45	23	0	0	0	0	-1	0.000098841
SRR11032722.20593	26261	284	192	2539	24	24	47	0	0	0	0	-1	0.000108200
SRR11032722.20735	20274	201	136	1555	96	96	87	2	3	91	1	60	0.000133320
SRR11032722.20929	22099	212	144	14517	19	19	35	0	0	0	0	-1	0.000085960
SRR11032722.21171	22764	236	160	158	0	0	0	0	0	0	0	-1	0.000086280
SRR11032722.21331	27225	279	189	112547	56	56	65	0	0	0	0	-1	0.000113440
SRR11032722.21452	24421	253	171	50829	118	118	59	1	2	144	1	60	0.000135400
SRR11032722.21635	20463	180	122	91103	22	22	26	0	0	0	0	-1	0.000077560
SRR11032722.21746	26599	285	193	73268	93	93	39	1	2	144	1	60	0.000174641
SRR11032722.21898	22369	234	158	57050	44	44	33	0	0	0	0	-1	0.000096961
SRR11032722.22087	24302	266	180	84732	88	88	25	1	2	134	1	60	0.000131760
SRR11032722.22304	22944	211	143	30764	57	57	29	1	2	89	1	60	0.000119400
SRR11032722.22394	24895	240	163	33427	9	9	8	0	0	0	0	-1	0.000142440
SRR11032722.22587	21323	187	127	14502	0	0	0	0	0	0	0	-1	0.000075240
SRR11032722.22696	20330	201	136	17287	41	41	17	0	0	0	0	-1	0.000087681
SRR11032722.22842	27848	260	176	11325	96	96	39	1	2	138	1	60	0.000160240
SRR11032722.22983	20232	202	137	26139	67	67	22	2	3	98	1	60	0.000123120
SRR11032722.23043	23805	266	180	85878	74	74	59	0	0	0	0	-1	0.000111641
SRR11032722.23159	20007	219	148	14400	4	4	8	0	0	0	0	-1	0.000099721
SRR11032722.23373	20557	218	148	200203	112	112	87	1	2	120	1	60	0.000130360
SRR11032722.23507	21715	196	133	468	58	58	37	1	2	82	1	60	0.000109760
SRR11032722.23660	25822	238	161	105515	84	84	37	1	2	119	1	60	0.000132960
SRR11032722.23804	22498	270	183	71982	13849	13849	1038	35	6	159	1	0	0.000904002
SRR11032722.23930	27155	266	180	23476	21	21	24	0	0	0	0	-1	0.000112761
SRR11032722.24091	27506	312	211	5620	43	43	49	0	0	0	0	-1	0.000116601
SRR11032722.24218	25438	259	175	37478	96	96	49	1	2	126	1	60	0.000137121
SRR11032722.24434	20658	210	142	340	13	13	26	0	0	0	0	-1	0.000081840
SRR11032722.24569	26930	254	172	18924	17	17	26	0	0	0	0	-1	0.000101360
SRR11032722.24771	20104	199	135	218949	112	112	104	1	2	98	1	60	0.000128320
SRR11032722.24975	21802	211	143	9187	52	52	23	1	2	85	1	60	0.000113840
SRR11032722.25096	22137	216	146	222	3	3	6	0	0	0	0	-1	0.000082680
SRR11032722.25209	23260	232	157	122799	86	86	51	1	2	116	1	60	0.000125400
SRR11032722.25420	26668	255	173	26867	74	74	47	2	3	106	1	60	0.000154800
SRR11032722.25688	20694	197	133	56967	42	42	47	0	0	0	0	-1	0.000085440
SRR11032722.25889	25316	250	169	58699	71	71	47	0	0	0	0	-1	0.000118240
SRR11032684.196	23248	226	153	46585	70	70	29	1	2	107	1	60	0.000119001
SRR11032684.356	20515	212	144	69568	55	55	27	0	0	0	0	-1	0.000094640
SRR11032684.534	20019	179	121	142085	71	71	55	1	2	81	1	60	0.000107680
SRR11032684.729	20889	220	149	71051	76	76	71	1	2	94	1	60	0.000127400
SRR11032684.921	25329	229	155	152913	125	125	111	1	2	120	1	60	0.000149641
SRR11032684.1012	23386	247	167	21171	81	81	26	2	3	123	1	60	0.000137521
SRR11032684.1193	26142	261	177	134322	87	87	27	1	2	132	1	60	0.000142720
SRR11032684.1475	25567	252	171	402	12	12	24	0	0	0	0	-1	0.000098240
SRR11032684.1594	21403	206	140	12980	89	89	37	2	3	111	1	60	0.000132280
SRR11032684.1759	23743	266	180	13918	135	135	85	1	2	151	1	60	0.000145000
SRR11032684.1898	23340	252	171	25275	95	95	47	1	2	131	1	60	0.000128360
SRR11032684.2132	20011	206	140	60250	77	77	53	1	2	101	1	60	0.000109601
SRR11032684.2349	21180	210	142	69879	91	91	51	1	2	111	1	60	0.000126961
SRR11032684.2594	22101	195	132	175048	59	59	55	1	0	0	0	-1	0.000113440
SRR11032684.2717	25370	232	157	64248	9618	9618	812	4	3	94	1	0	0.000278321
SRR11032684.2797	21256	200	136	85598	3167	3167	691	3	4	81	1	0	0.000201161
SRR11032684.2980	22046	204	138	94815	682	682	497	0	0	0	0	-1	0.000120281
SRR11032684.3140	27557	270	183	78532	44	44	86	0	0	0	0	-1	0.000101241
SRR11032684.3196	26499	222	150	85009	174	174	263	0	0	0	0	-1	0.000111560
SRR11032684.3394	21019	212	144	175261	153	153	82	3	3	91	1	0	0.000179321
SRR11032684.3530	22517	192	130	99347	44	44	17	1	2	78	1	60	0.000101520
SRR11032684.3707	21120	223	151	128862	68	68	47	1	2	94	1	60	0.000125320
SRR11032684.3805	22406	201	136	66381	62	62	29	1	2	88	1	60	0.000111480
SRR11032684.3956	23771	214	145	341	2	2	4	0	0	0	0	-1	0.000085160
SRR11032684.4081	21017	220	149	19235	35	35	51	0	0	0	0	-1	0.000088880
SRR11032684.4254	23886	260	176	12311	141	141	143	1	2	128	1	60	0.000167480
SRR11032684.4357	27900	253	171	85089	101	101	75	1	2	102	1	60	0.000140480
SRR11032684.4513	23121	214	145	14086	87	87	68	1	2	94	1	60	0.000123360
SRR11032684.4721	22879	203	138	38206	58	58	29	2	3	91	1	60	0.000125920
SRR11032684.4898	21292	203	138	48779	46	46	35	0	0	0	0	-1	0.000088320
SRR11032684.5052	22593	202	137	43205	104	104	163	0	0	0	0	-1	0.000108561
SRR11032684.5170	25769	265	179	239821	90	90	53	2	3	126	1	60	0.000166320
SRR11032684.5337	23789	227	154	143260	83	83	41	2	3	105	1	60	0.000132920
SRR11032684.5508	25870	265	179	62411	52	52	40	0	0	0	0	-1	0.000108120
SRR11032684.5665	25603	259	175	18860	17	17	23	0	0	0	0	-1	0.000108360
SRR11032684.5740	23705	251	170	110828	60	60	29	0	0	0	0	-1	0.000111801
SRR11032684.5809	22117	230	156	44115	95	95	39	1	2	132	1	60	0.000124240
SRR11032684.5916	21567	207	140	119047	48	48	51	0	0	0	0	-1	0.000089040
SRR11032684.6117	20202	198	134	237	2	2	4	0	0	0	0	-1	0.000076001
SRR11032684.6371	26152	262	177	174362	122	122	97	1	2	133	1	60	0.000154641
SRR11032684.6560	25078	242	164	133278	83	83	67	1	0	0	0	-1	0.000136401
SRR11032684.6702	20565	195	132	84408	92	92	79	1	2	93	1	60	0.000116681
SRR11032684.6825	27705	299	202	167616	84	84	43	1	2	124	1	60	0.000145521
SRR11032684.6961	24814	234	158	10195	50	50	51	0	0	0	0	-1	0.000120480
SRR11032684.7179	22381	233	158	84413	75	75	32	2	3	113	1	60	0.000129681
SRR11032684.7280	24805	265	179	84418	68	68	7	2	3	134	1	60	0.000140241
SRR11032684.7619	25334	244	165	101825	178	178	154	2	3	113	1	60	0.000169201
SRR11032684.7862	21571	237	160	299292	81	81	37	2	3	119	1	60	0.000135601
SRR11032684.8025	22148	242	164	3745	11	11	5	0	0	0	0	-1	0.000095600
SRR11032684.8185	22856	269	182	12512	97	97	57	1	2	127	1	60	0.000135720
SRR11032684.8375	20325	188	127	15724	51	51	29	1	2	79	1	60	0.000122800
SRR11032684.8644	23324	253	171	21128	71	71	47	2	3	110	1	60	0.000143080
SRR11032684.8752	20440	212	144	21974	101	101	65	1	2	116	1	60	0.000121881
SRR11032684.8904	22528	204	138	131513	73	73	21	1	2	111	1	60	0.000113241
SRR11032684.9077	21811	210	142	81993	85	85	75	1	2	85	1	60	0.000124880
SRR11032684.9315	27652	255	173	49831	71	71	49	1	0	0	0	-1	0.000134200
SRR11032684.9437	27087	230	156	117539	45	45	33	0	0	0	0	-1	0.000123240
SRR11032684.9655	21703	191	129	5185	74	74	53	1	2	83	1	60	0.000113560
SRR11032684.9884	25397	248	168	199420	127	127	99	1	2	130	1	60	0.000142760
SRR11032684.10046	26682	261	177	148360	118	118	103	1	2	121	1	60	0.000145681
SRR11032684.10161	24711	292	198	200243	142	142	107	1	2	165	1	60	0.000155041
SRR11032684.10412	24694	246	167	23200	91	91	67	1	2	106	1	60	0.000143041
SRR11032684.10626	27658	253	171	163974	87	87	71	1	2	107	1	60	0.000134721
SRR11032684.10819	20528	217	147	170256	88	88	44	2	3	110	1	60	0.000152241
SRR11032684.10967	27619	264	179	112821	39	39	21	0	0	0	0	-1	0.000109721
SRR11032684.11045	25639	268	181	44473	118	118	75	2	3	146	1	60	0.000163161
SRR11032684.11219	26008	267	181	58863	84	84	29	1	2	137	1	60	0.000133761
SRR11032684.11400	27903	265	179	166023	100	100	39	1	2	139	1	60	0.000160880
SRR11032684.11526	25982	263	178	1199	68	68	37	0	0	0	0	-1	0.000119320
SRR11032684.11701	25932	238	161	17400	41	41	51	0	0	0	0	-1	0.000101960
SRR11032684.11963	22962	255	173	53264	56	56	27	1	0	0	0	-1	0.000121440
SRR11032684.12236	21212	224	152	31740	78	78	49	1	2	102	1	60	0.000126680
SRR11032684.12379	21978	230	156	19792	77	77	75	1	2	96	1	60	0.000122920
SRR11032684.12594	24477	271	183	47495	77	77	47	1	2	111	1	60	0.000131920
SRR11032684.12691	24077	244	165	16633	51	51	47	0	0	0	0	-1	0.000098440
SRR11032684.12880	23106	221	150	178959	93	93	51	1	2	115	1	60	0.000129201
SRR11032684.13078	21244	229	155	42909	6383	6383	1030	6	6	117	1	0	0.000320120
SRR11032684.13337	21179	219	148	7826	24	24	37	0	0	0	0	-1	0.000086480
SRR11032684.13553	24223	232	157	120820	122	122	111	1	2	116	1	60	0.000147081
SRR11032684.13738	27454	266	180	124598	53	53	45	0	0	0	0	-1	0.000112200
SRR11032684.13917	24337	248	168	1313	4	4	8	0	0	0	0	-1	0.000093160
SRR11032684.14124	20138	205	139	168610	75	75	29	1	2	109	1	60	0.000118560
SRR11032684.14298	20652	228	154	13727	97	97	39	1	2	136	1	60	0.000118680
SRR11032684.14433	26434	265	179	50352	114	114	79	1	2	138	1	60	0.000147200
SRR11032684.14642	26339	259	175	54677	109	109	119	0	0	0	0	-1	0.000134080
SRR11032684.14818	26734	259	175	150052	91	91	43	2	2	134	1	60	0.000155960
SRR11032684.15005	23604	239	162	275726	94	94	83	2	3	105	1	60	0.000145240
SRR11032684.15164	20241	193	131	21113	48	48	27	1	2	88	1	60	0.000102480
SRR11032684.15284	23308	253	171	101500	77	77	55	0	0	0	0	-1	0.000117320
SRR11032684.15367	23023	219	148	38751	56	56	53	0	0	0	0	-1	0.000094081
SRR11032684.15598	23341	243	165	82403	43	43	37	0	0	0	0	-1	0.000095560
SRR11032684.15754	27727	300	203	173931	112	112	93	1	2	137	1	60	0.000167600
SRR11032684.15949	23814	259	175	73275	110	110	47	1	2	151	1	60	0.000133000
SRR11032684.16150	25985	230	156	61436	119	119	95	1	2	98	1	60	0.000141241
SRR11032684.16316	21184	215	146	237822	155	155	207	1	2	102	1	60	0.000157320
SRR11032684.16455	22146	243	165	44421	110	110	105	1	2	107	1	60	0.000136440
SRR11032684.16694	24081	258	175	2161	94	94	85	0	0	0	0	-1	0.000116360
SRR11032684.16821	25700	284	192	88067	68	68	69	0	0	0	0	-1	0.000116721
SRR11032684.17123	24358	259	175	214537	252	252	342	1	2	152	1	60	0.000188400
SRR11032684.17208	27641	298	202	140639	206	206	237	1	2	173	1	60	0.000190840
SRR11032684.17316	20761	204	138	94026	90	90	61	2	3	104	1	60	0.000136960
SRR11032684.17449	20817	205	139	84561	69	69	35	1	2	104	1	60	0.000114920
SRR11032684.17619	27769	278	188	68336	91	91	41	1	2	129	1	60	0.000140800
SRR11032684.17808	23536	224	152	72825	84	84	77	0	0	0	0	-1	0.000109961
SRR11032684.17973	20978	193	131	10051	71	71	43	1	2	92	1	60	0.000112721
SRR11032684.18130	21027	204	138	8436	52	52	51	0	0	0	0	-1	0.000099201
SRR11032684.18289	24015	230	156	201385	122	122	99	1	2	123	1	60	0.000140840
SRR11032684.18447	20626	201	136	560	6	6	12	0	0	0	0	-1	0.000079560
SRR11032684.18668	21580	222	150	605	91	91	65	2	3	107	1	60	0.000149720
SRR11032684.18855	25089	210	142	55898	87	87	67	1	2	98	1	60	0.000135600
SRR11032684.19036	27313	296	200	11291	127	127	90	2	3	154	1	60	0.000179761
SRR11032684.19211	22714	243	165	16977	81	81	47	1	2	117	1	60	0.000123561
SRR11032684.19330	25686	271	183	287906	214	214	222	2	3	171	1	60	0.000188841
SRR11032684.19413	24055	216	146	67661	57	57	53	0	0	0	0	-1	0.000098880
SRR11032684.19562	21732	213	144	133411	110	110	81	2	3	121	1	60	0.000154121
SRR11032684.19724	26709	263	178	61996	55	55	61	0	0	0	0	-1	0.000112241
SRR11032684.19943	21360	185	125	5294	33	33	21	0	0	0	0	-1	0.000084640
SRR11032684.20111	22975	261	177	129706	128	128	101	1	2	131	1	60	0.000139880
SRR11032684.20269	22798	227	154	169100	30	30	31	0	0	0	0	-1	0.000091480
SRR11032684.20474	24125	213	144	12870	109	109	77	1	2	114	1	60	0.000132641
SRR11032684.20654	21417	202	137	50964	63	63	51	1	2	90	1	60	0.000112240
SRR11032684.20796	24445	234	158	37199	107	107	84	2	3	108	1	60	0.000141081
SRR11032684.21101	26712	284	192	169345	136	136	107	2	3	152	1	60	0.000179760
SRR11032684.21248	25369	237	160	105945	65	65	76	0	0	0	0	-1	0.000104560
SRR11032684.21459	25932	230	156	39176	68	68	29	2	3	102	1	60	0.000134840
SRR11032684.21540	24432	246	167	120494	76	76	39	1	2	107	1	60	0.000146561
SRR11032684.21763	26108	223	151	29576	15	15	28	0	0	0	0	-1	0.000093800
SRR11032684.21851	22337	209	142	4378	96	96	81	1	2	103	1	60	0.000122921
SRR11032684.21922	21065	191	129	94880	144	144	161	1	2	96	1	60	0.000133761
SRR11032684.22053	22798	230	156	214	0	0	0	0	0	0	0	-1	0.000085761
SRR11032684.22275	26561	265	179	98766	123	123	87	1	2	123	1	60	0.000152360
SRR11032684.22522	25642	242	164	33168	67	67	35	0	0	0	0	-1	0.000111720
SRR11032684.22633	24678	258	175	261348	115	115	97	1	2	126	1	60	0.000139920
SRR11032684.22773	24900	254	172	40529	53	53	39	0	0	0	0	-1	0.000109160
SRR11032684.22965	25113	280	190	142148	50	50	31	0	0	0	0	-1	0.000110400
SRR11032684.23080	21148	233	158	18400	61	61	33	1	2	95	1	60	0.000114000
SRR11032684.23265	27872	294	199	137627	91	91	126	0	0	0	0	-1	0.000135440
SRR11032684.23460	27826	279	189	74986	82	82	41	1	2	127	1	60	0.000143600
SRR11032684.23596	24728	222	150	87885	87	87	95	2	3	90	1	60	0.000167760
SRR11032684.23777	20979	222	150	6922	57	57	25	1	2	89	1	60	0.000118561
SRR11032684.24046	20791	174	118	2736	19	19	38	0	0	0	0	-1	0.000078081
SRR11032684.24264	25569	243	165	115726	148	148	131	2	3	127	1	60	0.000187881
SRR11032684.24434	25703	270	183	283119	126	126	99	1	2	142	1	60	0.000154281
SRR11032684.24638	27347	289	196	184205	99	99	39	2	3	147	1	60	0.000163760
SRR11032684.24836	26042	279	189	263536	123	123	93	1	2	127	1	60	0.000156400
SRR11032684.25069	25841	268	181	122907	105	105	41	1	2	148	1	60	0.000144640
SRR11032684.25243	27641	280	190	32757	155	155	140	2	3	138	1	60	0.000191440
SRR11032684.25407	20303	247	167	55484	6320	6320	744	18	3	114	1	0	0.000469882
SRR11032684.25568	22047	228	154	70825	75	75	31	1	2	115	1	60	0.000117121
SRR11032684.25688	24495	252	171	42778	101	101	71	1	2	115	1	60	0.000144840
SRR11032684.25829	23668	226	153	22072	84	84	43	1	2	110	1	60	0.000122320
SRR11032684.26064	23115	217	147	116434	87	87	53	2	3	108	1	60	0.000153240
SRR11032684.26187	27779	298	202	189211	151	151	99	1	2	174	1	60	0.000168480
SRR11032684.26276	21070	244	165	16718	105	105	71	1	2	129	1	60	0.000128960
SRR11032684.26518	22315	225	152	9439	67	67	33	1	2	95	1	60	0.000117400
SRR11032684.26821	20547	182	123	71076	66	66	37	1	2	85	1	60	0.000102840
SRR11032684.27037	20453	234	158	204	0	0	0	0	0	0	0	-1	0.000082880
SRR11032684.27177	22990	237	160	57227	105	105	111	2	3	98	1	60	0.000189801
SRR11032684.27304	22819	203	138	138	0	0	0	0	0	0	0	-1	0.000080201
SRR11032684.27452	23330	225	152	156210	95	95	87	2	3	94	1	60	0.000160640
SRR11032684.27593	22212	244	165	99047	78	78	31	1	2	116	1	60	0.000120960
SRR11032684.27792	25796	254	172	271818	107	107	67	1	2	129	1	60	0.000140641
SRR11032684.28001	21145	213	144	1415	67	67	29	1	2	111	1	60	0.000114521
SRR11032684.28102	27041	255	173	19268	80	80	43	1	2	109	1	60	0.000134561
SRR11032684.28317	26909	290	196	144917	113	113	49	1	2	150	1	60	0.000156361
SRR11032684.28588	27243	235	159	581	19	19	36	0	0	0	0	-1	0.000101440
SRR11032684.28773	27242	289	196	2194	8	8	16	0	0	0	0	-1	0.000105880
SRR11032684.28998	23779	239	162	173606	111	111	83	1	2	133	1	60	0.000141761
SRR11032684.29215	23687	241	163	111877	88	88	75	1	2	99	1	60	0.000130600
SRR11032684.29316	21120	323	219	86799	31061	31061	782	3	4	234	1	0	0.000363481
SRR11032684.29526	22149	225	152	56066	77	77	35	1	2	108	1	60	0.000128440
SRR11032684.29759	20682	189	128	39934	36	36	41	0	0	0	0	-1	0.000083880
SRR11032684.29981	21123	199	135	220	3	3	6	0	0	0	0	-1	0.000077720
SRR11032684.30243	27140	267	181	238241	112	112	93	1	2	119	1	60	0.000148561
SRR11032684.30474	22804	239	162	40874	73	73	30	2	4	102	1	60	0.000132921
SRR11032684.30636	21905	213	144	77765	66	66	33	1	2	87	1	60	0.000124360
SRR11032684.30760	21402	202	137	41561	89	89	93	1	2	84	1	60	0.000124480
SRR11032684.30911	21062	217	147	147370	78	78	45	2	3	110	1	60	0.000139520
SRR11032684.31037	27912	291	197	213893	161	161	137	1	2	166	1	60	0.000171080
SRR11032684.31201	22451	225	152	547	72	72	39	1	2	96	1	60	0.000115520
SRR11032684.31409	27127	269	182	13101	64	64	21	1	2	118	1	60	0.000152921
SRR11032684.31618	23460	235	159	170710	73	73	39	1	2	111	1	60	0.000125121
SRR11032684.31760	21496	216	146	6736	54	54	37	2	3	87	1	60	0.000136761
SRR11032684.31901	20137	205	139	133774	89	89	43	1	2	111	1	60	0.000130721
SRR11032684.32128	26187	263	178	213606	104	104	67	1	2	125	1	60	0.000143281
SRR11032684.32180	25101	295	200	231599	94	94	48	2	3	140	1	60	0.000164481
SRR11032684.32400	22593	198	134	59207	55	55	29	1	2	88	1	60	0.000108440
SRR11032684.32551	25208	238	161	39781	84	84	57	1	2	115	1	60	0.000131440
SRR11032684.32679	25525	242	164	113485	114	114	91	1	2	120	1	60	0.000138600
SRR11032684.32845	24856	235	159	50634	126	126	97	2	3	126	1	60	0.000151240
SRR11032684.33038	22889	217	147	3288	25	25	31	0	0	0	0	-1	0.000088640
SRR11032684.33168	23427	234	158	62138	84	84	39	1	2	118	1	60	0.000125880
SRR11032684.33396	21607	216	146	1283	85	85	32	2	3	123	1	60	0.000142361
SRR11032684.33498	20534	208	141	153056	126	126	109	1	2	122	1	60	0.000130961
SRR11032684.33658	20457	192	130	51087	84	84	63	1	2	98	1	60	0.000112961
SRR11032684.33833	22305	234	158	88051	111	111	81	1	2	117	1	60	0.000131241
SRR11032684.34081	20328	206	140	9123	33	33	34	0	0	0	0	-1	0.000083321
SRR11032684.34268	27721	286	194	102838	116	116	51	1	2	161	1	60	0.000158401
SRR11032684.34427	22505	222	150	146029	67	67	33	1	2	106	1	60	0.000129241
SRR11032684.34595	24861	286	194	70967	72	72	43	0	0	0	0	-1	0.000124801
SRR11032684.34750	27547	299	202	91948	78	78	41	0	0	0	0	-1	0.000130201
SRR11032684.34979	23164	231	156	453	38	38	35	0	0	0	0	-1	0.000095681
SRR11032684.35148	21165	231	156	31281	56	56	55	0	0	0	0	-1	0.000115481
SRR11032684.35357	20409	211	143	60213	92	92	41	1	2	123	1	60	0.000119521
SRR11032684.35446	25766	290	196	267767	107	107	41	1	2	159	1	60	0.000149401
SRR11032684.35724	27838	286	194	60966	483	483	343	2	3	145	1	0	0.000257161
SRR11032684.35935	20146	203	138	208190	87	87	55	1	2	101	1	60	0.000261080
SRR11032684.36102	23734	239	162	46768	64	64	33	0	0	0	0	-1	0.000107321
SRR11032684.36190	25570	274	185	84011	153	153	89	2	3	139	1	60	0.000171921
SRR11032684.36371	26602	265	179	15620	85	85	31	1	2	114	1	60	0.000134360
SRR11032684.36490	27901	306	207	76274	75	75	47	0	0	0	0	-1	0.000125240
SRR11032684.36576	20070	203	138	12304	96	96	80	2	3	92	1	60	0.000135400
SRR11032684.36740	27419	297	201	122499	138	138	69	1	2	182	1	60	0.000161841
SRR11032684.36937	23419	244	165	3484	68	68	35	1	2	111	1	60	0.000120880
SRR11032684.37239	23769	218	148	76369	37	37	25	0	0	0	0	-1	0.000092440
SRR11032684.37460	21674	233	158	112116	103	103	75	1	2	120	1	60	0.000141000
SRR11032684.37642	24382	262	177	39922	80	80	37	1	2	124	1	60	0.000135360
SRR11032684.37775	21882	246	167	139114	77	77	45	1	2	112	1	60	0.000125280
SRR11032684.38002	20414	221	150	86506	71	71	23	1	2	113	1	60	0.000117440
SRR11032684.38197	20820	222	150	37484	183	183	194	0	0	0	0	-1	0.000107080
SRR11032684.38311	23639	240	163	24242	12	12	24	0	0	0	0	-1	0.000092040
SRR11032684.38496	23816	241	163	6163	56	56	27	1	0	0	0	-1	0.000116961
SRR11032684.38625	23308	233	158	80945	82	82	51	1	2	96	1	60	0.000143401
SRR11032684.38760	20911	193	131	76460	31	31	39	0	0	0	0	-1	0.000083561
SRR11032684.38918	20377	189	128	89857	67	67	40	2	3	86	1	60	0.000114920
SRR11032684.39114	21132	182	123	119508	34	34	22	0	0	0	0	-1	0.000086440
SRR11032684.39335	26469	269	182	19586	93	93	37	1	2	140	1	60	0.000134880
SRR11032684.39458	26059	239	162	48568	105	105	75	2	4	110	1	60	0.000149721
SRR11032684.39597	21669	218	148	218188	158	158	185	2	3	122	1	60	0.000185441
SRR11032684.39732	20777	211	143	131568	46	46	29	1	0	0	0	-1	0.000110760
SRR11032684.39997	24117	254	172	176987	90	90	39	1	2	128	1	60	0.000136200
SRR11032684.40156	20017	208	141	21290	0	0	0	0	0	0	0	-1	0.000076360
SRR11032684.40286	21498	209	142	60836	21	21	9	0	0	0	0	-1	0.000080760
SRR11032684.40416	20735	198	134	78392	70	70	39	1	2	88	1	60	0.000115760
SRR11032684.40741	26134	268	181	58481	102	102	67	1	2	133	1	60	0.000144001
SRR11032684.40966	20225	206	140	144148	78	78	81	1	2	86	1	60	0.000121200
SRR11032684.41154	24628	213	144	72615	34	34	39	0	0	0	0	-1	0.000094520
SRR11032684.41387	22936	230	156	361062	136	136	146	2	3	123	1	60	0.000169640
SRR11032684.41499	20158	158	107	28098	5786	5786	450	17	8	76	1	0	0.000344321
SRR11032684.41598	27192	284	192	15116	102	102	31	1	2	159	1	60	0.000141960
SRR11032684.41755	27726	263	178	113	0	0	0	0	0	0	0	-1	0.000098640
SRR11032684.41923	20239	179	121	210761	79	79	57	1	2	86	1	60	0.000109360
SRR11032684.42112	25166	246	167	28859	83	83	47	2	3	123	1	60	0.000144441
SRR11032684.42378	23741	252	171	86408	95	95	65	1	2	118	1	60	0.000148161
SRR11032684.42534	24643	250	169	79428	95	95	101	0	0	0	0	-1	0.000119641
SRR11032684.42798	20928	219	148	185272	52	52	27	0	0	0	0	-1	0.000092681
SRR11032684.42953	22148	207	140	32297	59	59	37	2	3	89	1	60	0.000150681
SRR11032684.43173	20435	202	137	19213	33	33	17	0	0	0	0	-1	0.000085080
SRR11032684.43341	27155	267	181	193610	101	101	148	0	0	0	0	-1	0.000124321
SRR11032684.43593	24007	246	167	14941	102	102	51	1	2	132	1	60	0.000144161
SRR11032684.43768	24776	255	173	131797	113	113	39	1	2	146	1	60	0.000142720
SRR11032684.44090	23321	237	160	96655	71	71	45	1	2	107	1	60	0.000129360
SRR11032684.44289	21616	201	136	75160	68	68	43	2	3	84	1	60	0.000135720
SRR11032684.44484	26941	265	179	204242	132	132	145	1	2	122	1	60	0.000173320
SRR11032684.44626	23583	237	160	98236	110	110	81	1	2	122	1	60	0.000136601
SRR11032684.44816	24401	264	179	13161	91	91	33	1	2	142	1	60	0.000132401
SRR11032684.44950	26013	252	171	88682	108	108	41	1	2	139	1	60	0.000137961
SRR11032684.45100	24827	239	162	39672	125	125	97	1	2	132	1	60	0.000136080
SRR11032684.45263	27948	257	174	18237	95	95	45	1	2	131	1	60	0.000159800
SRR11032684.45494	21923	250	169	103520	86	86	45	1	2	120	1	60	0.000128000
SRR11032684.45668	21198	202	137	122624	118	118	119	1	2	106	1	60	0.000126680
SRR11032684.45871	21218	213	144	185724	70	70	31	1	2	100	1	60	0.000118440
SRR11032684.46034	20720	218	148	122868	66	66	25	2	3	105	1	60	0.000137240
SRR11032684.46213	27091	285	193	83121	11881	11881	964	7	4	122	1	0	0.000377401
SRR11032684.46491	25543	275	186	86251	100	100	53	1	2	137	1	60	0.000140040
SRR11032684.46701	21447	198	134	10019	79	79	51	1	2	93	1	60	0.000114720
SRR11032684.46858	21455	212	144	195309	143	143	150	1	2	98	1	60	0.000156040
SRR11032684.46992	20004	204	138	13939	57	57	39	0	0	0	0	-1	0.000088520
SRR11032684.47162	25843	271	183	118854	130	130	97	2	3	136	1	60	0.000184760
SRR11032684.47437	20572	204	138	106698	93	93	47	1	2	119	1	60	0.000115841
SRR11032684.47561	21563	206	140	8066	96	96	31	1	2	120	1	60	0.000114640
SRR11032684.47769	26382	249	169	40256	92	92	67	1	2	107	1	60	0.000145440
SRR11032684.48010	24861	247	167	61698	112	112	67	2	3	139	1	60	0.000148281
SRR11032684.48196	23749	261	177	208259	116	116	71	1	2	141	1	60	0.000137200
SRR11032684.48341	22316	211	143	29002	79	79	33	1	2	113	1	60	0.000117640
SRR11032684.48570	22198	234	158	11149	6	6	12	0	0	0	0	-1	0.000089760
SRR11032684.48796	22083	227	154	131046	105	105	113	1	2	95	1	60	0.000132681
SRR11032684.48908	25451	258	175	21648	53	53	45	0	0	0	0	-1	0.000107681
SRR11032684.49070	23569	224	152	13930	39	39	57	0	0	0	0	-1	0.000094281
SRR11032684.49206	23256	230	156	83637	112	112	83	1	2	118	1	60	0.000130880
SRR11032684.49323	23925	223	151	95477	118	118	83	1	2	127	1	60	0.000142640
SRR11032684.49412	24687	267	181	194642	89	89	65	1	2	109	1	60	0.000145640
SRR11032684.49617	20796	207	140	111749	35	35	21	0	0	0	0	-1	0.000086880
SRR11032684.49812	25840	256	173	106350	39	39	22	0	0	0	0	-1	0.000113161
SRR11032684.49956	20498	208	141	9411	50	50	39	0	0	0	0	-1	0.000092120
SRR11032684.50114	25016	251	170	29677	86	86	43	1	2	120	1	60	0.000129601
SRR11032684.50223	21496	228	154	135979	59	59	27	1	2	102	1	60	0.000120920
SRR11032684.50331	25018	259	175	97038	79	79	35	1	2	124	1	60	0.000129440
SRR11032684.50519	21207	186	126	51342	44	44	84	0	0	0	0	-1	0.000081080
SRR11032684.50723	20615	212	144	141079	39	39	43	0	0	0	0	-1	0.000090520
SRR11032684.50932	26007	283	192	133315	99	99	51	2	3	138	1	60	0.000175480
SRR11032684.51156	23649	235	159	156806	151	151	134	2	3	137	1	60	0.000161400
SRR11032684.51400	27387	280	190	5376	71	71	45	0	0	0	0	-1	0.000122921
SRR11032684.51573	25098	256	173	124716	29	29	34	0	0	0	0	-1	0.000119240
SRR11032684.51902	24345	220	149	74447	63	63	27	1	2	107	1	60	0.000122841
SRR11032684.52141	22228	226	153	200737	96	96	102	1	2	95	1	60	0.000135921
SRR11032684.52469	21778	209	142	28637	78	78	25	2	3	112	1	60	0.000132801
SRR11032684.52559	22560	239	162	108841	86	86	30	2	4	128	1	60	0.000137400
SRR11032684.52714	24482	254	172	241263	50	50	78	0	0	0	0	-1	0.000103441
SRR11032684.52847	22067	229	155	112665	83	83	65	1	2	102	1	60	0.000149600
SRR11032684.53023	24209	250	169	93740	139	139	219	0	0	0	0	-1	0.000125640
SRR11032684.53238	27132	301	204	337	14	14	28	0	0	0	0	-1	0.000112600
SRR11032684.53492	27033	261	177	98158	96	96	57	1	2	131	1	60	0.000155560
SRR11032684.53704	24794	261	177	1202	94	94	73	1	2	117	1	60	0.000134280
SRR11032684.53905	21466	205	139	130162	119	119	50	1	2	104	1	60	0.000121760
SRR11032684.54148	22834	230	156	55740	59	59	49	0	0	0	0	-1	0.000111600
SRR11032684.54287	23907	217	147	209671	68	68	85	0	0	0	0	-1	0.000102561
SRR11032684.54414	23365	273	185	220557	71	71	47	1	2	117	1	60	0.000136361
SRR11032684.54583	23570	225	152	151	0	0	0	0	0	0	0	-1	0.000086400
SRR11032684.54836	26618	283	192	34763	209	209	306	0	0	0	0	-1	0.000130080
SRR11032684.55063	23354	219	148	126678	98	98	66	2	3	121	1	60	0.000168361
SRR11032684.55301	27365	240	163	56927	75	75	21	1	2	120	1	60	0.000125721
SRR11032684.55496	21202	198	134	83496	35	35	35	0	0	0	0	-1	0.000084440
SRR11032684.55655	23866	240	163	170348	124	124	70	2	3	118	1	60	0.000138440
SRR11032684.55830	21945	210	142	52194	102	102	69	1	2	115	1	60	0.000123920
SRR11032684.56093	25989	243	165	115191	56	56	27	0	0	0	0	-1	0.000110520
SRR11032684.56266	22608	224	152	102879	55	55	39	0	0	0	0	-1	0.000097680
SRR11032684.56428	22252	235	159	91222	21178	21178	1025	6	4	127	1	0	0.000404161
SRR11032684.56601	20587	241	163	25153	93	93	62	2	3	117	1	60	0.000143920
SRR11032684.56895	22308	207	140	58637	84	84	33	1	2	119	1	60	0.000114520
SRR11032684.57113	23536	213	144	158711	73	73	53	1	2	99	1	60	0.000130521
SRR11032684.57253	20611	208	141	86076	121	121	85	1	2	121	1	60	0.000134960
SRR11032684.57527	25850	269	182	51434	103	103	53	1	2	132	1	60	0.000143481
SRR11032684.57705	25105	228	154	155221	75	75	49	1	2	110	1	60	0.000123960
SRR11032684.57888	22079	214	145	202604	48	48	55	0	0	0	0	-1	0.000093041
SRR11032684.58011	25697	272	184	283	77	77	27	2	3	135	1	60	0.000141920
SRR11032684.58160	24109	240	163	250705	100	100	77	1	2	116	1	60	0.000135800
SRR11032684.58393	27941	285	193	146413	121	121	100	1	2	144	1	60	0.000160121
SRR11032684.58582	21297	207	140	92342	107	107	96	1	2	94	1	60	0.000128360
SRR11032684.58779	25550	253	171	16958	0	0	0	0	0	0	0	-1	0.000096120
SRR11032684.59004	25311	227	154	181072	101	101	96	1	2	109	1	60	0.000137680
SRR11032684.59288	20123	209	142	53211	0	0	0	0	0	0	0	-1	0.000078080
SRR11032684.59472	22548	222	150	144327	68	68	19	1	2	107	1	60	0.000125201
SRR11032684.59582	22439	264	179	55103	527	527	314	3	3	139	1	0	0.000222880
SRR11032684.59718	22255	211	143	91009	50	50	19	1	2	100	1	60	0.000115480
SRR11032684.59814	26359	270	183	295580	84	84	55	1	2	121	1	60	0.000141920
SRR11032684.59993	24219	256	173	14737	8	8	15	0	0	0	0	-1	0.000095440
SRR11032684.60164	22612	247	167	82360	71	71	39	1	2	99	1	60	0.000120601
SRR11032684.60371	24586	217	147	79392	474	474	469	2	3	110	1	0	0.000212360
SRR11032684.60572	20856	194	131	26063	412	412	284	3	3	108	1	0	0.000206240
SRR11032684.60724	22086	222	150	32607	103	103	87	1	2	110	1	60	0.000135720
SRR11032684.60915	20114	209	142	7113	65	65	41	1	2	93	1	60	0.000117280
SRR11032684.61088	20201	206	140	134991	92	92	59	2	3	109	1	60	0.000133160
SRR11032684.61287	23840	220	149	29049	50	50	17	1	2	95	1	60	0.000118200
SRR11032684.61431	25093	262	177	152983	220	220	159	2	3	138	1	0	0.000189641
SRR11032684.61527	20574	151	102	85421	19197	19197	2291	3	4	78	1	0	0.000725401
SRR11032684.61643	22449	179	121	77678	21458	21458	2598	2	3	106	1	60	0.000857082
SRR11032684.61751	25653	256	173	199001	136	136	62	2	0	0	0	-1	0.000163960
SRR11032684.61975	21845	195	132	135836	117	117	119	2	3	102	1	60	0.000144160
SRR11032684.62103	26535	252	171	29295	22	22	20	0	0	0	0	-1	0.000104241
SRR11032684.62240	23858	214	145	107426	63	63	60	0	0	0	0	-1	0.000106400
SRR11032684.62352	27981	302	204	144449	68	68	43	2	3	122	1	60	0.000164240
SRR11032684.62542	21314	203	138	41703	62	62	21	2	3	86	1	60	0.000130640
SRR11032684.62809	21260	202	137	164686	85	85	37	1	2	108	1	60	0.000124201
SRR11032684.62932	23085	254	172	1806	98	98	29	2	3	151	1	60	0.000142560
SRR11032684.63026	20381	188	127	775	0	0	0	0	0	0	0	-1	0.000074760
SRR11032684.63295	27652	273	185	118340	147	147	145	1	2	138	1	60	0.000161761
SRR11032684.63409	24505	245	166	21079	111	111	115	1	2	112	1	60	0.000140000
SRR11032684.63626	27721	281	190	150383	67	67	55	0	0	0	0	-1	0.000123040
SRR11032684.63764	22986	214	145	110892	73	73	27	1	2	112	1	60	0.000123280
SRR11032684.63880	25864	277	187	71194	154	154	121	2	3	153	1	60	0.000176720
SRR11032684.64043	24372	260	176	125440	83	83	47	1	2	118	1	60	0.000139441
SRR11032684.64283	22816	225	152	52309	79	79	65	2	3	100	1	60	0.000147480
SRR11032684.64560	24380	278	188	165248	30	30	60	0	0	0	0	-1	0.000107841
SRR11032684.64702	22038	229	155	20646	0	0	0	0	0	0	0	-1	0.000085280
SRR11032684.65978	22873	203	138	9523	37	37	60	0	0	0	0	-1	0.000089600
SRR11032684.66164	25929	219	148	84148	22491	22491	3061	3	3	110	1	0	0.000856042
SRR11032684.66334	20048	223	151	113880	35770	35770	1577	9	5	110	1	0	0.000544322
SRR11032684.66567	24773	250	169	104108	316	316	162	3	4	125	1	0	0.000225160
SRR11032684.66683	21603	225	152	74	0	0	0	0	0	0	0	-1	0.000083801
SRR11032684.69457	20409	173	117	956	0	0	0	0	0	0	0	-1	0.000071200
SRR11032684.72376	22434	191	129	126	0	0	0	0	0	0	0	-1	0.000079120
SRR11032684.73320	25078	277	187	142	0	0	0	0	0	0	0	-1	0.000097320
SRR11032684.75402	24500	254	172	370	22	22	44	0	0	0	0	-1	0.000098641
SRR11032684.77728	24352	265	179	580	0	0	0	0	0	0	0	-1	0.000094120
SRR11032684.79002	20413	187	127	295	0	0	0	0	0	0	0	-1	0.000072120
SRR11032684.80736	25426	262	177	121	0	0	0	0	0	0	0	-1	0.000096600
SRR11032684.83197	26418	267	181	278	0	0	0	0	0	0	0	-1	0.000097000
SRR11032684.86044	27375	273	185	60	0	0	0	0	0	0	0	-1	0.000100561
SRR11032684.88780	25977	244	165	4243	72	72	144	0	0	0	0	-1	0.000112360
SRR11032684.92124	20025	204	138	116	0	0	0	0	0	0	0	-1	0.000072880
SRR11032684.94908	25585	271	183	12576	2	2	4	0	0	0	0	-1	0.000098761
SRR11032684.95922	25968	256	173	1244	21	21	42	0	0	0	0	-1	0.000104481
SRR11032684.98082	26110	274	185	326	0	0	0	0	0	0	0	-1	0.000100280
SRR11032684.99834	24922	258	175	245	1	1	2	0	0	0	0	-1	0.000094120
SRR11032684.100896	20573	195	132	71	0	0	0	0	0	0	0	-1	0.000071240
SRR11032656.49	24933	279	189	18297	49	49	23	0	0	0	0	-1	0.000107840
SRR11032656.146	23285	241	163	236974	110	110	103	1	2	116	1	60	0.000134400
SRR11032656.223	25040	248	168	99415	89	89	31	2	3	136	1	60	0.000143800
SRR11032656.318	22018	230	156	79576	30	30	19	0	0	0	0	-1	0.000092320
SRR11032656.487	25701	251	170	53498	68	68	23	1	2	117	1	60	0.000127881
SRR11032656.601	23820	242	164	129044	61	61	32	0	0	0	0	-1	0.000107161
SRR11032656.705	23577	223	151	7852	0	0	0	0	0	0	0	-1	0.000084400
SRR11032656.808	22199	226	153	51062	31	31	17	0	0	0	0	-1	0.000087040
SRR11032656.923	22572	225	152	83036	65	65	23	1	2	111	1	60	0.000125360
SRR11032656.1042	26122	254	172	28888	36	36	53	0	0	0	0	-1	0.000102800
SRR11032656.1133	20017	182	123	110626	68	68	19	2	3	101	1	60	0.000110320
SRR11032656.1226	20564	194	131	29255	66	66	31	2	3	101	1	60	0.000137120
SRR11032656.1421	25375	269	182	56354	150	150	108	2	3	167	1	60	0.000170041
SRR11032656.1561	25512	240	163	128003	126	126	97	1	2	136	1	60	0.000132281
SRR11032656.1679	26245	241	163	1487	81	81	37	1	2	118	1	60	0.000125161
SRR11032656.1831	25290	248	168	69825	90	90	77	0	0	0	0	-1	0.000120120
SRR11032656.1964	26199	256	173	7124	109	109	55	1	2	143	1	60	0.000136640
SRR11032656.2107	25502	248	168	229	0	0	0	0	0	0	0	-1	0.000094880
SRR11032656.2267	23266	234	158	135721	81	81	55	1	2	109	1	60	0.000125400
SRR11032656.2395	26591	260	176	11808	121	121	89	1	2	138	1	60	0.000161480
SRR11032656.2473	23765	239	162	3539	97	97	25	1	2	142	1	60	0.000124481
SRR11032656.2572	22766	237	160	363	67	67	15	1	2	111	1	60	0.000133601
SRR11032656.2716	26970	245	166	211318	82	82	19	2	2	130	1	60	0.000142800
SRR11032656.2875	24581	229	155	55125	4702	4702	776	0	0	0	0	-1	0.000182401
SRR11032656.3034	26822	272	184	93631	5423	5423	692	0	0	0	0	-1	0.000186601
SRR11032656.3288	26128	217	147	87252	929	929	638	0	0	0	0	-1	0.000148321
SRR11032656.3394	27399	231	156	91424	865	865	832	0	0	0	0	-1	0.000173801
SRR11032656.3590	26732	252	171	75234	542	542	216	1	2	147	1	60	0.000234440
SRR11032656.3696	23644	225	152	70707	72	72	31	1	2	113	1	60	0.000119160
SRR11032656.3808	21998	244	165	100784	69	69	23	1	2	117	1	60	0.000114440
SRR11032656.3918	25171	264	179	171438	87	87	38	2	3	130	1	60	0.000151040
SRR11032656.4021	21162	232	157	159155	98	98	51	1	2	130	1	60	0.000123120
SRR11032656.4089	20011	206	140	3028	25	25	35	0	0	0	0	-1	0.000081720
SRR11032656.4338	25245	235	159	70166	76	76	29	1	2	119	1	60	0.000135680
SRR11032656.4514	23174	230	156	83322	84	84	68	2	3	109	1	60	0.000140360
SRR11032656.4566	20207	170	115	41255	100	100	75	2	3	101	1	60	0.000116600
SRR11032656.4732	24635	267	181	17409	118	118	67	2	3	140	1	60	0.000163200
SRR11032656.4892	22326	250	169	83478	108	108	65	1	2	136	1	60	0.000131920
SRR11032656.5072	20036	196	133	46444	92	92	45	1	2	121	1	60	0.000109921
SRR11032656.5196	21134	188	127	12300	51	51	27	1	0	0	0	-1	0.000105681
SRR11032656.5270	20241	209	142	152249	60	60	27	0	0	0	0	-1	0.000093441
SRR11032656.5343	22951	236	160	52936	75	75	39	1	2	113	1	60	0.000120241
SRR11032656.5425	24235	257	174	1168	16	16	24	0	0	0	0	-1	0.000096280
SRR11032656.5549	21800	208	141	192705	28	28	29	0	0	0	0	-1	0.000083760
SRR11032656.5650	20812	209	142	25520	64	64	41	1	2	86	1	60	0.000110481
SRR11032656.5805	26229	261	177	28943	99	99	37	1	2	148	1	60	0.000142161
SRR11032656.5985	23330	237	160	38630	14	14	22	0	0	0	0	-1	0.000092241
SRR11032656.6116	25479	224	152	6462	46	46	45	0	0	0	0	-1	0.000100400
SRR11032656.6233	23593	240	163	160564	69	69	37	1	2	103	1	60	0.000127521
SRR11032656.6330	23338	216	146	6416	64	64	43	0	0	0	0	-1	0.000100960
SRR11032656.6473	24947	224	152	52066	70	70	49	1	0	0	0	-1	0.000145601
SRR11032656.6609	21579	227	154	116159	26	26	19	0	0	0	0	-1	0.000089641
SRR11032656.6714	20081	199	135	60385	1	1	2	0	0	0	0	-1	0.000073800
SRR11032656.6837	21247	203	138	202509	89	89	42	1	2	115	1	60	0.000116480
SRR11032656.6914	20440	216	146	124067	81	81	30	2	3	116	1	60	0.000136401
SRR11032656.7058	21040	239	162	157	0	0	0	0	0	0	0	-1	0.000083520
SRR11032656.7198	22119	216	146	14203	69	69	31	1	2	101	1	60	0.000118120
SRR11032656.7364	23949	244	165	76792	92	92	23	1	2	135	1	60	0.000149600
SRR11032656.7493	22301	234	158	35934	79	79	35	1	2	113	1	60	0.000120200
SRR11032656.7609	21451	198	134	187784	81	81	53	1	2	106	1	60	0.000121801
SRR11032656.7751	20449	211	143	71763	39	39	31	0	0	0	0	-1	0.000083801
SRR11032656.7817	27555	289	196	121820	90	90	73	0	0	0	0	-1	0.000131401
SRR11032656.7970	25563	290	196	130837	77	77	46	2	3	121	1	60	0.000164921
SRR11032656.8070	22529	233	158	10836	91	91	61	1	2	125	1	60	0.000126000
SRR11032656.8179	23034	213	144	184117	103	103	75	1	2	117	1	60	0.000135880
SRR11032656.8365	21068	209	142	68458	81	81	32	1	2	113	1	60	0.000119000
SRR11032656.8490	21603	222	150	2845	57	57	29	1	2	97	1	60	0.000135320
SRR11032656.8594	22643	223	151	23812	57	57	39	0	0	0	0	-1	0.000098360
SRR11032656.8724	23962	223	151	62446	105	105	107	0	0	0	0	-1	0.000110080
SRR11032656.8840	24678	228	154	54677	92	92	63	1	2	106	1	60	0.000144400
SRR11032656.8966	23691	245	166	222584	78	78	35	1	2	128	1	60	0.000131160
SRR11032656.9087	27868	277	187	22885	81	81	39	1	2	123	1	60	0.000141881
SRR11032656.9235	21957	236	160	253974	69	69	47	0	0	0	0	-1	0.000107561
SRR11032656.9338	20358	207	140	177295	108	108	63	2	3	128	1	60	0.000141521
SRR11032656.9475	21860	220	149	78843	121	121	79	1	2	128	1	60	0.000130680
SRR11032656.9624	26955	266	180	6328	98	98	31	1	2	138	1	60	0.000136960
SRR11032656.9754	26693	266	180	15978	92	92	49	1	2	128	1	60	0.000139480
SRR11032656.9905	21968	205	139	13837	34	34	37	0	0	0	0	-1	0.000086800
SRR11032656.10040	20628	211	143	552	47	47	25	0	0	0	0	-1	0.000092560
SRR11032656.10123	23940	223	151	14749	86	86	45	1	2	116	1	60	0.000132721
SRR11032656.10170	21103	235	159	819	96	96	47	1	2	134	1	60	0.000131000
SRR11032656.10253	24789	244	165	157508	87	87	29	1	2	131	1	60	0.000128680
SRR11032656.10394	26082	271	183	221902	172	172	182	1	2	157	1	60	0.000165000
SRR11032656.10481	22479	241	163	91192	74	74	49	1	2	99	1	60	0.000127920
SRR11032656.10650	26011	250	169	1065	45	45	55	0	0	0	0	-1	0.000104120
SRR11032656.10741	21583	203	138	152	3	3	6	0	0	0	0	-1	0.000081561
SRR11032656.10811	27590	273	185	44737	126	126	91	1	2	149	1	60	0.000151961
SRR11032656.10902	27208	289	196	73410	137	137	105	1	2	148	1	60	0.000154281
SRR11032656.11031	25801	283	192	13475	116	116	29	1	2	174	1	60	0.000142440
SRR11032656.11245	20838	217	147	62670	71	71	33	1	2	115	1	60	0.000120880
SRR11032656.11360	24921	249	169	36193	81	81	53	1	2	102	1	60	0.000130761
SRR11032656.11484	27055	277	187	278392	171	171	167	1	2	164	1	60	0.000168760
SRR11032656.11624	25918	268	181	59434	82	82	40	2	3	123	1	60	0.000149400
SRR11032656.11777	21153	218	148	4615	107	107	47	1	2	138	1	60	0.000125881
SRR11032656.11846	26137	267	181	32422	103	103	29	1	2	148	1	60	0.000139280
SRR11032656.11913	26636	262	177	159430	86	86	45	1	2	118	1	60	0.000137200
SRR11032656.12053	23516	241	163	64052	32	32	31	0	0	0	0	-1	0.000093760
SRR11032656.12197	24972	268	181	90542	75	75	39	1	2	118	1	60	0.000132240
SRR11032656.12274	20928	197	133	187956	102	102	97	1	2	103	1	60	0.000123800
SRR11032656.12445	20016	198	134	119093	89	89	51	1	2	114	1	60	0.000117960
SRR11032656.12546	20770	189	128	109782	99	99	129	1	2	81	1	60	0.000123040
SRR11032656.12696	26065	250	169	41869	103	103	41	1	2	139	1	60	0.000137600
SRR11032656.12862	27638	292	198	71596	94	94	51	2	3	135	1	60	0.000159881
SRR11032656.13025	21097	191	129	48316	66	66	69	0	0	0	0	-1	0.000095960
SRR11032656.13130	21142	184	125	93765	77	77	47	1	2	93	1	60	0.000111441
SRR11032656.13292	24364	244	165	66507	46	46	55	0	0	0	0	-1	0.000101401
SRR11032656.13352	26514	250	169	312547	176	176	166	2	3	162	1	60	0.000200121
SRR11032656.13494	22441	198	134	226464	108	108	146	0	0	0	0	-1	0.000111600
SRR11032656.13614	24691	238	161	210413	82	82	37	2	3	118	1	60	0.000137560
SRR11032656.13711	21315	203	138	84334	83	83	89	1	2	91	1	60	0.000121920
SRR11032656.13855	23275	235	159	132899	96	96	41	1	2	123	1	60	0.000131400
SRR11032656.13982	20026	185	125	110203	71	71	37	1	2	98	1	60	0.000123760
SRR11032656.14073	22928	217	147	99104	116	116	85	2	3	114	1	60	0.000150401
SRR11032656.14291	25343	249	169	99300	151	151	148	1	2	127	1	60	0.000149800
SRR11032656.14517	23630	218	148	655	88	88	35	1	2	116	1	60	0.000137201
SRR11032656.14650	21736	201	136	1713	42	42	29	0	0	0	0	-1	0.000085960
SRR11032656.14704	25853	263	178	9759	121	121	111	1	2	128	1	60	0.000134240
SRR11032656.14830	25363	227	154	18840	69	69	46	0	0	0	0	-1	0.000109480
SRR11032656.14903	23938	223	151	269736	113	113	95	1	2	119	1	60	0.000145680
SRR11032656.15007	23394	216	146	132160	91	91	37	1	2	122	1	60	0.000127921
SRR11032656.15098	24171	255	173	72391	80	80	35	1	2	118	1	60	0.000128721
SRR11032656.15291	26407	255	173	95813	88	88	27	1	2	141	1	60	0.000141840
SRR11032656.15425	20485	194	131	145319	95	95	80	1	2	105	1	60	0.000119960
SRR11032656.15567	21121	190	129	16323	63	63	23	1	2	97	1	60	0.000106800
SRR11032656.15675	25917	257	174	29356	62	62	33	1	2	118	1	60	0.000123921
SRR11032656.15829	21727	201	136	771	75	75	37	1	2	97	1	60	0.000111641
SRR11032656.15928	24910	254	172	150574	84	84	43	1	2	117	1	60	0.000128960
SRR11032656.16038	20333	192	130	104099	114	114	93	1	2	108	1	60	0.000124080
SRR11032656.16164	22200	227	154	230991	150	150	171	1	2	123	1	60	0.000170120
SRR11032656.16304	27759	265	179	33910	59	59	55	0	0	0	0	-1	0.000115801
SRR11032656.16435	22360	240	163	6731	99	99	53	1	2	130	1	60	0.000132240
SRR11032656.16591	22438	215	146	88299	95	95	69	1	2	115	1	60	0.000127480
SRR11032656.16695	25495	252	171	95160	101	101	27	1	2	150	1	60	0.000141561
SRR11032656.16889	21207	191	129	79809	68	68	23	1	2	100	1	60	0.000106840
SRR11032656.17038	22233	225	152	4696	101	101	55	1	2	135	1	60	0.000125640
SRR11032656.17149	23056	239	162	381	9	9	14	0	0	0	0	-1	0.000091641
SRR11032656.17211	23188	218	148	143935	144	144	133	2	3	119	1	60	0.000161441
SRR11032656.17342	23746	203	138	23485	34	34	25	0	0	0	0	-1	0.000088880
SRR11032656.17427	26997	284	192	66305	110	110	51	1	2	158	1	60	0.000152481
SRR11032656.17583	21237	198	134	83696	81	81	47	1	2	99	1	60	0.000115520
SRR11032656.17731	27874	292	198	154625	125	125	63	1	2	156	1	60	0.000153080
SRR11032656.17887	26539	269	182	16013	91	91	73	1	2	111	1	60	0.000140840
SRR11032656.17971	23813	211	143	76161	61	61	43	0	0	0	0	-1	0.000122120
SRR11032656.18132	22645	231	156	258596	150	150	155	2	3	132	1	60	0.000158641
SRR11032656.18234	21169	221	150	165288	99	99	61	1	2	120	1	60	0.000133000
SRR11032656.18325	23474	218	148	76516	94	94	83	2	3	102	1	60	0.000148600
SRR11032656.18536	23921	201	136	61741	192	192	271	2	3	84	1	60	0.000180001
SRR11032656.18656	27676	225	152	62433	37	37	74	0	0	0	0	-1	0.000101241
SRR11032656.18753	23271	245	166	10874	48	48	43	0	0	0	0	-1	0.000101080
SRR11032656.18891	21226	219	148	177209	128	128	123	1	2	110	1	60	0.000139280
SRR11032656.19024	23523	265	179	150338	133	133	113	2	3	138	1	60	0.000167600
SRR11032656.19156	23178	228	154	41251	70	70	45	1	2	99	1	60	0.000119280
SRR11032656.19272	20094	220	149	76658	95	95	35	1	2	129	1	60	0.000123841
SRR11032656.19389	21108	219	148	57522	87	87	43	1	2	108	1	60	0.000125361
SRR11032656.19549	27561	266	180	63406	114	114	39	1	2	160	1	60	0.000146960
SRR11032656.19677	23063	233	158	139144	134	134	91	2	3	144	1	60	0.000152680
SRR11032656.19770	22894	220	149	119619	91	91	95	1	0	0	0	-1	0.000132441
SRR11032656.19892	25737	254	172	81951	103	103	37	1	2	146	1	60	0.000133560
SRR11032656.20058	23493	229	155	39773	74	74	29	2	3	113	1	60	0.000136400
SRR11032656.20164	23163	211	143	124087	120	120	89	1	2	118	1	60	0.000138281
SRR11032656.20295	22477	235	159	95185	81	81	30	2	3	129	1	60	0.000133441
SRR11032656.20466	23808	223	151	2638	83	83	61	1	2	98	1	60	0.000141320
SRR11032656.20632	23049	259	175	31149	72	72	55	0	0	0	0	-1	0.000114840
SRR11032656.20840	20447	218	148	105401	80	80	42	2	3	117	1	60	0.000154441
SRR11032656.20942	27199	281	190	33915	148	148	95	1	2	169	1	60	0.000143760
SRR11032656.21056	25906	277	187	10901	109	109	69	1	2	138	1	60	0.000146201
SRR11032656.21193	26391	277	187	15847	114	114	43	1	2	163	1	60	0.000146080
SRR11032656.21314	21365	212	144	10276	58	58	41	0	0	0	0	-1	0.000094760
SRR11032656.21418	20956	195	132	97186	48	48	25	1	0	0	0	-1	0.000105440
SRR11032656.21579	20596	214	145	25208	115	115	87	1	2	125	1	60	0.000129321
SRR11032656.21708	20424	195	132	63625	89	89	60	2	3	96	1	60	0.000127120
SRR11032656.21830	27285	273	185	43497	73	73	79	0	0	0	0	-1	0.000120000
SRR11032656.21956	26320	285	193	681	99	99	61	1	2	131	1	60	0.000143281
SRR11032656.22077	24173	257	174	68081	148	148	99	1	2	167	1	60	0.000149320
SRR11032656.22171	26399	280	190	103695	113	113	121	0	0	0	0	-1	0.000134481
SRR11032656.22311	21329	205	139	74351	22	22	19	0	0	0	0	-1	0.000082120
SRR11032656.22385	26141	239	162	112890	138	138	95	1	2	134	1	60	0.000154280
SRR11032656.22529	24374	259	175	100875	65	65	43	1	2	105	1	60	0.000128720
SRR11032656.22608	20752	210	142	3351	69	69	23	1	2	120	1	60	0.000107200
SRR11032656.22735	22433	241	163	70740	102	102	55	1	2	132	1	60	0.000128040
SRR11032656.22780	22344	231	156	92308	111	111	71	1	2	130	1	60	0.000130001
SRR11032656.22877	23265	228	154	66346	61	61	45	0	0	0	0	-1	0.000135400
SRR11032656.22993	23350	236	160	66414	81	81	56	2	3	110	1	60	0.000137280
SRR11032656.23125	21001	218	148	103430	112	112	97	1	2	111	1	60	0.000134240
SRR11032656.23250	24783	260	176	11727	90	90	73	1	2	112	1	60	0.000132640
SRR11032656.23376	20887	205	139	2438	74	74	43	1	2	92	1	60	0.000115400
SRR11032656.23561	26457	239	162	158145	100	100	57	1	2	121	1	60	0.000138281
SRR11032656.23679	23338	277	187	30154	1561	1561	589	3	4	142	1	0	0.000238040
SRR11032656.23804	25567	273	185	46054	118	118	71	1	2	152	1	60	0.000146961
SRR11032656.23918	21769	222	150	20996	78	78	21	1	2	126	1	60	0.000120520
SRR11032656.24049	20430	215	146	1508	94	94	33	1	2	129	1	60	0.000127640
SRR11032656.24116	21388	227	154	32202	126	126	73	1	2	152	1	60	0.000129200
SRR11032656.24258	21855	211	143	42448	314	314	188	4	3	108	1	0	0.000237601
SRR11032656.24364	26472	258	175	37467	85	85	31	1	2	132	1	60	0.000133120
SRR11032656.24471	20194	197	133	158660	59	59	15	1	2	105	1	60	0.000104200
SRR11032656.24577	23859	220	149	112461	103	103	49	1	2	123	1	60	0.000131440
SRR11032656.24695	20133	200	136	76451	92	92	79	1	2	96	1	60	0.000120200
SRR11032656.24809	21301	202	137	94323	107	107	77	1	2	126	1	60	0.000130041
SRR11032656.24952	26209	262	177	158108	136	136	97	1	2	144	1	60	0.000154520
SRR11032656.25125	26481	269	182	111667	119	119	112	2	3	114	1	60	0.000167760
SRR11032656.25217	23429	239	162	911	14	14	28	0	0	0	0	-1	0.000095640
SRR11032656.25330	27309	281	190	70538	90	90	58	2	3	122	1	60	0.000168241
SRR11032656.25480	21977	229	155	97327	176	176	213	1	2	128	1	60	0.000148920
SRR11032656.25569	23550	238	161	8537	76	76	33	1	2	119	1	60	0.000121240
SRR11032656.25770	26122	239	162	13893	95	95	75	1	2	119	1	60	0.000137000
SRR11032656.25866	20963	212	144	16955	67	67	41	1	2	98	1	60	0.000115801
SRR11032656.26095	27135	292	198	155295	119	119	65	1	2	159	1	60	0.000161120
SRR11032656.26185	27280	240	163	88482	15	15	27	0	0	0	0	-1	0.000099880
SRR11032656.26298	23528	209	142	45877	53	53	21	1	2	89	1	60	0.000116161
SRR11032656.26446	25609	248	168	17344	90	90	49	2	3	122	1	60	0.000143841
SRR11032656.26561	26727	253	171	95145	123	123	79	1	2	144	1	60	0.000156160
SRR11032656.26656	26762	271	183	9204	87	87	39	1	2	135	1	60	0.000133880
SRR11032656.26805	20963	218	148	7429	76	76	69	0	0	0	0	-1	0.000099280
SRR11032656.26921	21238	216	146	25888	66	66	47	0	0	0	0	-1	0.000098881
SRR11032656.27166	24835	263	178	117994	147	147	65	2	3	131	1	0	0.000171441
SRR11032656.27280	24033	242	164	206568	70	70	29	2	3	106	1	60	0.000141720
SRR11032656.27391	20442	190	129	163181	93	93	87	1	2	95	1	60	0.000118840
SRR11032656.27596	21128	243	165	68731	49	49	30	0	0	0	0	-1	0.000098600
SRR11032656.27753	26289	262	177	19251	44	44	53	0	0	0	0	-1	0.000109561
SRR11032656.27845	21557	222	150	135201	130	130	73	1	2	150	1	60	0.000136401
SRR11032656.27980	23730	238	161	45982	19	19	29	0	0	0	0	-1	0.000095161
SRR11032656.28146	20767	202	137	137399	107	107	70	2	3	121	1	60	0.000143560
SRR11032656.28325	26451	249	169	59041	16	16	9	0	0	0	0	-1	0.000100880
SRR11032656.28383	21733	203	138	153249	75	75	31	1	2	108	1	60	0.000115361
SRR11032656.28539	22577	236	160	136148	77	77	25	1	2	128	1	60	0.000137641
SRR11032656.28624	20930	200	136	66428	96	96	105	1	2	84	1	60	0.000121321
SRR11032656.28782	21733	249	169	55172	9158	9158	933	70	9	140	1	0	0.001333403
SRR11032656.28891	22626	248	168	102069	103	103	87	2	3	120	1	60	0.000147560
SRR11032656.29022	20657	224	152	880	56	56	62	0	0	0	0	-1	0.000095280
SRR11032656.29204	22520	224	152	5492	29	29	37	0	0	0	0	-1	0.000090600
SRR11032656.29299	26227	274	185	59047	86	86	53	1	2	121	1	60	0.000141360
SRR11032656.29404	27977	296	200	142158	140	140	119	1	2	167	1	60	0.000167160
SRR11032656.29583	25607	234	158	115395	73	73	21	1	2	127	1	60	0.000123081
SRR11032656.29710	27805	269	182	157407	137	137	153	1	2	120	1	60	0.000167081
SRR11032656.29859	21610	244	165	22049	76	76	43	1	2	112	1	60	0.000126160
SRR11032656.30040	23698	235	159	161276	103	103	63	1	2	133	1	60	0.000133800
SRR11032656.30147	22923	199	135	144892	148	148	179	1	2	102	1	60	0.000162200
SRR11032656.30281	22097	222	150	31200	95	95	59	2	3	117	1	60	0.000152841
SRR11032656.30385	20649	221	150	110656	104	104	44	2	4	136	1	60	0.000151721
SRR11032656.30543	24717	271	183	1190	12	12	24	0	0	0	0	-1	0.000101840
SRR11032656.30747	27259	289	196	60043	146	146	69	1	2	175	1	60	0.000162200
SRR11032656.30825	23889	223	151	242896	98	98	33	1	2	132	1	60	0.000129360
SRR11032656.31011	26731	253	171	2303	91	91	75	1	2	105	1	60	0.000143800
SRR11032656.31094	21225	219	148	43920	103	103	57	1	2	132	1	60	0.000127440
SRR11032656.31216	25359	242	164	121968	93	93	33	1	2	135	1	60	0.000129240
SRR11032656.31317	26096	268	181	2093	106	106	35	1	2	144	1	60	0.000136840
SRR11032656.31445	21834	197	133	63685	79	79	41	2	3	93	1	60	0.000128200
SRR11032656.31547	23565	239	162	53003	53	53	61	0	0	0	0	-1	0.000116880
SRR11032656.31691	20075	177	120	13146	47	47	25	0	0	0	0	-1	0.000083720
SRR11032656.31826	20806	212	144	31644	75	75	21	1	2	115	1	60	0.000116160
SRR11032656.32035	20009	220	149	105272	85	85	52	2	3	106	1	60	0.000197680
SRR11032656.32155	25897	226	153	29900	89	89	29	1	2	118	1	60	0.000128880
SRR11032656.32251	21966	206	140	35165	70	70	25	1	2	101	1	60	0.000126320
SRR11032656.32376	24966	260	176	1410	76	76	21	1	2	128	1	60	0.000130400
SRR11032656.32516	20721	197	133	123414	59	59	31	1	2	90	1	60	0.000109200
SRR11032656.32731	27514	257	174	29607	79	79	59	1	0	0	0	-1	0.000137960
SRR11032656.32898	25722	233	158	2022	83	83	31	1	2	125	1	60	0.000124760
SRR11032656.32996	21475	217	147	1375	71	71	19	2	3	112	1	60	0.000147921
SRR11032656.33123	25147	242	164	313887	211	211	273	2	3	127	1	60	0.000183760
SRR11032656.33214	27232	397	268	87069	31331	31331	859	6	6	270	1	0	0.000449241
SRR11032656.33290	20973	199	135	219823	91	91	61	1	2	99	1	60	0.000115400
SRR11032656.33373	21831	212	144	180573	137	137	79	1	2	112	1	60	0.000138880
SRR11032656.33519	21737	205	139	204541	153	153	167	2	2	120	1	60	0.000151840
SRR11032656.33640	27745	268	181	18281	80	80	47	1	2	115	1	60	0.000147760
SRR11032656.33796	26803	258	175	1046	122	122	49	2	3	149	1	60	0.000155120
SRR11032656.33884	20668	196	133	240197	92	92	79	2	3	102	1	60	0.000134120
SRR11032656.33999	21146	204	138	138625	190	190	247	1	2	116	1	60	0.000147721
SRR11032656.34088	22171	225	152	47222	132	132	139	2	3	112	1	60	0.000149960
SRR11032656.34213	20593	212	144	134666	90	90	68	1	2	105	1	60	0.000123760
SRR11032656.34349	25181	270	183	118257	102	102	45	1	2	141	1	60	0.000140921
SRR11032656.34438	27991	282	191	82002	136	136	99	1	2	144	1	60	0.000157000
SRR11032656.34642	21643	217	147	31783	71	71	41	1	2	98	1	60	0.000124160
SRR11032656.34731	27178	240	163	101225	82	82	37	1	2	113	1	60	0.000132721
SRR11032656.34796	23750	217	147	154345	102	102	41	1	2	135	1	60	0.000141560
SRR11032656.34927	26063	287	194	212	0	0	0	0	0	0	0	-1	0.000102720
SRR11032656.35062	25846	266	180	214809	126	126	99	1	2	138	1	60	0.000152360
SRR11032656.35280	22017	240	163	95515	63	63	38	2	3	108	1	60	0.000130240
SRR11032656.35432	23681	236	160	150157	70	70	31	2	3	118	1	60	0.000131320
SRR11032656.35512	23306	222	150	170612	166	166	92	1	2	119	1	60	0.000145720
SRR11032656.35611	20894	193	131	79552	93	93	63	1	2	103	1	60	0.000112560
SRR11032656.35725	26174	266	180	7737	86	86	31	2	3	137	1	60	0.000173880
SRR11032656.35917	22274	205	139	89241	36	36	43	0	0	0	0	-1	0.000086360
SRR11032656.36040	22196	238	161	85832	75	75	42	1	0	0	0	-1	0.000122600
SRR11032656.36118	26711	248	168	187918	113	113	49	1	2	148	1	60	0.000140841
SRR11032656.36285	26987	271	183	134897	90	90	55	1	2	121	1	60	0.000142480
SRR11032656.36417	27680	283	192	242138	144	144	105	1	2	154	1	60	0.000166720
SRR11032656.36506	22450	279	189	8328	29	29	22	0	0	0	0	-1	0.000099880
SRR11032656.36621	23027	208	141	55776	41	41	41	0	0	0	0	-1	0.000099001
SRR11032656.36803	20793	211	143	70109	36	36	57	0	0	0	0	-1	0.000086880
SRR11032656.36903	20538	203	138	85022	88	88	37	1	2	115	1	60	0.000114281
SRR11032656.36974	24823	262	177	298789	139	139	125	2	3	145	1	60	0.000166640
SRR11032656.37069	24254	254	172	12245	39	39	39	0	0	0	0	-1	0.000110640
SRR11032656.37234	21119	219	148	87065	98	98	31	1	2	142	1	60	0.000122880
SRR11032656.37327	25479	274	185	141602	149	149	139	1	2	130	1	60	0.000157200
SRR11032656.37488	21827	209	142	97125	57	57	25	2	3	95	1	60	0.000133441
SRR11032656.37634	26350	227	154	190554	103	103	67	1	2	118	1	60	0.000135720
SRR11032656.37737	24655	260	176	69664	99	99	37	1	2	139	1	60	0.000143081
SRR11032656.37900	22849	208	141	790	91	91	27	1	2	128	1	60	0.000115881
SRR11032656.38047	27376	254	172	119114	153	153	135	2	3	146	1	60	0.000189161
SRR11032656.38251	20987	232	157	92665	78	78	35	1	2	122	1	60	0.000113480
SRR11032656.38320	25836	268	181	138425	161	161	119	1	2	169	1	60	0.000153640
SRR11032656.38438	20053	199	135	53823	30	30	21	0	0	0	0	-1	0.000081600
SRR11032656.38578	26498	227	154	7928	90	90	43	1	2	111	1	60	0.000128440
SRR11032656.38717	26341	248	168	76999	96	96	35	2	3	137	1	60	0.000151120
SRR11032656.38794	22878	213	144	20486	69	69	25	1	2	107	1	60	0.000117281
SRR11032656.38875	20359	199	135	226867	121	121	111	1	2	114	1	60	0.000127321
SRR11032656.38960	25960	270	183	93939	126	126	39	1	2	172	1	60	0.000143560
SRR11032656.39033	25305	258	175	73681	91	91	39	1	2	134	1	60	0.000132360
SRR11032656.39127	22402	215	146	3068	96	96	65	1	2	114	1	60	0.000127560
SRR11032656.39237	20894	206	140	19070	76	76	27	1	2	116	1	60	0.000110881
SRR11032656.39387	27675	259	175	102497	84	84	29	1	2	132	1	60	0.000136881
SRR11032656.39546	22922	239	162	95867	47	47	42	0	0	0	0	-1	0.000098000
SRR11032656.39656	24736	232	157	156641	14	14	19	0	0	0	0	-1	0.000092960
SRR11032656.39736	27608	267	181	22510	59	59	31	0	0	0	0	-1	0.000117080
SRR11032656.39841	21893	222	150	46653	109	109	53	1	2	137	1	60	0.000131200
SRR11032656.39954	21523	215	146	83250	82	82	63	1	2	101	1	60	0.000123120
SRR11032656.40067	25329	247	167	56849	106	106	57	1	2	131	1	60	0.000134801
SRR11032656.40177	23093	236	160	100081	118	118	99	1	2	122	1	60	0.000146720
SRR11032656.40368	26727	244	165	80175	215	215	100	3	4	133	1	0	0.000203761
SRR11032656.40528	21112	228	154	45817	341	341	165	2	3	119	1	0	0.000220161
SRR11032656.40743	25883	244	165	95548	75	75	57	0	0	0	0	-1	0.000141960
SRR11032656.40890	22387	226	153	85421	104	104	67	2	3	125	1	60	0.000148600
SRR11032656.40977	27329	300	203	90385	144	144	81	2	3	180	1	60	0.000195441
SRR11032656.41124	21315	192	130	175411	88	88	71	2	3	94	1	60	0.000136280
SRR11032656.41219	20520	223	151	154324	81	81	53	1	2	102	1	60	0.000128680
SRR11032656.41344	26814	243	165	87423	82	82	41	2	3	121	1	60	0.000153960
SRR11032656.41446	24405	216	146	18613	62	62	27	1	0	0	0	-1	0.000124440
SRR11032656.41591	24907	261	177	124281	84	84	49	1	2	109	1	60	0.000139320
SRR11032656.41657	24152	248	168	163476	83	83	21	1	2	134	1	60	0.000127881
SRR11032656.41788	20897	217	147	34203	71	71	19	2	3	117	1	60	0.000141201
SRR11032656.41923	24170	247	167	1855	41	41	47	0	0	0	0	-1	0.000101000
SRR11032656.42085	20984	177	120	56049	30	30	29	0	0	0	0	-1	0.000080561
SRR11032656.42238	27399	286	194	107964	91	91	35	1	2	148	1	60	0.000147321
SRR11032656.42343	25793	264	179	119499	98	98	23	1	2	141	1	60	0.000135880
SRR11032656.42503	24996	249	169	28773	77	77	41	1	2	111	1	60	0.000127200
SRR11032656.42565	25563	254	172	364741	138	138	139	1	2	124	1	60	0.000156680
SRR11032656.42773	22551	234	158	101478	60	60	33	1	2	99	1	60	0.000116160
SRR11032656.42900	24478	256	173	148646	76	76	69	0	0	0	0	-1	0.000114761
SRR11032656.43016	23448	224	152	89587	121	121	74	1	2	123	1	60	0.000137640
SRR11032656.43125	22935	239	162	84295	89	89	35	1	2	118	1	60	0.000125880
SRR11032656.43254	24920	288	195	89188	5781	5781	1002	8	4	124	1	0	0.000363161
SRR11032656.43375	25545	246	167	88567	15	15	30	0	0	0	0	-1	0.000096640
SRR11032656.43486	27389	218	148	75675	728	728	605	0	0	0	0	-1	0.000165801
SRR11032656.43645	25077	256	173	86660	223	223	125	2	3	129	1	0	0.000194000
SRR11032656.43755	26343	270	183	94868	103	103	43	1	2	141	1	60	0.000143160
SRR11032656.43927	25325	261	177	23518	61	61	47	0	0	0	0	-1	0.000112720
SRR11032656.44037	23920	247	167	103072	150	150	107	1	2	150	1	60	0.000147841
SRR11032656.44164	22982	229	155	2950	22	22	39	0	0	0	0	-1	0.000096320
SRR11032656.44276	27071	274	185	216473	159	159	126	2	3	157	1	60	0.000164000
SRR11032656.44402	21230	228	154	133468	83	83	31	1	2	123	1	60	0.000116480
SRR11032656.44577	21633	210	142	36054	64	64	43	1	2	89	1	60	0.000118600
SRR11032656.44658	24080	244	165	130139	101	101	81	1	2	121	1	60	0.000137921
SRR11032656.44751	20020	202	137	46247	65	65	35	1	2	92	1	60	0.000110161
SRR11032656.44885	24406	261	177	255738	262	262	335	1	2	155	1	60	0.000181560
SRR11032656.45007	21789	197	133	6197	66	66	27	1	2	101	1	60	0.000108081
SRR11032656.45084	27787	298	202	109500	86	86	55	1	2	125	1	60	0.000150960
SRR11032656.45219	20847	189	128	16583	50	50	19	2	3	80	1	60	0.000116400
SRR11032656.45406	20886	228	154	194650	65	65	37	1	2	104	1	60	0.000111400
SRR11032656.45514	21724	230	156	118651	66	66	33	1	2	100	1	60	0.000126640
SRR11032656.45638	23888	243	165	2461	97	97	33	1	2	140	1	60	0.000129880
SRR11032656.45806	20945	222	150	526	62	62	33	1	2	95	1	60	0.000116961
SRR11032656.45958	26002	274	185	10198	62	62	21	1	2	129	1	60	0.000130721
SRR11032656.46026	27201	282	191	94090	113	113	35	1	2	172	1	60	0.000146281
SRR11032656.46156	23144	232	157	43548	88	88	39	1	2	128	1	60	0.000126441
SRR11032656.46299	24958	214	145	38699	76	76	57	1	2	94	1	60	0.000130320
SRR11032656.46451	21983	234	158	173598	110	110	63	1	2	135	1	60	0.000126760
SRR11032656.46647	24355	229	155	11783	113	113	113	1	2	98	1	60	0.000137040
SRR11032656.46799	21395	203	138	72184	69	69	29	1	2	106	1	60	0.000109921
SRR11032656.46882	24229	249	169	143229	155	155	90	1	2	147	1	60	0.000157480
SRR11032656.47068	25795	248	168	142752	134	134	101	1	2	147	1	60	0.000157160
SRR11032656.47286	20535	197	133	183689	89	89	95	1	2	82	1	60	0.000118640
SRR11032656.47436	20926	178	121	237815	96	96	81	1	2	100	1	60	0.000112720
SRR11032656.47524	25532	273	185	49356	52	52	21	0	0	0	0	-1	0.000114161
SRR11032656.47684	23305	237	160	136427	76	76	49	1	2	108	1	60	0.000120680
SRR11032656.47781	27400	265	179	105508	129	129	93	1	2	132	1	60	0.000152200
SRR11032656.47912	25444	268	181	138422	98	98	53	1	2	136	1	60	0.000138960
SRR11032656.48013	27202	285	193	125592	95	95	19	1	2	151	1	60	0.000155641
SRR11032656.48124	22067	241	163	13827	55	55	47	0	0	0	0	-1	0.000099880
SRR11032656.48316	21356	219	148	101467	94	94	71	1	2	102	1	60	0.000125240
SRR11032656.48438	23163	236	160	1011	93	93	17	1	2	141	1	60	0.000119040
SRR11032656.48523	20612	196	133	3794	56	56	17	2	3	94	1	60	0.000118720
SRR11032656.48662	21335	225	152	52939	69	69	23	1	2	117	1	60	0.000120200
SRR11032656.48766	24045	230	156	92246	75	75	17	1	2	130	1	60	0.000121201
SRR11032656.48864	20741	208	141	58871	52	52	31	0	0	0	0	-1	0.000100520
SRR11032656.49012	22718	191	129	36284	43	43	31	0	0	0	0	-1	0.000089280
SRR11032656.49174	22186	214	145	169	42	42	12	1	0	0	0	-1	0.000111200
SRR11032656.49268	25281	214	145	134744	122	122	55	1	2	132	1	60	0.000136200
SRR11032656.49412	20832	204	138	14995	78	78	41	1	2	108	1	60	0.000118681
SRR11032656.49594	24159	253	171	1349	99	99	37	1	2	142	1	60	0.000130280
SRR11032656.49678	26322	281	190	186757	101	101	73	1	2	125	1	60	0.000147800
SRR11032656.49842	22131	213	144	161285	100	100	97	1	2	99	1	60	0.000137600
SRR11032656.49925	21160	216	146	2199	111	111	109	1	2	117	1	60	0.000130481
SRR11032656.50035	23689	241	163	36973	95	95	65	1	2	115	1	60	0.000128800
SRR11032656.50231	20350	218	148	131880	105	105	117	2	3	101	1	60	0.000159641
SRR11032656.50373	20449	204	138	197827	51	51	21	2	3	88	1	60	0.000127440
SRR11032656.50492	25781	260	176	232665	75	75	109	0	0	0	0	-1	0.000117480
SRR11032656.50628	25365	271	183	121984	133	133	75	1	2	170	1	60	0.000146880
SRR11032656.50777	22907	222	150	133417	82	82	45	2	3	106	1	60	0.000160840
SRR11032656.50941	22123	217	147	2144	81	81	37	1	2	116	1	60	0.000117361
SRR11032656.51050	20197	189	128	102883	84	84	51	1	2	96	1	60	0.000141560
SRR11032656.51133	23533	253	171	53933	123	123	110	2	3	124	1	60	0.000157360
SRR11032656.51225	24560	242	164	2007	86	86	50	2	4	107	1	60	0.000142920
SRR11032656.51295	21533	234	158	44433	82	82	53	1	2	103	1	60	0.000116601
SRR11032656.51436	23428	236	160	50269	74	74	37	1	2	103	1	60	0.000125760
SRR11032656.51597	24119	255	173	18864	99	99	29	1	2	150	1	60	0.000129040
SRR11032656.51724	26548	285	193	1753	37	37	35	0	0	0	0	-1	0.000111281
SRR11032656.51873	25032	233	158	156858	77	77	57	0	0	0	0	-1	0.000113481
SRR11032656.51987	27881	313	212	115829	118	118	33	1	2	183	1	60	0.000156401
SRR11032656.52182	24517	232	157	305211	142	142	125	1	2	131	1	60	0.000162400
SRR11032656.52355	27291	265	179	11635	94	94	33	1	2	135	1	60	0.000135680
SRR11032656.52507	23855	239	162	73877	279	279	401	0	0	0	0	-1	0.000127640
SRR11032656.52681	23320	246	167	14853	94	94	37	2	3	141	1	60	0.000139200
SRR11032656.52762	27777	257	174	165945	82	82	45	1	2	112	1	60	0.000141201
SRR11032656.52874	27755	274	185	49319	104	104	45	1	2	142	1	60	0.000145200
SRR11032656.52981	27261	277	187	7039	124	124	41	1	2	170	1	60	0.000142881
SRR11032656.53068	25151	243	165	137519	93	93	23	1	2	141	1	60	0.000131200
SRR11032656.53158	21963	234	158	12727	108	108	216	0	0	0	0	-1	0.000112920
SRR11032656.53329	21297	236	160	7524	67	67	55	0	0	0	0	-1	0.000103760
SRR11032656.53500	23550	238	161	102906	123	123	69	1	2	149	1	60	0.000132480
SRR11032656.53639	22441	234	158	15301	160	160	131	1	2	154	1	60	0.000140280
SRR11032656.53777	21085	203	138	72235	103	103	61	1	2	119	1	60	0.000115760
SRR11032656.53945	21363	206	140	11899	129	129	105	1	2	125	1	60	0.000127121
SRR11032656.54037	24378	243	165	127287	121	121	89	2	3	143	1	60	0.000151960
SRR11032656.54180	22953	230	156	19130	77	77	37	1	2	106	1	60	0.000125080
SRR11032656.54313	22369	224	152	54189	118	118	93	2	3	118	1	60	0.000159280
SRR11032656.54434	23528	221	150	35726	117	117	101	1	2	118	1	60	0.000135121
SRR11032656.54499	22456	228	154	115532	120	120	63	1	2	153	1	60	0.000145760
SRR11032656.54629	26227	275	186	100795	141	141	135	2	3	143	1	60	0.000173240
SRR11032656.54732	21811	210	142	124480	86	86	41	2	3	108	1	60	0.000140280
SRR11032656.54855	24160	253	171	9266	5	5	10	0	0	0	0	-1	0.000097000
SRR11032656.54974	20013	218	148	15845	93	93	51	1	2	123	1	60	0.000123241
SRR11032656.55200	27566	295	200	26233	70	70	19	1	2	139	1	60	0.000135880
SRR11032656.55367	25315	237	160	40562	58	58	33	0	0	0	0	-1	0.000110880
SRR11032656.55465	23551	226	153	76979	80	80	47	1	2	116	1	60	0.000145280
SRR11032656.55677	25580	253	171	93617	89	89	47	1	2	128	1	60	0.000135521
SRR11032656.55797	22971	247	167	348	21	21	31	0	0	0	0	-1	0.000095040
SRR11032656.55891	20194	212	144	931	87	87	39	1	2	118	1	60	0.000115160
SRR11032656.56044	20664	213	144	68163	94	94	95	1	2	103	1	60	0.000130160
SRR11032656.56136	20864	208	141	190381	90	90	25	1	2	135	1	60	0.000118560
SRR11032656.56284	24367	254	172	67128	124	124	69	1	2	147	1	60	0.000138401
SRR11032656.56479	21354	200	136	122562	105	105	81	1	2	113	1	60	0.000143440
SRR11032656.56620	25952	275	186	142373	76	76	51	2	3	111	1	60	0.000152040
SRR11032656.56860	26369	253	171	66951	100	100	35	1	2	149	1	60	0.000134320
SRR11032656.56993	25640	232	157	10743	90	90	43	1	2	122	1	60	0.000128841
SRR11032656.57133	27894	289	196	51278	94	94	39	1	2	149	1	60	0.000148561
SRR11032656.57210	27400	277	187	95764	8	8	16	0	0	0	0	-1	0.000106960
SRR11032656.57276	26716	271	183	11677	53	53	25	0	0	0	0	-1	0.000114960
SRR11032656.57346	27312	255	173	85036	81	81	23	2	3	135	1	60	0.000144241
SRR11032656.57611	21462	190	129	134914	186	186	68	3	3	107	1	60	0.000165680
SRR11032656.57713	24570	221	150	41748	70	70	23	1	2	111	1	60	0.000124680
SRR11032656.57900	27691	288	195	207166	96	96	63	1	2	132	1	60	0.000160681
SRR11032656.58073	24373	250	169	76506	104	104	59	1	2	135	1	60	0.000136640
SRR11032656.58143	26467	247	167	252197	145	145	117	1	2	146	1	60	0.000154360
SRR11032656.58311	27317	284	192	66209	144	144	122	1	2	156	1	60	0.000158840
SRR11032656.58416	24056	230	156	98283	75	75	59	1	0	0	0	-1	0.000136801
SRR11032656.58569	23368	242	164	293502	134	134	125	1	2	131	1	60	0.000148321
SRR11032656.58666	25996	258	175	277201	103	103	66	2	3	131	1	60	0.000157321
SRR11032656.58736	22085	228	154	18850	52	52	23	1	2	96	1	60	0.000110520
SRR11032656.58904	21035	207	140	72214	51	51	25	1	2	88	1	60	0.000112560
SRR11032656.59105	27297	284	192	90378	92	92	39	1	2	138	1	60	0.000141720
SRR11032656.59279	25459	248	168	189435	83	83	21	1	2	130	1	60	0.000141760
SRR11032656.59470	21057	205	139	319	36	36	21	0	0	0	0	-1	0.000084480
SRR11032656.59624	24605	211	143	247097	137	137	149	1	2	111	1	60	0.000152721
SRR11032656.59784	25072	265	179	10127	114	114	59	1	2	152	1	60	0.000140280
SRR11032656.59926	26748	245	166	241537	112	112	77	1	2	132	1	60	0.000146920
SRR11032656.60040	20275	190	129	166094	82	82	64	2	3	91	1	60	0.000127641
SRR11032656.60105	22486	226	153	114855	355	355	177	2	3	124	1	0	0.000180200
SRR11032656.60361	23237	235	159	1984	217	217	108	3	4	121	1	0	0.000167361
SRR11032656.60483	23469	219	148	90002	3602	3602	904	40	2	96	1	60	0.001236203
SRR11032656.60690	27121	259	175	138280	15	15	20	0	0	0	0	-1	0.000105400
SRR11032656.60779	22812	221	150	211923	117	117	95	1	2	116	1	60	0.000135361
SRR11032656.60868	27051	289	196	217500	112	112	52	2	3	154	1	60	0.000166361
SRR11032656.60996	25373	280	190	245593	98	98	95	0	0	0	0	-1	0.000128881
SRR11032656.61115	27892	281	190	39697	98	98	65	1	2	125	1	60	0.000147401
SRR11032656.61191	23074	273	185	101078	65	65	19	1	2	122	1	60	0.000133640
SRR11032656.61308	24364	211	143	57567	60	60	29	1	2	91	1	60	0.000119480
SRR11032656.61448	25827	248	168	126746	83	83	48	2	3	121	1	60	0.000141800
SRR11032656.61634	27589	279	189	69559	49	49	23	0	0	0	0	-1	0.000117720
SRR11032656.61782	20371	204	138	210742	36	36	17	1	2	83	1	60	0.000103401
SRR11032656.61941	26599	282	191	80209	71	71	19	1	2	123	1	60	0.000136880
SRR11032656.62084	22900	226	153	167202	85	85	65	1	2	106	1	60	0.000138520
SRR11032656.62282	25374	254	172	260289	473	473	724	1	2	124	1	60	0.000248441
SRR11032656.62431	24030	203	138	275900	72	72	33	2	3	109	1	60	0.000146881
SRR11032656.62576	22162	212	144	210153	109	109	105	2	3	106	1	60	0.000152000
SRR11032656.62760	26232	267	181	259787	87	87	29	2	3	132	1	60	0.000158880
SRR11032656.62879	26729	270	183	32235	138	138	93	1	2	161	1	60	0.000172481
SRR11032656.63042	25537	257	174	69848	63	63	25	1	2	111	1	60	0.000125401
SRR11032656.63144	22292	264	179	68462	98	98	49	1	2	139	1	60	0.000130520
SRR11032656.63235	24394	261	177	57033	84	84	35	1	2	123	1	60	0.000131080
SRR11032656.63330	25287	226	153	8957	60	60	9	1	2	115	1	60	0.000115400
SRR11032656.63502	23990	228	154	101550	49	49	23	1	2	94	1	60	0.000133880
SRR11032656.63620	22674	221	150	176973	93	93	55	1	2	126	1	60	0.000130120
SRR11032656.63802	20824	220	149	232289	87	87	54	2	3	114	1	60	0.000145480
SRR11032656.63919	22540	243	165	82712	20373	20373	739	11	6	132	1	0	0.000429281
SRR11032656.64088	20997	224	152	80089	58	58	35	0	0	0	0	-1	0.000095481
SRR11032656.64167	26975	261	177	85164	106	106	51	0	0	0	0	-1	0.000124680
SRR11032656.64371	24436	251	170	122218	82	82	47	2	3	106	1	60	0.000142160
SRR11032656.64520	20397	197	133	15551	40	40	33	0	0	0	0	-1	0.000086440
SRR11032656.64611	26746	256	173	91376	98	98	43	1	2	143	1	60	0.000134840
SRR11032656.64698	26871	267	181	152341	94	94	27	2	3	145	1	60	0.000154000
SRR11032656.64773	26005	249	169	23094	90	90	43	1	2	127	1	60	0.000130601
SRR11032656.64866	26206	251	170	36852	70	70	35	1	2	101	1	60	0.000131761
SRR11032656.64989	27746	277	187	107935	106	106	49	1	2	147	1	60	0.000157201
SRR11032656.65095	27760	309	209	56966	118	118	57	1	2	166	1	60	0.000156680
SRR11032656.65266	22418	251	170	139437	82	82	45	1	2	123	1	60	0.000126440
SRR11032656.65413	27686	302	204	36007	118	118	36	2	3	177	1	60	0.000169920
SRR11032656.65597	27401	277	187	286376	168	168	159	1	2	162	1	60	0.000168041
SRR11032656.65743	25157	231	156	46363	81	81	65	1	0	0	0	-1	0.000129841
SRR11032656.65840	25722	245	166	188762	57	57	35	0	0	0	0	-1	0.000109281
SRR11032656.66003	25525	222	150	54740	44	44	25	0	0	0	0	-1	0.000100720
SRR11032656.66156	20874	214	145	125515	53	53	25	1	2	90	1	60	0.000117680
SRR11032656.66260	26739	282	191	195435	93	93	95	0	0	0	0	-1	0.000127440
SRR11032656.66362	20756	209	142	71985	94	94	51	2	3	126	1	60	0.000136400
SRR11032656.66474	21785	223	151	185904	275	275	314	0	0	0	0	-1	0.000139920
SRR11032656.66572	24323	234	158	80652	114	114	81	1	2	128	1	60	0.000131600
SRR11032656.66718	23089	225	152	20385	54	54	27	0	0	0	0	-1	0.000121400
SRR11032656.66785	20968	199	135	139824	33	33	23	0	0	0	0	-1	0.000082201
SRR11032656.66948	25273	245	166	35423	85	85	33	2	3	127	1	60	0.000141920
SRR11032656.67099	26188	240	163	53264	26	26	13	0	0	0	0	-1	0.000108040
SRR11032656.67230	20723	221	150	142	0	0	0	0	0	0	0	-1	0.000082960
SRR11032656.67334	21981	252	171	82123	13618	13618	721	4	5	163	1	0	0.000303401
SRR11032656.67494	21267	215	146	6684	0	0	0	0	0	0	0	-1	0.000087400
SRR11032656.67629	23234	248	168	185521	55	55	63	0	0	0	0	-1	0.000102920
SRR11032656.67723	21783	224	152	77945	55	55	43	0	0	0	0	-1	0.000097040
SRR11032656.67816	20824	225	152	137913	132	132	126	1	2	128	1	60	0.000148561
SRR11032656.67962	21051	221	150	132769	72	72	35	1	2	105	1	60	0.000126080
SRR11032656.68131	23209	210	142	38103	17	17	9	0	0	0	0	-1	0.000085640
SRR11032656.68218	24132	265	179	69575	38	38	13	0	0	0	0	-1	0.000120640
SRR11032656.68370	26811	239	162	53379	5346	5346	849	403	3	97	1	0	0.005390412
SRR11032656.68446	21062	244	165	134305	243	243	162	2	3	111	1	0	0.000172200
SRR11032656.68552	21991	210	142	119008	106	106	93	1	2	104	1	60	0.000129560
SRR11032656.68701	24777	238	161	79618	105	105	41	1	2	134	1	60	0.000127120
SRR11032656.68892	23592	219	148	54476	96	96	63	1	2	116	1	60	0.000129720
SRR11032656.68987	21550	210	142	5856	86	86	19	1	2	110	1	60	0.000120921
SRR11032656.69228	24304	244	165	211110	62	62	55	0	0	0	0	-1	0.000109560
SRR11032656.69411	27168	283	192	716	15	15	30	0	0	0	0	-1	0.000108440
SRR11032656.69474	24813	232	157	20651	211	211	166	2	4	112	1	0	0.000161281
SRR11032656.69570	26330	216	146	93607	11482	11482	3968	5	5	97	1	0	0.000984482
SRR11032656.69701	20023	182	123	89945	19336	19336	9011	3	3	86	1	60	0.001345683
SRR11032656.69796	26016	215	146	79245	13021	13021	5699	11	5	93	1	0	0.001086683
SRR11032656.69945	22896	225	152	82257	84	84	27	2	3	133	1	60	0.000155481
SRR11032656.70053	24447	232	157	63215	94	94	59	2	3	115	1	60	0.000178880
SRR11032656.70214	20388	205	139	51854	61	61	41	1	2	83	1	60	0.000112760
SRR11032656.70372	21153	179	121	48241	57	57	43	1	2	83	1	60	0.000099080
SRR11032656.70482	23103	247	167	100831	126	126	70	2	3	105	1	0	0.000167201
SRR11032656.70613	26624	277	187	37302	78	78	85	0	0	0	0	-1	0.000120840
SRR11032656.70756	22589	207	140	23575	88	88	77	2	3	102	1	60	0.000157240
SRR11032656.70883	22219	255	173	186785	114	114	97	1	2	128	1	60	0.000133560
SRR11032656.71045	20872	192	130	39485	0	0	0	0	0	0	0	-1	0.000076640
SRR11032656.71283	26266	236	160	20535	1486	1486	716	2	3	99	1	0	0.000222161
SRR11032656.71432	25735	255	173	101316	120	120	73	1	2	132	1	60	0.000142800
SRR11032656.71512	20924	200	136	172141	74	74	57	2	3	92	1	60	0.000135761
SRR11032656.71670	24019	242	164	10376	115	115	73	1	2	132	1	60	0.000135920
SRR11032656.71823	22064	223	151	84080	91	91	59	1	2	107	1	60	0.000133200
SRR11032656.71943	22470	222	150	8514	64	64	27	1	2	97	1	60	0.000125680
SRR11032656.72065	26962	267	181	116214	132	132	92	1	2	154	1	60	0.000153200
SRR11032656.72235	25419	261	177	127687	128	128	87	1	2	138	1	60	0.000148680
SRR11032656.72379	25767	281	190	96045	98	98	37	1	2	159	1	60	0.000141440
SRR11032656.72513	24460	223	151	149487	229	229	151	1	2	116	1	60	0.000169880
SRR11032656.72612	25639	236	160	209177	75	75	51	1	2	110	1	60	0.000131880
SRR11032656.72743	24048	232	157	129	0	0	0	0	0	0	0	-1	0.000089520
SRR11032656.72870	26337	269	182	51751	0	0	0	0	0	0	0	-1	0.000100881
SRR11032656.72952	22431	234	158	299283	43856	43856	5960	3	4	127	1	0	0.001333003
SRR11032656.73878	21870	194	131	17338	124	124	181	0	0	0	0	-1	0.000103840
SRR11032656.73998	22777	234	158	42559	5834	5834	567	244	6	99	1	0	0.003900329
SRR11032656.74179	23071	238	161	53685	155	155	152	2	3	105	1	60	0.000161201
SRR11032656.74237	20552	233	158	115392	33619	33619	1427	20	6	121	1	0	0.000710681
SRR11032656.74353	23473	290	196	14834	322	322	134	2	3	150	1	60	0.000204560
SRR11032656.74384	20967	190	129	64401	11864	11864	896	147	5	107	1	0	0.002419685
SRR11032656.74560	22665	205	139	17331	284	284	251	1	0	0	0	-1	0.000131760
SRR11032656.75016	22189	216	146	240	0	0	0	0	0	0	0	-1	0.000080160
SRR11032656.76430	27715	331	224	203	0	0	0	0	0	0	0	-1	0.000112400
SRR11032656.77795	20891	232	157	266	9	9	18	0	0	0	0	-1	0.000086960
SRR11032656.78779	22941	212	144	763	0	0	0	0	0	0	0	-1	0.000084160
SRR11032656.79933	27776	272	184	118	0	0	0	0	0	0	0	-1	0.000102761
SRR11032656.80829	27414	265	179	245	0	0	0	0	0	0	0	-1	0.000099240
SRR11032656.82467	21050	216	146	201	0	0	0	0	0	0	0	-1	0.000078320
SRR11032656.83657	20551	203	138	34	0	0	0	0	0	0	0	-1	0.000073760
SRR11032656.84823	25824	252	171	940	7	7	14	0	0	0	0	-1	0.000098561
SRR11032656.87800	23745	219	148	123	0	0	0	0	0	0	0	-1	0.000082200
SRR11032656.89123	22257	234	158	471	0	0	0	0	0	0	0	-1	0.000083000
SRR11032656.90418	26173	275	186	921	0	0	0	0	0	0	0	-1	0.000098560
SRR11032656.91556	20151	192	130	56	0	0	0	0	0	0	0	-1	0.000070521
SRR11032656.92322	23945	221	150	246	3	3	6	0	0	0	0	-1	0.000085361
SRR11032656.93262	26724	283	192	169	0	0	0	0	0	0	0	-1	0.000099640
SRR11032656.94144	23223	218	148	199	0	0	0	0	0	0	0	-1	0.000082160
SRR11032656.94984	23941	219	148	191	0	0	0	0	0	0	0	-1	0.000084000
SRR11032656.96092	24929	243	165	225	0	0	0	0	0	0	0	-1	0.000092281
SRR11032656.97469	21490	206	140	2363	43	43	86	0	0	0	0	-1	0.000088040
SRR11032656.99142	27229	273	185	186	0	0	0	0	0	0	0	-1	0.000098080
SRR11032656.100647	22529	213	144	139	0	0	0	0	0	0	0	-1	0.000080720
SRR11032656.101615	22331	226	153	455	6	6	12	0	0	0	0	-1	0.000088761
SRR11032661.174	25144	254	172	251773	86	86	81	0	0	0	0	-1	0.000117720
SRR11032661.303	27407	290	196	1429	0	0	0	0	0	0	0	-1	0.000102040
SRR11032661.465	20080	185	125	157726	70	70	85	0	0	0	0	-1	0.000091281
SRR11032661.609	21129	216	146	70730	16	16	15	0	0	0	0	-1	0.000083400
SRR11032661.803	20488	209	142	162206	46	46	43	0	0	0	0	-1	0.000088720
SRR11032661.1022	25139	251	170	62369	6	6	10	0	0	0	0	-1	0.000095040
SRR11032661.1113	26947	260	176	103997	53	53	84	0	0	0	0	-1	0.000110880
SRR11032661.1292	22612	218	148	46335	32	32	37	0	0	0	0	-1	0.000088681
SRR11032661.1399	21430	215	146	175148	103	103	77	2	3	114	1	60	0.000142921
SRR11032661.1530	25998	281	190	110646	57	57	63	0	0	0	0	-1	0.000113040
SRR11032661.1610	23664	259	175	79390	85	85	87	0	0	0	0	-1	0.000116760
SRR11032661.1749	25170	247	167	16598	64	64	63	0	0	0	0	-1	0.000108680
SRR11032661.1956	27686	281	190	4543	0	0	0	0	0	0	0	-1	0.000102161
SRR11032661.2086	20210	190	129	97946	19	19	38	0	0	0	0	-1	0.000074760
SRR11032661.2147	20212	216	146	82750	96	96	168	0	0	0	0	-1	0.000100960
SRR11032661.2217	20025	199	135	89625	13453	13453	874	16	4	88	1	0	0.000527841
SRR11032661.2347	22445	223	151	83068	34	34	64	0	0	0	0	-1	0.000089641
SRR11032661.2507	27203	261	177	142527	108	108	55	2	3	119	1	60	0.000157480
SRR11032661.2617	22322	244	165	94336	69	69	91	0	0	0	0	-1	0.000103880
SRR11032661.2799	25474	247	167	147974	94	94	55	2	3	122	1	60	0.000158881
SRR11032661.2974	26253	256	173	101051	69	69	55	0	0	0	0	-1	0.000114320
SRR11032661.3206	23957	240	163	283	0	0	0	0	0	0	0	-1	0.000091800
SRR11032661.3345	20610	212	144	12789	15	15	30	0	0	0	0	-1	0.000080520
SRR11032661.3438	20301	204	138	2348	16	16	32	0	0	0	0	-1	0.000079081
SRR11032661.3553	25461	258	175	87277	28	28	19	0	0	0	0	-1	0.000101080
SRR11032661.3747	27045	274	185	1969	76	76	64	0	0	0	0	-1	0.000119241
SRR11032661.3891	23575	221	150	127392	62	62	77	0	0	0	0	-1	0.000109080
SRR11032661.4033	26431	264	179	200848	89	89	98	0	0	0	0	-1	0.000124681
SRR11032661.4183	21955	215	146	34648	30	30	28	0	0	0	0	-1	0.000086720
SRR11032661.4305	24163	233	158	8434	31	31	39	0	0	0	0	-1	0.000099600
SRR11032661.4493	20286	197	133	13788	56	56	45	0	0	0	0	-1	0.000088680
SRR11032661.4608	25726	281	190	1321	60	60	40	0	0	0	0	-1	0.000114680
SRR11032661.4742	22993	230	156	44657	47	47	39	0	0	0	0	-1	0.000095561
SRR11032661.4855	23095	198	134	9459	41	41	41	0	0	0	0	-1	0.000098640
SRR11032661.4944	25608	266	180	169234	76	76	73	0	0	0	0	-1	0.000117801
SRR11032661.5038	20515	167	113	28869	52	52	27	2	3	76	1	60	0.000105520
SRR11032661.5246	25637	244	165	19409	29	29	33	0	0	0	0	-1	0.000099120
SRR11032661.5388	25340	248	168	35092	22	22	29	0	0	0	0	-1	0.000098601
SRR11032661.5486	25004	267	181	12307	56	56	55	0	0	0	0	-1	0.000108960
SRR11032661.5609	26657	266	180	3363	2	2	4	0	0	0	0	-1	0.000122040
SRR11032661.5775	26519	269	182	222	0	0	0	0	0	0	0	-1	0.000097560
SRR11032661.5954	24194	255	173	182142	53	53	21	0	0	0	0	-1	0.000104520
SRR11032661.6083	20119	178	121	815	10	10	14	0	0	0	0	-1	0.000075120
SRR11032661.6281	27714	279	189	36230	55	55	16	0	0	0	0	-1	0.000119600
SRR11032661.6354	25148	264	179	332	20	20	35	0	0	0	0	-1	0.000101280
SRR11032661.6442	23633	237	160	92003	51	51	29	0	0	0	0	-1	0.000101840
SRR11032661.6574	21486	199	135	153966	20	20	24	0	0	0	0	-1	0.000080240
SRR11032661.6732	27440	264	179	12121	64	64	41	0	0	0	0	-1	0.000115641
SRR11032661.6803	20543	212	144	342	16	16	30	0	0	0	0	-1	0.000088800
SRR11032661.6979	27424	281	190	1690	44	44	58	0	0	0	0	-1	0.000112201
SRR11032661.7084	22200	208	141	42689	76	76	29	1	2	108	1	60	0.000113920
SRR11032661.7250	25835	280	190	66841	47	47	50	0	0	0	0	-1	0.000109160
SRR11032661.7446	26052	278	188	18701	58	58	53	0	0	0	0	-1	0.000110760
SRR11032661.7585	26453	254	172	2302	48	48	59	0	0	0	0	-1	0.000106760
SRR11032661.7719	22560	214	145	5017	8	8	16	0	0	0	0	-1	0.000084320
SRR11032661.7824	23689	232	157	67356	16	16	32	0	0	0	0	-1	0.000095521
SRR11032661.7962	26879	294	199	218151	51	51	57	0	0	0	0	-1	0.000112160
SRR11032661.8128	26432	233	158	41446	28	28	45	0	0	0	0	-1	0.000099080
SRR11032661.8363	22488	218	148	50631	44	44	35	0	0	0	0	-1	0.000090240
SRR11032661.8590	20833	184	125	17270	1669	1669	3230	0	0	0	0	-1	0.000621162
SRR11032661.8715	25321	266	180	488	10	10	20	0	0	0	0	-1	0.000099800
SRR11032661.8865	20778	212	144	77546	41	41	45	0	0	0	0	-1	0.000085881
	25987	25963	17526	0	0	0	0	0	0	0	0	-1	0.000298601
	21299	21275	14361	0	0	0	0	0	0	0	0	-1	0.000187200
	24078	24054	16237	0	0	0	0	0	0	0	0	-1	0.000222280
	27280	27256	18398	0	0	0	0	0	0	0	0	-1	0.000327521
	20477	20453	13806	0	0	0	0	0	0	0	0	-1	0.000181560
	23469	23445	15826	0	0	0	0	0	0	0	0	-1	0.000208121
	21985	21961	14824	0	0	0	0	0	0	0	0	-1	0.000213001
	20411	20387	13762	0	0	0	0	0	0	0	0	-1	0.000204801
	22739	22715	15333	0	0	0	0	0	0	0	0	-1	0.000209361
	23759	23735	16022	0	0	0	0	0	0	0	0	-1	0.000215560
	23417	23393	15791	0	0	0	0	0	0	0	0	-1	0.000228720
	24909	24885	16798	0	0	0	0	0	0	0	0	-1	0.000226120
	25128	25104	16946	0	0	0	0	0	0	0	0	-1	0.000228641
	24809	24785	16730	0	0	0	0	0	0	0	0	-1	0.000224441
	24821	24797	16738	0	0	0	0	0	0	0	0	-1	0.000223121
	20197	20173	13617	0	0	0	0	0	0	0	0	-1	0.000183201
	20900	20876	14092	0	0	0	0	0	0	0	0	-1	0.000202921
	20686	20662	13947	0	0	0	0	0	0	0	0	-1	0.000198600
	20942	20918	14120	0	0	0	0	0	0	0	0	-1	0.000190520
	23507	23483	15852	0	0	0	0	0	0	0	0	-1	0.000208120
	26014	25990	17544	0	0	0	0	0	0	0	0	-1	0.000236280
	24866	24842	16769	0	0	0	0	0	0	0	0	-1	0.000242241
	24705	24681	16660	0	0	0	0	0	0	0	0	-1	0.000230081
	23848	23824	16082	0	0	0	0	0	0	0	0	-1	0.000215961
	24045	24021	16215	0	0	0	0	0	0	0	0	-1	0.000221880
	26018	25994	17546	0	0	0	0	0	0	0	0	-1	0.000283201
	26089	26065	17594	0	0	0	0	0	0	0	0	-1	0.000305881
	27917	27893	18828	0	0	0	0	0	0	0	0	-1	0.000253800
	20922	20898	14107	0	0	0	0	0	0	0	0	-1	0.000185720
	27069	27045	18256	0	0	0	0	0	0	0	0	-1	0.000246240
	25109	25085	16933	0	0	0	0	0	0	0	0	-1	0.000230841
	20725	20701	13974	0	0	0	0	0	0	0	0	-1	0.000180441
	21512	21488	14505	0	0	0	0	0	0	0	0	-1	0.000194200
	27812	27788	18757	0	0	0	0	0	0	0	0	-1	0.000290600
	25851	25827	17434	0	0	0	0	0	0	0	0	-1	0.000240320
	22382	22358	15092	0	0	0	0	0	0	0	0	-1	0.000202200
	27302	27278	18413	0	0	0	0	0	0	0	0	-1	0.000270321
	25408	25384	17135	0	0	0	0	0	0	0	0	-1	0.000228521
	24994	24970	16855	0	0	0	0	0	0	0	0	-1	0.000220440
	21187	21163	14286	0	0	0	0	0	0	0	0	-1	0.000201520
	27164	27140	18320	0	0	0	0	0	0	0	0	-1	0.000245481
	26700	26676	18007	0	0	0	0	0	0	0	0	-1	0.000247520
	27697	27673	18680	0	0	0	0	0	0	0	0	-1	0.000256920
	25659	25635	17304	0	0	0	0	0	0	0	0	-1	0.000224201
	27222	27198	18359	0	0	0	0	0	0	0	0	-1	0.000250961
	20394	20370	13750	0	0	0	0	0	0	0	0	-1	0.000186200
	25005	24981	16863	0	0	0	0	0	0	0	0	-1	0.000224440
	22341	22317	15064	0	0	0	0	0	0	0	0	-1	0.000197800
	20716	20692	13968	0	0	0	0	0	0	0	0	-1	0.000194600
	22479	22455	15158	0	0	0	0	0	0	0	0	-1	0.000201360
	24931	24907	16813	0	0	0	0	0	0	0	0	-1	0.000221641
	26437	26413	17829	0	0	0	0	0	0	0	0	-1	0.000247361
	20660	20636	13930	0	0	0	0	0	0	0	0	-1	0.000191800
	27071	27047	18257	0	0	0	0	0	0	0	0	-1	0.000247081
	23054	23030	15546	0	0	0	0	0	0	0	0	-1	0.000232881
	26141	26117	17629	0	0	0	0	0	0	0	0	-1	0.000237401
	22868	22844	15420	0	0	0	0	0	0	0	0	-1	0.000202881
	21921	21897	14781	0	0	0	0	0	0	0	0	-1	0.000196401
	24103	24079	16254	0	0	0	0	0	0	0	0	-1	0.000274641
	20019	19995	13497	0	0	0	0	0	0	0	0	-1	0.000185200
	23240	23216	15671	0	0	0	0	0	0	0	0	-1	0.000210320
	24165	24141	16296	0	0	0	0	0	0	0	0	-1	0.000217681
	20163	20139	13594	0	0	0	0	0	0	0	0	-1	0.000180721
	23680	23656	15968	0	0	0	0	0	0	0	0	-1	0.000210521
	22656	22632	15277	0	0	0	0	0	0	0	0	-1	0.000222160
	25733	25709	17354	0	0	0	0	0	0	0	0	-1	0.000235800
	27491	27467	18541	0	0	0	0	0	0	0	0	-1	0.000246961
	26842	26818	18103	0	0	0	0	0	0	0	0	-1	0.000235041
	20611	20587	13897	0	0	0	0	0	0	0	0	-1	0.000189361
	23662	23638	15956	0	0	0	0	0	0	0	0	-1	0.000210201
	25445	25421	17160	0	0	0	0	0	0	0	0	-1	0.000227761
	24397	24373	16452	0	0	0	0	0	0	0	0	-1	0.000232360
	21331	21307	14383	0	0	0	0	0	0	0	0	-1	0.000189080
	25402	25378	17131	0	0	0	0	0	0	0	0	-1	0.000224520
	21225	21201	14311	0	0	0	0	0	0	0	0	-1	0.000191080
	25979	25955	17520	0	0	0	0	0	0	0	0	-1	0.000246120
	25188	25164	16986	0	0	0	0	0	0	0	0	-1	0.000224200
	21459	21435	14469	0	0	0	0	0	0	0	0	-1	0.000191721
	23524	23500	15863	0	0	0	0	0	0	0	0	-1	0.000208161
	20718	20694	13969	0	0	0	0	0	0	0	0	-1	0.000194281
	24296	24272	16384	0	0	0	0	0	0	0	0	-1	0.000215321
	26965	26941	18186	0	0	0	0	0	0	0	0	-1	0.000236441
	25575	25551	17247	0	0	0	0	0	0	0	0	-1	0.000229160
	25559	25535	17237	0	0	0	0	0	0	0	0	-1	0.000223160
	22113	22089	14911	0	0	0	0	0	0	0	0	-1	0.000206080
	25585	25561	17254	0	0	0	0	0	0	0	0	-1	0.000223840
	20663	20639	13932	0	0	0	0	0	0	0	0	-1	0.000190480
	22158	22134	14941	0	0	0	0	0	0	0	0	-1	0.000205240
	22888	22864	15434	0	0	0	0	0	0	0	0	-1	0.000206320
	22924	22900	15458	0	0	0	0	0	0	0	0	-1	0.000218281
	20381	20357	13741	0	0	0	0	0	0	0	0	-1	0.000186281
	26534	26510	17895	0	0	0	0	0	0	0	0	-1	0.000239321
	26160	26136	17642	0	0	0	0	0	0	0	0	-1	0.000239081
	20374	20350	13737	0	0	0	0	0	0	0	0	-1	0.000187521
	26734	26710	18030	0	0	0	0	0	0	0	0	-1	0.000239001
	26896	26872	18139	0	0	0	0	0	0	0	0	-1	0.000235681
	20039	20015	13511	0	0	0	0	0	0	0	0	-1	0.000182081
	22900	22876	15442	0	0	0	0	0	0	0	0	-1	0.000212081
	27395	27371	18476	0	0	0	0	0	0	0	0	-1	0.000258721
	22081	22057	14889	0	0	0	0	0	0	0	0	-1	0.000199400
	26303	26279	17739	0	0	0	0	0	0	0	0	-1	0.000228000
	20700	20676	13957	0	0	0	0	0	0	0	0	-1	0.000212800
	25156	25132	16965	0	0	0	0	0	0	0	0	-1	0.000231240
	23104	23080	15580	0	0	0	0	0	0	0	0	-1	0.000206680
	24589	24565	16582	0	0	0	0	0	0	0	0	-1	0.000221801
	24180	24156	16306	0	0	0	0	0	0	0	0	-1	0.000228601
	23328	23304	15731	0	0	0	0	0	0	0	0	-1	0.000207761
	25510	25486	17204	0	0	0	0	0	0	0	0	-1	0.000225001
	20085	20061	13542	0	0	0	0	0	0	0	0	-1	0.000172640
	22068	22044	14880	0	0	0	0	0	0	0	0	-1	0.000215641
	23196	23172	15642	0	0	0	0	0	0	0	0	-1	0.000215041
	22427	22403	15123	0	0	0	0	0	0	0	0	-1	0.000205761
	26675	26651	17990	0	0	0	0	0	0	0	0	-1	0.000241921
	24403	24379	16456	0	0	0	0	0	0	0	0	-1	0.000217960
	24735	24711	16680	0	0	0	0	0	0	0	0	-1	0.000221161
	20604	20580	13892	0	0	0	0	0	0	0	0	-1	0.000209441
	26544	26520	17902	0	0	0	0	0	0	0	0	-1	0.000240241
	24295	24271	16383	0	0	0	0	0	0	0	0	-1	0.000218200
	21794	21770	14695	0	0	0	0	0	0	0	0	-1	0.000199840
	22742	22718	15335	0	0	0	0	0	0	0	0	-1	0.000227480
	22995	22971	15506	0	0	0	0	0	0	0	0	-1	0.000208720
	24288	24264	16379	0	0	0	0	0	0	0	0	-1	0.000219760
	20519	20495	13835	0	0	0	0	0	0	0	0	-1	0.000187560
	20001	19977	13485	0	0	0	0	0	0	0	0	-1	0.000191400
	24006	23982	16188	0	0	0	0	0	0	0	0	-1	0.000213520
	21888	21864	14759	0	0	0	0	0	0	0	0	-1	0.000201560
	21600	21576	14564	0	0	0	0	0	0	0	0	-1	0.000212800
	23482	23458	15835	0	0	0	0	0	0	0	0	-1	0.000222960
	20603	20579	13891	0	0	0	0	0	0	0	0	-1	0.000183560
	20505	20481	13825	0	0	0	0	0	0	0	0	-1	0.000189720
	21811	21787	14707	0	0	0	0	0	0	0	0	-1	0.000205840
	21272	21248	14343	0	0	0	0	0	0	0	0	-1	0.000194880
	23734	23710	16005	0	0	0	0	0	0	0	0	-1	0.000217120
	21368	21344	14408	0	0	0	0	0	0	0	0	-1	0.000191040
	20120	20096	13565	0	0	0	0	0	0	0	0	-1	0.000185360
	27954	27930	18853	0	0	0	0	0	0	0	0	-1	0.000264641
	27067	27043	18255	0	0	0	0	0	0	0	0	-1	0.000267440
	24165	24141	16296	0	0	0	0	0	0	0	0	-1	0.000213001
	25085	25061	16917	0	0	0	0	0	0	0	0	-1	0.000225521
	22481	22457	15159	0	0	0	0	0	0	0	0	-1	0.000209561
	27144	27120	18307	0	0	0	0	0	0	0	0	-1	0.000252281
	21363	21339	14404	0	0	0	0	0	0	0	0	-1	0.000192960
	26171	26147	17650	0	0	0	0	0	0	0	0	-1	0.000230680
	22514	22490	15181	0	0	0	0	0	0	0	0	-1	0.000204960
	26425	26401	17821	0	0	0	0	0	0	0	0	-1	0.000232080
	26057	26033	17573	0	0	0	0	0	0	0	0	-1	0.000236121
	21559	21535	14537	0	0	0	0	0	0	0	0	-1	0.000220401
	20007	19983	13489	0	0	0	0	0	0	0	0	-1	0.000182041
	23053	23029	15545	0	0	0	0	0	0	0	0	-1	0.000209561
	26469	26445	17851	0	0	0	0	0	0	0	0	-1	0.000259760
	20284	20260	13676	0	0	0	0	0	0	0	0	-1	0.000186840
	21625	21601	14581	0	0	0	0	0	0	0	0	-1	0.000198320
	27804	27780	18752	0	0	0	0	0	0	0	0	-1	0.000255921
	23532	23508	15868	0	0	0	0	0	0	0	0	-1	0.000210960
	22995	22971	15506	0	0	0	0	0	0	0	0	-1	0.000222760
	27115	27091	18287	0	0	0	0	0	0	0	0	-1	0.000251761
	23443	23419	15808	0	0	0	0	0	0	0	0	-1	0.000209800
	23751	23727	16016	0	0	0	0	0	0	0	0	-1	0.000231640
	21888	21864	14759	0	0	0	0	0	0	0	0	-1	0.000198481
	25448	25424	17162	0	0	0	0	0	0	0	0	-1	0.000226321
	20748	20724	13989	0	0	0	0	0	0	0	0	-1	0.000197601
	22065	22041	14878	0	0	0	0	0	0	0	0	-1	0.000211120
	27870	27846	18797	0	0	0	0	0	0	0	0	-1	0.000253280
	22153	22129	14938	0	0	0	0	0	0	0	0	-1	0.000207600
	23632	23608	15936	0	0	0	0	0	0	0	0	-1	0.000214960
	20480	20456	13808	0	0	0	0	0	0	0	0	-1	0.000188041
	24134	24110	16275	0	0	0	0	0	0	0	0	-1	0.000225800
	22986	22962	15500	0	0	0	0	0	0	0	0	-1	0.000208240
	21193	21169	14290	0	0	0	0	0	0	0	0	-1	0.000189560
	25861	25837	17440	0	0	0	0	0	0	0	0	-1	0.000232920
	21570	21546	14544	0	0	0	0	0	0	0	0	-1	0.000194480
	22596	22572	15237	0	0	0	0	0	0	0	0	-1	0.000208481
	25805	25781	17403	0	0	0	0	0	0	0	0	-1	0.000233201
	23860	23836	16090	0	0	0	0	0	0	0	0	-1	0.000214280
	23540	23516	15874	0	0	0	0	0	0	0	0	-1	0.000212800
	20880	20856	14078	0	0	0	0	0	0	0	0	-1	0.000190601
	20361	20337	13728	0	0	0	0	0	0	0	0	-1	0.000186121
	25529	25505	17216	0	0	0	0	0	0	0	0	-1	0.000228040
	27099	27075	18276	0	0	0	0	0	0	0	0	-1	0.000255681
	25416	25392	17140	0	0	0	0	0	0	0	0	-1	0.000227121
	27096	27072	18274	0	0	0	0	0	0	0	0	-1	0.000246921
	20192	20168	13614	0	0	0	0	0	0	0	0	-1	0.000225720
	23199	23175	15644	0	0	0	0	0	0	0	0	-1	0.000213000
	23328	23304	15731	0	0	0	0	0	0	0	0	-1	0.000210480
	23285	23261	15702	0	0	0	0	0	0	0	0	-1	0.000205320
	22825	22801	15391	0	0	0	0	0	0	0	0	-1	0.000227881
	26475	26451	17855	0	0	0	0	0	0	0	0	-1	0.000237961
	20042	20018	13513	0	0	0	0	0	0	0	0	-1	0.000182480
	26650	26626	17973	0	0	0	0	0	0	0	0	-1	0.000246440
	27520	27496	18560	0	0	0	0	0	0	0	0	-1	0.000255960
	20847	20823	14056	0	0	0	0	0	0	0	0	-1	0.000188080
	25033	25009	16882	0	0	0	0	0	0	0	0	-1	0.000218481
	20658	20634	13928	0	0	0	0	0	0	0	0	-1	0.000197440
	27119	27095	18290	0	0	0	0	0	0	0	0	-1	0.000247721
	22504	22480	15175	0	0	0	0	0	0	0	0	-1	0.000203921
	27353	27329	18448	0	0	0	0	0	0	0	0	-1	0.000249361
	21051	21027	14194	0	0	0	0	0	0	0	0	-1	0.000197201
	20118	20094	13564	0	0	0	0	0	0	0	0	-1	0.000183161
	26650	26626	17973	0	0	0	0	0	0	0	0	-1	0.000240081
	24132	24108	16273	0	0	0	0	0	0	0	0	-1	0.000220960
	23239	23215	15671	0	0	0	0	0	0	0	0	-1	0.000214320
	22804	22780	15377	0	0	0	0	0	0	0	0	-1	0.000210480
	24498	24474	16520	0	0	0	0	0	0	0	0	-1	0.000219280
	21053	21029	14195	0	0	0	0	0	0	0	0	-1	0.000197800
	25543	25519	17226	0	0	0	0	0	0	0	0	-1	0.000228440
	22890	22866	15435	0	0	0	0	0	0	0	0	-1	0.000211400
	27965	27941	18861	0	0	0	0	0	0	0	0	-1	0.000253760
	26817	26793	18086	0	0	0	0	0	0	0	0	-1	0.000247240
	21629	21605	14584	0	0	0	0	0	0	0	0	-1	0.000194481
	23448	23424	15812	0	0	0	0	0	0	0	0	-1	0.000207401
	22612	22588	15247	0	0	0	0	0	0	0	0	-1	0.000209480
	24765	24741	16701	0	0	0	0	0	0	0	0	-1	0.000241921
	23292	23268	15706	0	0	0	0	0	0	0	0	-1	0.000208841
	20112	20088	13560	0	0	0	0	0	0	0	0	-1	0.000182801
	22135	22111	14925	0	0	0	0	0	0	0	0	-1	0.000204201
	27461	27437	18520	0	0	0	0	0	0	0	0	-1	0.000269241
	26231	26207	17690	0	0	0	0	0	0	0	0	-1	0.000231921
	26819	26795	18087	0	0	0	0	0	0	0	0	-1	0.000239760
	24599	24575	16589	0	0	0	0	0	0	0	0	-1	0.000232920
	21671	21647	14612	0	0	0	0	0	0	0	0	-1	0.000205520
	23874	23850	16099	0	0	0	0	0	0	0	0	-1	0.000211321
	25749	25725	17365	0	0	0	0	0	0	0	0	-1	0.000232641
	24081	24057	16239	0	0	0	0	0	0	0	0	-1	0.000219960
	25264	25240	17038	0	0	0	0	0	0	0	0	-1	0.000227480
	20718	20694	13969	0	0	0	0	0	0	0	0	-1	0.000197041
	27473	27449	18529	0	0	0	0	0	0	0	0	-1	0.000251881
	23041	23017	15537	0	0	0	0	0	0	0	0	-1	0.000209320
	27847	27823	18781	0	0	0	0	0	0	0	0	-1	0.000256640
	23092	23068	15571	0	0	0	0	0	0	0	0	-1	0.000233120
	27060	27036	18250	0	0	0	0	0	0	0	0	-1	0.000247800
	22956	22932	15480	0	0	0	0	0	0	0	0	-1	0.000211601
	20240	20216	13646	0	0	0	0	0	0	0	0	-1	0.000197241
	23853	23829	16085	0	0	0	0	0	0	0	0	-1	0.000218561
	25180	25156	16981	0	0	0	0	0	0	0	0	-1	0.000228560
	22564	22540	15215	0	0	0	0	0	0	0	0	-1	0.000241560
	24944	24920	16822	0	0	0	0	0	0	0	0	-1	0.000222720
	21152	21128	14262	0	0	0	0	0	0	0	0	-1	0.000192640
	24121	24097	16266	0	0	0	0	0	0	0	0	-1	0.000215320
	26835	26811	18098	0	0	0	0	0	0	0	0	-1	0.000256401
	26488	26464	17864	0	0	0	0	0	0	0	0	-1	0.000230641
	21247	21223	14326	0	0	0	0	0	0	0	0	-1	0.000191721
	20428	20404	13773	0	0	0	0	0	0	0	0	-1	0.000191960
	25055	25031	16896	0	0	0	0	0	0	0	0	-1	0.000229000
	25188	25164	16986	0	0	0	0	0	0	0	0	-1	0.000219560
	26837	26813	18099	0	0	0	0	0	0	0	0	-1	0.000260321
	23016	22992	15520	0	0	0	0	0	0	0	0	-1	0.000214361
	20205	20181	13623	0	0	0	0	0	0	0	0	-1	0.000181641
	21257	21233	14333	0	0	0	0	0	0	0	0	-1	0.000192720
	26662	26638	17981	0	0	0	0	0	0	0	0	-1	0.000252560
	22242	22218	14998	0	0	0	0	0	0	0	0	-1	0.000205400
	27226	27202	18362	0	0	0	0	0	0	0	0	-1	0.000255841
	22050	22026	14868	0	0	0	0	0	0	0	0	-1	0.000229561
	21050	21026	14193	0	0	0	0	0	0	0	0	-1	0.000185161
	21764	21740	14675	0	0	0	0	0	0	0	0	-1	0.000200441
	22704	22680	15310	0	0	0	0	0	0	0	0	-1	0.000213641
	23464	23440	15823	0	0	0	0	0	0	0	0	-1	0.000217201
	22007	21983	14839	0	0	0	0	0	0	0	0	-1	0.000197961
	23375	23351	15762	0	0	0	0	0	0	0	0	-1	0.000212041
	22666	22642	15284	0	0	0	0	0	0	0	0	-1	0.000204480
	21201	21177	14295	0	0	0	0	0	0	0	0	-1	0.000210360
	25215	25191	17004	0	0	0	0	0	0	0	0	-1	0.000230040
	20800	20776	14024	0	0	0	0	0	0	0	0	-1	0.000193841
	25303	25279	17064	0	0	0	0	0	0	0	0	-1	0.000244881
	21647	21623	14596	0	0	0	0	0	0	0	0	-1	0.000195841
	20500	20476	13822	0	0	0	0	0	0	0	0	-1	0.000184480
	25093	25069	16922	0	0	0	0	0	0	0	0	-1	0.000234240
	22366	22342	15081	0	0	0	0	0	0	0	0	-1	0.000208000
	24770	24746	16704	0	0	0	0	0	0	0	0	-1	0.000222560
	22898	22874	15440	0	0	0	0	0	0	0	0	-1	0.000205081
	26610	26586	17946	0	0	0	0	0	0	0	0	-1	0.000252121
	20968	20944	14138	0	0	0	0	0	0	0	0	-1	0.000193481
	27829	27805	18769	0	0	0	0	0	0	0	0	-1	0.000253881
	23659	23635	15954	0	0	0	0	0	0	0	0	-1	0.000229000
	23253	23229	15680	0	0	0	0	0	0	0	0	-1	0.000204400
	25481	25457	17184	0	0	0	0	0	0	0	0	-1	0.000232080
	27471	27447	18527	0	0	0	0	0	0	0	0	-1	0.000247321
	21818	21794	14711	0	0	0	0	0	0	0	0	-1	0.000197681
	22880	22856	15428	0	0	0	0	0	0	0	0	-1	0.000205600
	24513	24489	16531	0	0	0	0	0	0	0	0	-1	0.000219840
	25425	25401	17146	0	0	0	0	0	0	0	0	-1	0.000231160
	22109	22085	14908	0	0	0	0	0	0	0	0	-1	0.000200161
	20055	20031	13521	0	0	0	0	0	0	0	0	-1	0.000176801
	20646	20622	13920	0	0	0	0	0	0	0	0	-1	0.000198841
	27595	27571	18611	0	0	0	0	0	0	0	0	-1	0.000251441
	24007	23983	16189	0	0	0	0	0	0	0	0	-1	0.000221560
	27915	27891	18827	0	0	0	0	0	0	0	0	-1	0.000264240
	24409	24385	16460	0	0	0	0	0	0	0	0	-1	0.000219760
	20239	20215	13646	0	0	0	0	0	0	0	0	-1	0.000184800
	20106	20082	13556	0	0	0	0	0	0	0	0	-1	0.000182800
	26567	26543	17917	0	0	0	0	0	0	0	0	-1	0.000239200
	26622	26598	17954	0	0	0	0	0	0	0	0	-1	0.000240080
	26604	26580	17942	0	0	0	0	0	0	0	0	-1	0.000237480
	23015	22991	15519	0	0	0	0	0	0	0	0	-1	0.000209481
	20392	20368	13749	0	0	0	0	0	0	0	0	-1	0.000190321
	26105	26081	17605	0	0	0	0	0	0	0	0	-1	0.000232481
	22183	22159	14958	0	0	0	0	0	0	0	0	-1	0.000199280
	21216	21192	14305	0	0	0	0	0	0	0	0	-1	0.000191960
	21965	21941	14811	0	0	0	0	0	0	0	0	-1	0.000201800
	26991	26967	18203	0	0	0	0	0	0	0	0	-1	0.000249840
	21566	21542	14541	0	0	0	0	0	0	0	0	-1	0.000196281
	24656	24632	16627	0	0	0	0	0	0	0	0	-1	0.000217840
	20045	20021	13515	0	0	0	0	0	0	0	0	-1	0.000180200
	26353	26329	17773	0	0	0	0	0	0	0	0	-1	0.000231880
	26318	26294	17749	0	0	0	0	0	0	0	0	-1	0.000246681
	25255	25231	17031	0	0	0	0	0	0	0	0	-1	0.000219560
	27238	27214	18370	0	0	0	0	0	0	0	0	-1	0.000244561
	26953	26929	18178	0	0	0	0	0	0	0	0	-1	0.000233640
	25439	25415	17156	0	0	0	0	0	0	0	0	-1	0.000227441
	24255	24231	16356	0	0	0	0	0	0	0	0	-1	0.000233200
	23730	23706	16002	0	0	0	0	0	0	0	0	-1	0.000210520
	23402	23378	15781	0	0	0	0	0	0	0	0	-1	0.000207841
	24484	24460	16511	0	0	0	0	0	0	0	0	-1	0.000218521
	24787	24763	16716	0	0	0	0	0	0	0	0	-1	0.000243600
	22119	22095	14915	0	0	0	0	0	0	0	0	-1	0.000204480
	24331	24307	16408	0	0	0	0	0	0	0	0	-1	0.000214360
	25736	25712	17356	0	0	0	0	0	0	0	0	-1	0.000232280
	23136	23112	15601	0	0	0	0	0	0	0	0	-1	0.000220960
	25321	25297	17076	0	0	0	0	0	0	0	0	-1	0.000240321
	25448	25424	17162	0	0	0	0	0	0	0	0	-1	0.000224200
	27838	27814	18775	0	0	0	0	0	0	0	0	-1	0.000250880
	27358	27334	18451	0	0	0	0	0	0	0	0	-1	0.000261481
	23832	23808	16071	0	0	0	0	0	0	0	0	-1	0.000216281
	20962	20938	14134	0	0	0	0	0	0	0	0	-1	0.000191321
	26314	26290	17746	0	0	0	0	0	0	0	0	-1	0.000234401
	26042	26018	17563	0	0	0	0	0	0	0	0	-1	0.000245241
	21225	21201	14311	0	0	0	0	0	0	0	0	-1	0.000196801
	24788	24764	16716	0	0	0	0	0	0	0	0	-1	0.000219121
	21011	20987	14167	0	0	0	0	0	0	0	0	-1	0.000196081
	24386	24362	16445	0	0	0	0	0	0	0	0	-1	0.000231481
	22492	22468	15166	0	0	0	0	0	0	0	0	-1	0.000202921
	24590	24566	16583	0	0	0	0	0	0	0	0	-1	0.000223121
	26364	26340	17780	0	0	0	0	0	0	0	0	-1	0.000236401
	20081	20057	13539	0	0	0	0	0	0	0	0	-1	0.000181440
	26715	26691	18017	0	0	0	0	0	0	0	0	-1	0.000232001
	27098	27074	18275	0	0	0	0	0	0	0	0	-1	0.000250881
	27892	27868	18811	0	0	0	0	0	0	0	0	-1	0.000264161
	20223	20199	13635	0	0	0	0	0	0	0	0	-1	0.000181400
	22103	22079	14904	0	0	0	0	0	0	0	0	-1	0.000205720
	27218	27194	18356	0	0	0	0	0	0	0	0	-1	0.000265320
	21158	21134	14266	0	0	0	0	0	0	0	0	-1	0.000189321
	25102	25078	16928	0	0	0	0	0	0	0	0	-1	0.000227441
	24278	24254	16372	0	0	0	0	0	0	0	0	-1	0.000245081
	20247	20223	13651	0	0	0	0	0	0	0	0	-1	0.000180721
	25367	25343	17107	0	0	0	0	0	0	0	0	-1	0.000224681
	20119	20095	13565	0	0	0	0	0	0	0	0	-1	0.000176921
	25295	25271	17058	0	0	0	0	0	0	0	0	-1	0.000231601
	21287	21263	14353	0	0	0	0	0	0	0	0	-1	0.000207481
	23689	23665	15974	0	0	0	0	0	0	0	0	-1	0.000214601
	21916	21892	14778	0	0	0	0	0	0	0	0	-1	0.000200400
SRR11032660.200	20868	214	145	968	0	0	0	0	0	0	0	-1	0.000090920
SRR11032660.316	25548	247	167	604	0	0	0	0	0	0	0	-1	0.000095281
SRR11032660.456	20573	204	138	271120	59	59	59	1	2	85	1	60	0.000117480
SRR11032660.620	21204	210	142	164413	52	52	23	1	2	90	1	60	0.000116080
SRR11032660.757	21069	211	143	42009	28	28	27	0	0	0	0	-1	0.000083921
SRR11032660.853	21304	214	145	111123	93	93	73	2	3	102	1	60	0.000154800
SRR11032660.946	22248	213	144	24597	67	67	55	1	2	90	1	60	0.000151160
SRR11032660.1099	21197	230	156	1751	33	33	45	0	0	0	0	-1	0.000091921
SRR11032660.1265	24616	253	171	551	73	73	55	0	0	0	0	-1	0.000111840
SRR11032660.1469	21211	231	156	20689	47	47	41	0	0	0	0	-1	0.000095920
SRR11032660.1691	20933	203	138	45167	109	109	99	1	2	105	1	60	0.000125720
SRR11032660.1886	25996	259	175	72788	29	29	24	0	0	0	0	-1	0.000102120
SRR11032660.2021	27543	259	175	73848	21	21	42	0	0	0	0	-1	0.000104161
SRR11032660.2150	25175	232	157	83195	103	103	171	0	0	0	0	-1	0.000102920
SRR11032660.2220	24672	217	147	71951	34	34	68	0	0	0	0	-1	0.000091600
SRR11032660.2333	22170	182	123	77905	58	58	114	0	0	0	0	-1	0.000082920
SRR11032660.2471	24958	257	174	8037	47	47	94	0	0	0	0	-1	0.000107840
SRR11032660.2583	21518	209	142	43465	41	41	37	0	0	0	0	-1	0.000089400
SRR11032660.2643	20906	211	143	164	0	0	0	0	0	0	0	-1	0.000079280
SRR11032660.2716	21362	218	148	21973	50	50	39	0	0	0	0	-1	0.000093080
SRR11032660.2840	21153	181	123	76814	27	27	39	0	0	0	0	-1	0.000078840
SRR11032660.3046	26497	265	179	65171	94	94	47	2	3	131	1	60	0.000153561
SRR11032660.3187	27173	277	187	10606	39	39	74	0	0	0	0	-1	0.000114080
SRR11032660.3316	23232	244	165	10057	37	37	35	0	0	0	0	-1	0.000097160
SRR11032660.3494	20969	217	147	91593	70	70	57	0	0	0	0	-1	0.000099400
SRR11032660.3601	23623	205	139	45266	62	62	33	2	3	89	1	60	0.000134441
SRR11032660.3787	23556	241	163	102690	46	46	61	0	0	0	0	-1	0.000167360
SRR11032660.3903	21305	211	143	12661	20	20	25	0	0	0	0	-1	0.000081800
SRR11032660.4005	25089	239	162	118354	70	70	45	1	2	106	1	60	0.000130440
SRR11032660.4215	25375	276	187	15010	19	19	32	0	0	0	0	-1	0.000103400
SRR11032660.4382	26230	249	169	588	19	19	30	0	0	0	0	-1	0.000097680
SRR11032660.4442	23112	226	153	27155	46	46	38	0	0	0	0	-1	0.000096641
SRR11032660.4553	25911	264	179	36012	12	12	20	0	0	0	0	-1	0.000100840
SRR11032660.4679	21432	198	134	130835	113	113	81	1	2	113	1	60	0.000123201
SRR11032660.4769	20932	239	162	170597	81	81	81	0	0	0	0	-1	0.000104240
SRR11032660.4885	22806	226	153	125	0	0	0	0	0	0	0	-1	0.000083960
SRR11032660.5043	26049	268	181	97195	11	11	18	0	0	0	0	-1	0.000101880
SRR11032660.5191	25122	240	163	24787	51	51	39	0	0	0	0	-1	0.000106081
SRR11032660.5367	20459	202	137	79460	36	36	23	0	0	0	0	-1	0.000083480
SRR11032660.5581	25012	229	155	29082	7	7	14	0	0	0	0	-1	0.000089880
SRR11032660.5746	23117	236	160	119667	49	49	37	0	0	0	0	-1	0.000100080
SRR11032660.5835	23594	217	147	24746	59	59	61	0	0	0	0	-1	0.000099640
SRR11032660.5944	26377	278	188	120062	35	35	58	0	0	0	0	-1	0.000106640
SRR11032660.6084	25410	265	179	54751	56	56	71	0	0	0	0	-1	0.000109200
SRR11032660.6184	25862	274	185	23318	60	60	59	0	0	0	0	-1	0.000110281
SRR11032660.6283	27247	273	185	14817	50	50	91	0	0	0	0	-1	0.000115640
SRR11032660.6394	27949	283	192	28611	69	69	49	0	0	0	0	-1	0.000118360
SRR11032660.6561	25826	311	210	439	45	45	60	0	0	0	0	-1	0.000114241
SRR11032660.6677	21882	226	153	100407	25	25	28	0	0	0	0	-1	0.000096600
SRR11032660.6787	24351	248	168	22238	32	32	41	0	0	0	0	-1	0.000098840
SRR11032660.6951	25199	244	165	52761	39	39	39	0	0	0	0	-1	0.000099840
SRR11032660.7051	23763	246	167	159868	66	66	53	0	0	0	0	-1	0.000106440
SRR11032660.7116	24861	265	179	130148	94	94	81	1	2	110	1	60	0.000149760
SRR11032660.7280	20092	204	138	6922	27	27	39	0	0	0	0	-1	0.000080080
SRR11032660.7439	22716	245	166	40211	52	52	51	0	0	0	0	-1	0.000098840
SRR11032660.7599	26985	254	172	63379	46	46	33	0	0	0	0	-1	0.000106161
SRR11032660.7715	27771	284	192	69020	42	42	35	0	0	0	0	-1	0.000110760
SRR11032660.7904	26849	270	183	109389	67	67	73	0	0	0	0	-1	0.000113760
SRR11032660.8051	21267	212	144	42977	40	40	19	0	0	0	0	-1	0.000088800
SRR11032660.8228	27899	307	208	16898	82	82	52	1	2	125	1	60	0.000151600
SRR11032660.8355	23333	235	159	35214	67	67	29	1	2	103	1	60	0.000120360
SRR11032660.8516	25556	259	175	26926	40	40	23	0	0	0	0	-1	0.000104040
SRR11032660.8600	22915	222	150	58457	71	71	40	2	3	91	1	60	0.000147600
SRR11032660.8725	23658	232	157	74170	12	12	17	0	0	0	0	-1	0.000090881
SRR11032660.8912	23349	241	163	81118	32	32	43	0	0	0	0	-1	0.000095000
SRR11032660.8993	23035	220	149	18282	35	35	43	0	0	0	0	-1	0.000108081
SRR11032660.9081	25913	235	159	145633	43	43	41	0	0	0	0	-1	0.000101280
SRR11032660.9300	26930	283	192	92004	74	74	33	2	3	122	1	60	0.000152361
SRR11032660.9487	24420	237	160	59089	56	56	42	0	0	0	0	-1	0.000102920
SRR11032660.9642	25835	267	181	93505	75	75	61	0	0	0	0	-1	0.000115960
SRR11032660.9820	22096	253	171	107306	84	84	134	0	0	0	0	-1	0.000106520
SRR11032660.10050	22457	243	165	139562	91	91	55	1	2	116	1	60	0.000125080
SRR11032660.10217	26824	267	181	104180	32	32	28	0	0	0	0	-1	0.000106800
SRR11032660.10302	24617	238	161	87540	23	23	15	0	0	0	0	-1	0.000093481
SRR11032660.10524	26900	275	186	124149	77	77	35	1	2	113	1	60	0.000140600
SRR11032660.10652	21225	228	154	5391	32	32	31	0	0	0	0	-1	0.000140601
SRR11032660.10807	21761	232	157	128414	44	44	49	0	0	0	0	-1	0.000092360
SRR11032660.11000	22457	226	153	17510	67	67	51	0	0	0	0	-1	0.000102400
SRR11032660.11199	27170	261	177	42257	45	45	51	0	0	0	0	-1	0.000109241
SRR11032660.11308	25918	251	170	201374	76	76	43	1	2	109	1	60	0.000133360
SRR11032660.11351	27298	277	187	123699	54	54	37	0	0	0	0	-1	0.000114480
SRR11032660.11511	22612	219	148	27629	72	72	45	1	2	91	1	60	0.000228881
SRR11032660.11674	26434	249	169	110618	41	41	35	0	0	0	0	-1	0.000105320
SRR11032660.11765	25206	261	177	2224	67	67	65	0	0	0	0	-1	0.000112401
SRR11032660.11863	21657	237	160	161483	52	52	43	0	0	0	0	-1	0.000096160
SRR11032660.11996	21911	224	152	96779	49	49	39	0	0	0	0	-1	0.000091481
SRR11032660.12116	26110	262	177	146896	71	71	79	0	0	0	0	-1	0.000111520
SRR11032660.12247	24886	234	158	6019	56	56	55	0	0	0	0	-1	0.000101040
SRR11032660.12376	20445	220	149	86257	60	60	63	0	0	0	0	-1	0.000091680
SRR11032660.12486	20505	190	129	40958	34	34	62	0	0	0	0	-1	0.000081560
SRR11032660.12616	26867	267	181	33798	45	45	43	0	0	0	0	-1	0.000106120
SRR11032660.12789	21371	224	152	89090	70	70	59	0	0	0	0	-1	0.000099441
SRR11032660.12979	23447	251	170	86341	43	43	33	0	0	0	0	-1	0.000100240
SRR11032660.13154	20567	163	111	51583	10	10	18	0	0	0	0	-1	0.000071280
SRR11032660.13253	27875	298	202	141841	57	57	49	0	0	0	0	-1	0.000115360
SRR11032660.13477	23721	270	183	3252	62	62	47	0	0	0	0	-1	0.000108240
SRR11032660.13643	21472	216	146	89892	65	65	34	2	3	89	1	60	0.000141160
SRR11032660.13849	22559	221	150	349	31	31	47	0	0	0	0	-1	0.000086881
SRR11032660.13971	26012	255	173	2579	40	40	63	0	0	0	0	-1	0.000104480
SRR11032660.14135	24599	273	185	13978	60	60	49	0	0	0	0	-1	0.000106480
SRR11032660.14303	20303	214	145	1548	34	34	27	0	0	0	0	-1	0.000081800
SRR11032660.14429	27267	279	189	25990	76	76	43	0	0	0	0	-1	0.000145160
SRR11032660.14544	25921	245	166	299	1	1	2	0	0	0	0	-1	0.000095200
SRR11032660.14708	20243	196	133	1234	50	50	45	0	0	0	0	-1	0.000085120
SRR11032660.14844	24224	236	160	42721	63	63	37	0	0	0	0	-1	0.000105480
SRR11032660.14975	25787	266	180	17081	110	110	65	2	3	133	1	60	0.000158760
SRR11032660.15081	25097	243	165	105897	11	11	19	0	0	0	0	-1	0.000093841
SRR11032660.15158	22643	242	164	29922	15	15	16	0	0	0	0	-1	0.000086440
SRR11032660.15337	27550	281	190	78239	73	73	43	0	0	0	0	-1	0.000121600
SRR11032660.15493	25969	274	185	34608	73	73	77	0	0	0	0	-1	0.000126040
SRR11032660.15620	23446	260	176	1440	56	56	67	0	0	0	0	-1	0.000122520
SRR11032660.15743	22906	238	161	7186	48	48	47	0	0	0	0	-1	0.000098160
SRR11032660.15897	27807	282	191	74464	72	72	43	0	0	0	0	-1	0.000122521
SRR11032660.16044	20742	215	146	99035	36	36	42	0	0	0	0	-1	0.000085280
SRR11032660.16204	24472	239	162	86443	81	81	111	0	0	0	0	-1	0.000108040
SRR11032660.16319	20041	193	131	72023	68	68	72	0	0	0	0	-1	0.000094920
SRR11032660.16423	20094	198	134	160611	49	49	29	0	0	0	0	-1	0.000084880
SRR11032660.16534	27249	267	181	48092	83	83	65	0	0	0	0	-1	0.000123000
SRR11032660.16640	25510	247	167	77065	67	67	57	0	0	0	0	-1	0.000110481
SRR11032660.16772	21506	248	168	230261	125	125	126	2	3	129	1	60	0.000160680
SRR11032660.16915	25396	271	183	1171	32	32	55	0	0	0	0	-1	0.000102241
SRR11032660.17047	26137	262	177	73514	114	114	91	1	2	123	1	60	0.000166240
SRR11032660.17196	25159	256	173	42305	42	42	46	0	0	0	0	-1	0.000102280
SRR11032660.17299	27009	237	160	113308	74	74	37	2	3	108	1	60	0.000139561
SRR11032660.17467	21888	224	152	38767	40	40	41	0	0	0	0	-1	0.000088640
SRR11032660.17694	21141	200	136	1136	0	0	0	0	0	0	0	-1	0.000074440
SRR11032660.17941	20113	196	133	52743	56	56	47	0	0	0	0	-1	0.000085920
SRR11032660.18094	25373	270	183	227262	86	86	97	0	0	0	0	-1	0.000117281
SRR11032660.18165	26754	258	175	180222	25	25	30	0	0	0	0	-1	0.000112560
SRR11032660.18296	22723	243	165	201675	53	53	63	0	0	0	0	-1	0.000100161
SRR11032660.18375	25505	271	183	347	13	13	23	0	0	0	0	-1	0.000101481
SRR11032660.18472	24543	257	174	112823	63	63	41	0	0	0	0	-1	0.000110800
SRR11032660.18607	21081	218	148	96987	39	39	24	0	0	0	0	-1	0.000086720
SRR11032660.18717	21028	216	146	158	0	0	0	0	0	0	0	-1	0.000080601
SRR11032660.18983	26658	299	202	15852	33	33	41	0	0	0	0	-1	0.000115600
SRR11032660.19081	25561	266	180	35768	64	64	42	0	0	0	0	-1	0.000113521
SRR11032660.19133	20150	210	142	3656	49	49	41	0	0	0	0	-1	0.000087440
SRR11032660.19238	27966	294	199	48169	21	21	42	0	0	0	0	-1	0.000106440
SRR11032660.19351	24113	255	173	115115	46	46	49	0	0	0	0	-1	0.000101081
SRR11032660.19479	24325	253	171	42833	75	75	47	0	0	0	0	-1	0.000114360
SRR11032660.19553	24371	243	165	2549	51	51	63	0	0	0	0	-1	0.000104320
SRR11032660.19679	23150	262	177	276	22	22	25	0	0	0	0	-1	0.000100880
SRR11032660.19855	20591	176	119	191	6	6	12	0	0	0	0	-1	0.000074320
SRR11032660.20055	21438	238	161	1301	34	34	63	0	0	0	0	-1	0.000094000
SRR11032660.20275	27632	290	196	40260	92	92	61	1	2	123	1	60	0.000173481
SRR11032660.20367	24066	235	159	4921	31	31	39	0	0	0	0	-1	0.000095960
SRR11032660.20535	21971	212	144	9476	47	47	63	0	0	0	0	-1	0.000090280
SRR11032660.20663	21007	194	131	1857	5	5	10	0	0	0	0	-1	0.000076760
SRR11032660.20789	21922	226	153	115292	69	69	85	0	0	0	0	-1	0.000099600
SRR11032660.20963	21388	218	148	1843	19	19	36	0	0	0	0	-1	0.000082920
SRR11032660.21170	22911	223	151	34754	21	21	30	0	0	0	0	-1	0.000088120
SRR11032660.21275	23070	260	176	435	0	0	0	0	0	0	0	-1	0.000091000
SRR11032660.21438	27467	269	182	71946	28	28	41	0	0	0	0	-1	0.000130600
SRR11032660.21568	20671	205	139	93689	79	79	41	1	2	103	1	60	0.000121560
SRR11032660.21726	23134	237	160	113268	88	88	93	0	0	0	0	-1	0.000114040
SRR11032660.21887	26040	254	172	67871	26	26	37	0	0	0	0	-1	0.000101800
SRR11032660.21996	22762	224	152	103119	33	33	21	0	0	0	0	-1	0.000089600
SRR11032660.22144	26239	278	188	5611	61	61	63	0	0	0	0	-1	0.000114920
SRR11032660.22236	21833	278	188	86722	18863	18863	1054	6	4	142	1	0	0.000407801
SRR11032660.22400	22120	202	137	62976	49	49	31	0	0	0	0	-1	0.000097200
SRR11032660.22584	23747	247	167	28463	71	71	45	0	0	0	0	-1	0.000108760
SRR11032660.22727	26133	258	175	137858	107	107	61	1	2	140	1	60	0.000141560
SRR11032660.22855	25654	251	170	104451	74	74	85	0	0	0	0	-1	0.000115641
SRR11032660.22961	27536	282	191	58338	43	43	35	0	0	0	0	-1	0.000110960
SRR11032660.23136	24654	257	174	78721	40	40	41	0	0	0	0	-1	0.000101041
SRR11032660.23207	20135	236	160	24011	60	60	69	0	0	0	0	-1	0.000096041
SRR11032660.23337	20511	189	128	594	56	56	29	1	2	78	1	60	0.000102960
SRR11032660.23438	25050	246	167	77731	30	30	25	0	0	0	0	-1	0.000096081
SRR11032660.23544	26811	258	175	103742	106	106	119	0	0	0	0	-1	0.000128720
SRR11032660.23621	20848	216	146	6796	33	33	44	0	0	0	0	-1	0.000086240
SRR11032660.23808	27943	289	196	79800	94	94	57	1	2	122	1	60	0.000155441
SRR11032660.23984	21350	194	131	128	0	0	0	0	0	0	0	-1	0.000076200
SRR11032660.24093	25984	273	185	2136	42	42	66	0	0	0	0	-1	0.000118681
SRR11032660.24223	27777	299	202	59438	50	50	33	0	0	0	0	-1	0.000114040
SRR11032660.24406	20173	233	158	40178	44	44	55	0	0	0	0	-1	0.000087560
SRR11032660.24508	21662	246	167	130761	63	63	77	0	0	0	0	-1	0.000105080
SRR11032660.24669	24844	241	163	98745	63	63	43	0	0	0	0	-1	0.000111560
SRR11032660.24911	23089	222	150	2400	15	15	30	0	0	0	0	-1	0.000086321
SRR11032660.25010	22534	220	149	30119	49	49	43	0	0	0	0	-1	0.000114680
SRR11032660.25209	25671	259	175	255	8	8	16	0	0	0	0	-1	0.000096481
SRR11032660.25293	21483	229	155	374	39	39	63	0	0	0	0	-1	0.000091280
SRR11032660.25501	24503	215	146	84565	27	27	27	0	0	0	0	-1	0.000089520
SRR11032660.25611	22694	210	142	37991	55	55	25	1	0	0	0	-1	0.000111681
SRR11032660.25803	25027	235	159	22613	52	52	41	0	0	0	0	-1	0.000103560
SRR11032660.25870	22616	253	171	176878	49	49	43	0	0	0	0	-1	0.000097320
SRR11032660.25982	21500	214	145	6763	17	17	17	0	0	0	0	-1	0.000081760
SRR11032660.26073	23007	202	137	100830	99	99	65	2	3	95	1	60	0.000157200
SRR11032660.26200	22694	252	171	135520	56	56	23	0	0	0	0	-1	0.000106120
SRR11032660.26347	27146	262	177	21170	65	65	51	0	0	0	0	-1	0.000115200
SRR11032660.26504	20424	196	133	214338	109	109	151	1	2	79	1	60	0.000134080
SRR11032660.26678	26691	286	194	21648	32	32	50	0	0	0	0	-1	0.000111241
SRR11032660.26796	22966	228	154	11517	52	52	49	0	0	0	0	-1	0.000098720
SRR11032660.26977	21108	199	135	30089	134	134	149	0	0	0	0	-1	0.000108361
SRR11032660.27098	26843	263	178	68279	46	46	43	0	0	0	0	-1	0.000130640
SRR11032660.27203	23762	228	154	36656	63	63	71	0	0	0	0	-1	0.000104801
SRR11032660.27252	22252	219	148	86596	54	54	59	0	0	0	0	-1	0.000094640
SRR11032660.27396	27539	296	200	13045	55	55	35	0	0	0	0	-1	0.000117840
SRR11032660.27500	26918	261	177	141420	82	82	61	1	2	106	1	60	0.000147200
SRR11032660.27579	27995	279	189	25279	65	65	35	0	0	0	0	-1	0.000119200
SRR11032660.27731	20142	217	147	1003	0	0	0	0	0	0	0	-1	0.000077040
SRR11032660.27873	23798	239	162	1047	25	25	31	0	0	0	0	-1	0.000093320
SRR11032660.28027	20426	207	140	64651	49	49	31	0	0	0	0	-1	0.000094160
SRR11032660.28138	24854	248	168	132363	71	71	37	1	2	113	1	60	0.000126640
SRR11032660.28282	26293	259	175	56526	77	77	37	1	2	112	1	60	0.000135281
SRR11032660.28417	25008	230	156	153154	47	47	37	0	0	0	0	-1	0.000100240
SRR11032660.28615	20331	201	136	32397	26	26	33	0	0	0	0	-1	0.000080280
SRR11032660.28721	22414	215	146	189066	81	81	87	1	0	0	0	-1	0.000132761
SRR11032660.28830	26797	273	185	77632	32	32	64	0	0	0	0	-1	0.000121960
SRR11032660.28936	25470	267	181	614	1	1	2	0	0	0	0	-1	0.000096640
SRR11032660.29053	22196	226	153	1101	22	22	44	0	0	0	0	-1	0.000095520
SRR11032660.29175	27907	258	175	94087	77	77	95	0	0	0	0	-1	0.000120640
SRR11032660.29312	22522	246	167	429	48	48	69	0	0	0	0	-1	0.000097200
SRR11032660.29392	25737	294	199	78924	63	63	111	0	0	0	0	-1	0.000114600
SRR11032660.29589	22130	213	144	811	42	42	19	0	0	0	0	-1	0.000091440
SRR11032660.29748	22861	221	150	12895	27	27	31	0	0	0	0	-1	0.000086960
SRR11032660.29866	25923	274	185	136026	73	73	94	0	0	0	0	-1	0.000116120
SRR11032660.30022	27055	275	186	108312	47	47	33	0	0	0	0	-1	0.000109920
SRR11032660.30149	24112	248	168	72317	77	77	67	0	0	0	0	-1	0.000115720
SRR11032660.30267	23515	231	156	133635	31	31	21	0	0	0	0	-1	0.000092720
SRR11032660.30389	20187	209	142	3099	79	79	57	1	2	99	1	60	0.000112680
SRR11032660.30450	21748	193	131	169650	50	50	33	1	0	0	0	-1	0.000117560
SRR11032660.30600	25810	291	197	80018	76	76	43	0	0	0	0	-1	0.000121960
SRR11032660.30694	26109	249	169	14483	44	44	27	0	0	0	0	-1	0.000100921
SRR11032660.30872	21678	220	149	14874	32	32	33	0	0	0	0	-1	0.000085520
SRR11032660.30990	20221	215	146	87556	45	45	51	0	0	0	0	-1	0.000085160
SRR11032660.31162	25341	277	187	536	36	36	39	0	0	0	0	-1	0.000103720
SRR11032660.31369	25626	235	159	27337	126	126	191	0	0	0	0	-1	0.000103360
SRR11032660.31497	21182	214	145	99117	38	38	33	0	0	0	0	-1	0.000085401
SRR11032660.31601	23471	229	155	116249	26	26	37	0	0	0	0	-1	0.000094240
SRR11032660.31718	24112	254	172	50433	31	31	40	0	0	0	0	-1	0.000097001
SRR11032660.31783	22010	220	149	27978	11	11	12	0	0	0	0	-1	0.000086280
SRR11032660.31896	22422	213	144	110928	60	60	43	0	0	0	0	-1	0.000096760
SRR11032660.32092	24702	267	181	87061	37	37	47	0	0	0	0	-1	0.000104920
SRR11032660.32207	21994	223	151	136976	76	76	59	1	2	101	1	60	0.000138520
SRR11032660.32323	25207	256	173	214	1	1	2	0	0	0	0	-1	0.000097120
SRR11032660.32448	21506	217	147	28806	47	47	35	0	0	0	0	-1	0.000090880
SRR11032660.32605	27973	248	168	14175	60	60	57	0	0	0	0	-1	0.000112560
SRR11032660.32731	24630	262	177	12048	0	0	0	0	0	0	0	-1	0.000095760
SRR11032660.32841	23461	248	168	8124	9	9	18	0	0	0	0	-1	0.000094641
SRR11032660.33025	27089	284	192	522	0	0	0	0	0	0	0	-1	0.000102640
SRR11032660.33096	20874	197	133	26489	59	59	47	0	0	0	0	-1	0.000110560
SRR11032660.33273	20020	194	131	18764	32	32	55	0	0	0	0	-1	0.000081160
SRR11032660.33444	23742	239	162	18831	22	22	29	0	0	0	0	-1	0.000095800
SRR11032660.33738	24198	231	156	14993	62	62	37	0	0	0	0	-1	0.000100361
SRR11032660.33867	22662	224	152	131001	81	81	45	1	2	99	1	60	0.000126961
SRR11032660.34019	22979	230	156	161030	46	46	41	0	0	0	0	-1	0.000094240
SRR11032660.34144	23268	242	164	294	0	0	0	0	0	0	0	-1	0.000088921
SRR11032660.34289	20278	186	126	73844	67	67	69	0	0	0	0	-1	0.000094560
SRR11032660.34388	24344	226	153	32586	44	44	39	0	0	0	0	-1	0.000097241
SRR11032660.34558	21133	228	154	218804	30	30	47	0	0	0	0	-1	0.000088800
SRR11032660.34719	22348	193	131	177004	49	49	43	0	0	0	0	-1	0.000089120
SRR11032660.34864	20609	194	131	34508	21	21	21	0	0	0	0	-1	0.000078480
SRR11032660.35052	22123	208	141	187312	68	68	31	1	2	91	1	60	0.000123240
SRR11032660.35175	21765	214	145	8409	0	0	0	0	0	0	0	-1	0.000078560
SRR11032660.35415	21157	202	137	2886	58	58	48	0	0	0	0	-1	0.000094480
SRR11032660.35580	20399	204	138	546	44	44	39	0	0	0	0	-1	0.000086361
SRR11032660.35717	26609	254	172	84681	105	105	100	2	3	102	1	60	0.000177801
SRR11032660.35851	20438	218	148	23694	45	45	45	0	0	0	0	-1	0.000086120
SRR11032660.36005	23806	220	149	34227	73	73	43	1	2	97	1	60	0.000127440
SRR11032660.36155	20353	191	129	16623	15	15	24	0	0	0	0	-1	0.000075880
SRR11032660.36367	23262	222	150	4691	7	7	11	0	0	0	0	-1	0.000086280
SRR11032660.36515	25063	262	177	13226	57	57	59	0	0	0	0	-1	0.000116040
SRR11032660.36605	24215	242	164	79378	81	81	49	1	2	107	1	60	0.000130161
SRR11032660.36734	20057	204	138	152906	9	9	18	0	0	0	0	-1	0.000077120
SRR11032660.36861	22165	224	152	279	16	16	32	0	0	0	0	-1	0.000086080
SRR11032660.36961	26272	242	164	89231	51	51	49	0	0	0	0	-1	0.000105680
SRR11032660.37090	24054	221	150	61598	66	66	37	1	2	100	1	60	0.000127921
SRR11032660.37263	20153	208	141	14466	18	18	25	0	0	0	0	-1	0.000078280
SRR11032660.37416	24212	228	154	91477	45	45	43	0	0	0	0	-1	0.000097960
SRR11032660.37519	23332	234	158	63038	60	60	41	1	2	94	1	60	0.000121281
SRR11032660.37598	22896	212	144	96727	48	48	59	0	0	0	0	-1	0.000090920
SRR11032660.37705	26058	256	173	82960	33	33	31	0	0	0	0	-1	0.000103480
SRR11032660.37866	26627	258	175	24225	50	50	63	0	0	0	0	-1	0.000108881
SRR11032660.38045	20379	208	141	33698	29	29	23	0	0	0	0	-1	0.000082560
SRR11032660.38175	24706	284	192	78806	21	21	18	0	0	0	0	-1	0.000102640
SRR11032660.38278	25256	252	171	63944	22	22	43	0	0	0	0	-1	0.000099800
SRR11032660.38396	21921	214	145	2179	39	39	31	0	0	0	0	-1	0.000088960
SRR11032660.38573	25082	255	173	541	0	0	0	0	0	0	0	-1	0.000093360
SRR11032660.38716	24547	264	179	5399	17	17	31	0	0	0	0	-1	0.000098080
SRR11032660.38842	21854	198	134	60560	29	29	43	0	0	0	0	-1	0.000083600
SRR11032660.39012	20272	197	133	123179	46	46	31	0	0	0	0	-1	0.000087880
SRR11032660.39124	23198	228	154	6091	25	25	15	0	0	0	0	-1	0.000093160
SRR11032660.39214	22086	229	155	143482	66	66	59	0	0	0	0	-1	0.000126001
SRR11032660.39332	24518	222	150	674	17	17	15	0	0	0	0	-1	0.000131560
SRR11032660.39464	23487	228	154	74549	41	41	23	0	0	0	0	-1	0.000095280
SRR11032660.39544	21576	185	125	39663	48	48	35	0	0	0	0	-1	0.000090600
SRR11032660.39623	20907	206	140	443	4	4	8	0	0	0	0	-1	0.000079521
SRR11032660.39743	23926	217	147	23183	0	0	0	0	0	0	0	-1	0.000084440
SRR11032660.39871	22031	233	158	39476	23	23	46	0	0	0	0	-1	0.000090801
SRR11032660.39972	21523	187	127	195	34	34	30	0	0	0	0	-1	0.000082481
SRR11032660.40106	21280	222	150	129135	10	10	18	0	0	0	0	-1	0.000084000
SRR11032660.40206	20886	199	135	45308	61	61	108	0	0	0	0	-1	0.000090880
SRR11032660.40280	25095	264	179	51127	25	25	50	0	0	0	0	-1	0.000103080
SRR11032660.40500	22650	237	160	16373	17	17	18	0	0	0	0	-1	0.000090920
SRR11032660.40631	20636	191	129	33723	53	53	39	0	0	0	0	-1	0.000091800
SRR11032660.40730	23904	230	156	332810	100	100	94	2	3	95	1	60	0.000156160
SRR11032660.40838	25952	266	180	101658	50	50	41	0	0	0	0	-1	0.000108960
SRR11032660.40945	20557	215	146	116329	30	30	25	0	0	0	0	-1	0.000083841
SRR11032660.41104	25612	237	160	204573	65	65	53	0	0	0	0	-1	0.000112440
SRR11032660.41235	23769	248	168	147678	75	75	51	0	0	0	0	-1	0.000112120
SRR11032660.41349	27617	285	193	74971	45	45	51	0	0	0	0	-1	0.000120600
SRR11032660.41515	23561	218	148	152058	34	34	23	0	0	0	0	-1	0.000090561
SRR11032660.41639	26561	274	185	33290	53	53	49	0	0	0	0	-1	0.000113320
SRR11032660.41832	20744	209	142	19343	23	23	46	0	0	0	0	-1	0.000084081
SRR11032660.41956	20441	232	157	85561	29	29	23	0	0	0	0	-1	0.000089000
SRR11032660.42060	25134	259	175	243770	135	135	169	2	3	106	1	60	0.000185600
SRR11032660.42160	20255	220	149	87852	23	23	25	0	0	0	0	-1	0.000085000
SRR11032660.42270	22341	248	168	2407	0	0	0	0	0	0	0	-1	0.000087760
SRR11032660.42505	25704	243	165	85880	88	88	67	1	2	106	1	60	0.000134960
SRR11032660.42606	22076	229	155	94084	19	19	13	0	0	0	0	-1	0.000089480
SRR11032660.42702	21905	201	136	69431	13219	13219	1137	8	5	97	1	0	0.000385961
SRR11032660.42864	20353	198	134	894	36	36	37	0	0	0	0	-1	0.000082880
SRR11032660.42980	26404	288	195	39275	45	45	57	0	0	0	0	-1	0.000111960
SRR11032660.43179	27460	257	174	8115	42	42	49	0	0	0	0	-1	0.000108440
SRR11032660.43337	20925	218	148	152673	47	47	35	0	0	0	0	-1	0.000092240
SRR11032660.43447	24185	254	172	1551	35	35	41	0	0	0	0	-1	0.000100160
SRR11032660.43588	20137	193	131	228	5	5	10	0	0	0	0	-1	0.000076080
SRR11032660.43709	20546	202	137	124490	90	90	163	0	0	0	0	-1	0.000105441
SRR11032660.43827	25249	251	170	5692	19	19	38	0	0	0	0	-1	0.000099120
SRR11032660.43957	21951	220	149	232934	45	45	27	0	0	0	0	-1	0.000093040
SRR11032660.44113	22446	229	155	80377	10	10	17	0	0	0	0	-1	0.000088560
SRR11032660.44256	25327	239	162	56633	38	38	25	0	0	0	0	-1	0.000098160
SRR11032660.44328	26099	274	185	250016	57	57	33	0	0	0	0	-1	0.000116520
SRR11032660.44451	24185	219	148	134065	53	53	59	0	0	0	0	-1	0.000095400
SRR11032660.44623	27986	281	190	102593	37	37	41	0	0	0	0	-1	0.000112400
SRR11032660.44802	27325	289	196	25037	15	15	25	0	0	0	0	-1	0.000106040
SRR11032660.44960	24218	241	163	73611	156	156	243	0	0	0	0	-1	0.000171200
SRR11032660.45056	21317	219	148	157662	34	34	29	0	0	0	0	-1	0.000085760
SRR11032660.45129	24210	258	175	31634	60	60	55	0	0	0	0	-1	0.000107401
SRR11032660.45286	27568	281	190	33551	14	14	28	0	0	0	0	-1	0.000104080
SRR11032660.45406	26969	299	202	105657	29	29	29	0	0	0	0	-1	0.000111721
SRR11032660.45663	23383	220	149	626	0	0	0	0	0	0	0	-1	0.000085120
SRR11032660.45802	27889	278	188	40370	77	77	69	0	0	0	0	-1	0.000141240
SRR11032660.45940	24409	275	186	120650	93	93	105	0	0	0	0	-1	0.000120640
SRR11032660.46159	26436	283	192	79637	59	59	33	0	0	0	0	-1	0.000115080
SRR11032660.46274	24926	252	171	37858	55	55	31	0	0	0	0	-1	0.000113361
SRR11032660.46446	26366	259	175	16838	288	288	571	0	0	0	0	-1	0.000184440
SRR11032660.46654	26321	247	167	106707	20	20	27	0	0	0	0	-1	0.000102560
SRR11032660.46925	27402	268	181	231349	42	42	55	0	0	0	0	-1	0.000110320
SRR11032660.47112	26034	244	165	56502	35	35	57	0	0	0	0	-1	0.000109641
SRR11032660.47306	23482	243	165	5756	107	107	87	1	2	108	1	60	0.000134840
SRR11032660.47489	21637	209	142	15038	53	53	29	0	0	0	0	-1	0.000091360
SRR11032660.47601	23621	298	202	6456	110	110	89	1	2	140	1	60	0.000146041
SRR11032660.47726	26829	273	185	41134	45	45	29	0	0	0	0	-1	0.000108000
SRR11032660.47921	22208	230	156	1197	48	48	57	0	0	0	0	-1	0.000102520
SRR11032660.47988	27705	280	190	70282	13	13	25	0	0	0	0	-1	0.000171441
SRR11032660.48154	27812	265	179	56107	24	24	36	0	0	0	0	-1	0.000106720
SRR11032660.48314	24367	216	146	62670	54	54	64	0	0	0	0	-1	0.000099240
SRR11032660.48516	27565	267	181	53847	109	109	77	2	3	120	1	60	0.000164961
SRR11032660.48651	27324	292	198	11280	70	70	35	0	0	0	0	-1	0.000125320
SRR11032660.48785	21449	219	148	53152	0	0	0	0	0	0	0	-1	0.000080441
SRR11032660.49662	25814	255	173	13701	54	54	106	0	0	0	0	-1	0.000115240
SRR11032660.49780	21897	223	151	100	0	0	0	0	0	0	0	-1	0.000080561
SRR11032660.49881	22578	209	142	9118	19	19	36	0	0	0	0	-1	0.000084320
SRR11032660.50038	24410	247	167	19983	0	0	0	0	0	0	0	-1	0.000092280
SRR11032660.50992	24092	262	177	234	0	0	0	0	0	0	0	-1	0.000092800
SRR11032660.51826	22394	229	155	263	10	10	20	0	0	0	0	-1	0.000105040
SRR11032660.53410	24696	254	172	89	0	0	0	0	0	0	0	-1	0.000098800
SRR11032660.55777	22345	203	138	495	8	8	16	0	0	0	0	-1	0.000084281
SRR11032660.56923	23531	247	167	904	50	50	100	0	0	0	0	-1	0.000107600
SRR11032660.59407	21568	216	146	251	5	5	10	0	0	0	0	-1	0.000081720
SRR11032660.61311	22752	232	157	42	0	0	0	0	0	0	0	-1	0.000086800
SRR11032660.61726	22566	256	173	118	0	0	0	0	0	0	0	-1	0.000089361
SRR11032660.62189	21288	227	154	258	0	0	0	0	0	0	0	-1	0.000082160
SRR11032660.63738	21400	202	137	975	5	5	10	0	0	0	0	-1	0.000077560
SRR11032660.64340	22500	214	145	316	1	1	2	0	0	0	0	-1	0.000082121
SRR11032660.65587	21775	203	138	2355	0	0	0	0	0	0	0	-1	0.000075440
SRR11032660.66780	22168	223	151	170	0	0	0	0	0	0	0	-1	0.000082720
SRR11032660.67472	26915	298	202	246	0	0	0	0	0	0	0	-1	0.000104680
SRR11032660.68278	23566	208	141	227	4	4	8	0	0	0	0	-1	0.000083840
SRR11032660.69713	20000	210	142	552	0	0	0	0	0	0	0	-1	0.000073920
SRR11032660.70636	22367	248	168	6716	0	0	0	0	0	0	0	-1	0.000088240
SRR11032660.71795	27289	279	189	410	17	17	34	0	0	0	0	-1	0.000107640
SRR11032660.73290	23947	272	184	1017	0	0	0	0	0	0	0	-1	0.000093440
SRR11032660.75163	26076	257	174	390	0	0	0	0	0	0	0	-1	0.000097440
SRR11032660.75704	26650	265	179	235	0	0	0	0	0	0	0	-1	0.000096440
SRR11032660.76571	21396	248	168	295	0	0	0	0	0	0	0	-1	0.000086200
SRR11032660.77141	24420	239	162	9099	8	8	16	0	0	0	0	-1	0.000094080
SRR11032660.77852	27867	317	214	220	0	0	0	0	0	0	0	-1	0.000109081
SRR11032660.78284	26804	288	195	1672	0	0	0	0	0	0	0	-1	0.000101640
SRR11032675.83	22281	213	144	216	0	0	0	0	0	0	0	-1	0.000080760
SRR11032675.379	25081	263	178	88169	65	65	35	1	2	111	1	60	0.000126561
SRR11032675.556	21162	230	156	233515	106	106	63	1	2	131	1	60	0.000132801
SRR11032675.768	23801	237	160	7580	5	5	6	0	0	0	0	-1	0.000089760
SRR11032675.1021	23872	209	142	130414	41	41	37	0	0	0	0	-1	0.000090961
SRR11032675.1177	26112	249	169	90017	104	104	61	1	2	137	1	60	0.000142240
SRR11032675.1483	25809	262	177	24532	81	81	39	1	2	124	1	60	0.000135080
SRR11032675.1643	23263	242	164	7624	97	97	97	1	0	0	0	-1	0.000135561
SRR11032675.1939	20016	207	140	123950	80	80	73	1	2	87	1	60	0.000120800
SRR11032675.2191	25808	276	187	130155	90	90	35	1	2	133	1	60	0.000137400
SRR11032675.2451	25934	242	164	150569	98	98	75	1	2	111	1	60	0.000161560
SRR11032675.2711	24572	218	148	89788	400	400	482	0	0	0	0	-1	0.000127920
SRR11032675.2878	25124	238	161	91466	3273	3273	860	0	0	0	0	-1	0.000187400
SRR11032675.3212	25358	244	165	21225	187	187	103	1	2	103	1	60	0.000156960
SRR11032675.3477	27826	273	185	220956	92	92	95	0	0	0	0	-1	0.000125481
SRR11032675.3736	22135	195	132	31040	50	50	25	1	0	0	0	-1	0.000106081
SRR11032675.3992	26317	250	169	49127	87	87	35	1	2	133	1	60	0.000128560
SRR11032675.4346	24876	219	148	10277	81	81	49	1	2	106	1	60	0.000128800
SRR11032675.4533	20786	212	144	67756	58	58	37	1	2	86	1	60	0.000114840
SRR11032675.4746	24098	242	164	142097	106	106	77	1	2	126	1	60	0.000138800
SRR11032675.5085	25260	238	161	53990	41	41	27	0	0	0	0	-1	0.000122201
SRR11032675.5185	24780	228	154	3259	68	68	57	0	0	0	0	-1	0.000108760
SRR11032675.5357	21595	221	150	135395	82	82	51	1	2	113	1	60	0.000121360
SRR11032675.5619	26199	244	165	202076	131	131	93	1	2	136	1	60	0.000160201
SRR11032675.5971	20689	212	144	3312	66	66	49	1	0	0	0	-1	0.000113361
SRR11032675.6405	23199	213	144	1507	60	60	43	0	0	0	0	-1	0.000097521
SRR11032675.6810	23498	239	162	6430	41	41	35	0	0	0	0	-1	0.000096961
SRR11032675.6977	26097	252	171	8313	28	28	21	0	0	0	0	-1	0.000103920
SRR11032675.7277	27159	254	172	110879	68	68	21	1	0	0	0	-1	0.000128521
SRR11032675.7614	23215	231	156	43892	97	97	45	1	2	104	1	60	0.000145360
SRR11032675.7728	27693	258	175	15031	96	96	179	0	0	0	0	-1	0.000115601
SRR11032675.8106	20531	190	129	69216	60	60	50	0	0	0	0	-1	0.000096241
SRR11032675.8363	25634	269	182	136448	126	126	95	1	2	141	1	60	0.000157521
SRR11032675.8620	25708	237	160	99239	70	70	57	1	2	97	1	60	0.000140841
SRR11032675.8848	20283	193	131	34923	69	69	33	1	2	95	1	60	0.000105760
SRR11032675.9024	22107	232	157	135624	121	121	75	1	2	139	1	60	0.000131560
SRR11032675.9259	21754	224	152	2565	70	70	43	1	2	104	1	60	0.000124080
SRR11032675.9521	24283	248	168	138225	117	117	95	1	2	126	1	60	0.000144080
SRR11032675.9817	21922	223	151	896	81	81	47	1	2	101	1	60	0.000123360
SRR11032675.9926	25740	237	160	133846	137	137	151	1	2	116	1	60	0.000157640
SRR11032675.10115	25001	249	169	292826	193	193	243	1	2	135	1	60	0.000166840
SRR11032675.10371	23570	219	148	24408	43	43	39	0	0	0	0	-1	0.000114001
SRR11032675.10601	23596	250	169	186845	120	120	83	1	2	139	1	60	0.000148441
SRR11032675.10823	25324	260	176	115037	64	64	27	2	3	120	1	60	0.000140961
SRR11032675.11238	20170	188	127	85891	45	45	19	1	0	0	0	-1	0.000103960
SRR11032675.11533	27482	249	169	58122	81	81	43	1	2	112	1	60	0.000134481
SRR11032675.11761	23735	260	176	100924	90	90	55	1	2	118	1	60	0.000129641
SRR11032675.12052	24639	253	171	300720	287	287	461	1	2	119	1	60	0.000202761
SRR11032675.12331	22897	264	179	80203	85	85	41	1	2	125	1	60	0.000124440
SRR11032675.12553	20067	205	139	122114	61	61	51	1	2	83	1	60	0.000113200
SRR11032675.12724	21389	223	151	3380	38	38	49	0	0	0	0	-1	0.000088600
SRR11032675.12942	20598	218	148	661	81	81	39	1	2	108	1	60	0.000121801
SRR11032675.13287	23147	244	165	32347	102	102	47	1	2	143	1	60	0.000127040
SRR11032675.13508	26586	290	196	34883	126	126	65	1	2	162	1	60	0.000156480
SRR11032675.13851	27099	262	177	28099	47	47	27	0	0	0	0	-1	0.000109200
SRR11032675.14046	24696	240	163	132637	112	112	73	1	2	129	1	60	0.000144560
SRR11032675.14350	24589	239	162	21204	68	68	39	1	2	104	1	60	0.000124441
SRR11032675.14661	20659	197	133	50997	84	84	73	1	2	95	1	60	0.000125000
SRR11032675.14833	25969	276	187	175004	106	106	45	1	2	146	1	60	0.000143440
SRR11032675.15046	22866	239	162	21234	9	9	14	0	0	0	0	-1	0.000091600
SRR11032675.15320	27316	304	206	20676	88	88	45	2	3	131	1	60	0.000164600
SRR11032675.15432	23452	211	143	17475	39	39	11	0	0	0	0	-1	0.000090640
SRR11032675.15565	27335	303	205	234998	62	62	51	0	0	0	0	-1	0.000120320
SRR11032675.15711	25757	266	180	19061	67	67	49	0	0	0	0	-1	0.000121921
SRR11032675.15902	23388	240	163	88143	75	75	23	1	2	125	1	60	0.000123240
SRR11032675.16146	20318	216	146	29539	71	71	69	0	0	0	0	-1	0.000095280
SRR11032675.16386	24406	219	148	40260	50	50	31	0	0	0	0	-1	0.000098240
SRR11032675.16737	21550	200	136	60847	32	32	64	0	0	0	0	-1	0.000084240
SRR11032675.16961	27013	245	166	235704	129	129	121	1	2	119	1	60	0.000159561
SRR11032675.17180	23430	256	173	51484	106	106	55	1	2	138	1	60	0.000133560
SRR11032675.17360	20899	200	136	39568	114	114	76	2	3	110	1	60	0.000143960
SRR11032675.17610	25955	259	175	16962	16	16	19	0	0	0	0	-1	0.000102840
SRR11032675.17837	22349	215	146	1528	56	56	31	0	0	0	0	-1	0.000097000
SRR11032675.18067	23160	221	150	458	71	71	51	2	3	89	1	60	0.000141320
SRR11032675.18305	27265	282	191	108002	130	130	81	1	2	166	1	60	0.000159640
SRR11032675.18505	20999	222	150	36854	94	94	51	1	2	115	1	60	0.000125440
SRR11032675.18754	27206	270	183	161981	114	114	87	1	2	127	1	60	0.000156200
SRR11032675.19018	20811	210	142	137460	54	54	25	1	2	88	1	60	0.000110360
SRR11032675.19194	25147	264	179	76922	69	69	81	0	0	0	0	-1	0.000113120
SRR11032675.19496	24119	226	153	121328	74	74	53	1	0	0	0	-1	0.000127441
SRR11032675.19830	25867	277	187	33522	30	30	56	0	0	0	0	-1	0.000109880
SRR11032675.20092	23008	209	142	50198	69	69	31	1	2	104	1	60	0.000116800
SRR11032675.20309	27725	283	192	9918	108	108	61	2	3	130	1	60	0.000166081
SRR11032675.20580	27366	265	179	121666	44	44	45	0	0	0	0	-1	0.000109920
SRR11032675.20783	21363	210	142	425	10	10	19	0	0	0	0	-1	0.000081520
SRR11032675.21095	20954	177	120	43837	89	89	66	2	4	103	1	60	0.000124961
SRR11032675.21381	27196	293	198	220488	453	453	269	0	0	0	0	-1	0.000183720
SRR11032675.21594	27735	277	187	267875	108	108	53	1	2	157	1	60	0.000151800
SRR11032675.21900	24589	248	168	12433	98	98	38	2	3	134	1	60	0.000142001
SRR11032675.22131	23018	236	160	30861	86	86	35	1	2	128	1	60	0.000126720
SRR11032675.22312	23340	234	158	130551	79	79	41	1	2	106	1	60	0.000125721
SRR11032675.22487	24798	246	167	246936	54	54	49	0	0	0	0	-1	0.000103561
SRR11032675.22841	27780	283	192	54545	76	76	33	1	2	130	1	60	0.000144361
SRR11032675.23051	26755	280	190	237877	113	113	71	1	2	142	1	60	0.000150960
SRR11032675.23326	24643	239	162	125620	102	102	101	1	2	103	1	60	0.000144320
SRR11032675.23523	22603	259	175	61188	71	71	57	0	0	0	0	-1	0.000109481
SRR11032675.23824	27762	284	192	164514	223	223	158	1	2	148	1	60	0.000177561
SRR11032675.23991	23345	231	156	103158	83	83	32	2	3	127	1	60	0.000138560
SRR11032675.24292	21633	201	136	62180	44	44	25	0	0	0	0	-1	0.000087480
SRR11032675.24574	24251	250	169	79206	46	46	41	0	0	0	0	-1	0.000103360
SRR11032675.24737	24721	231	156	115703	85	85	57	1	2	100	1	60	0.000150400
SRR11032675.25100	24128	234	158	52184	80	80	51	1	2	103	1	60	0.000126280
SRR11032675.25301	23547	231	156	161506	10739	10739	985	17	4	117	1	0	0.000665121
SRR11032675.25662	27773	284	192	146784	100	100	53	1	2	145	1	60	0.000148320
SRR11032675.25866	21174	221	150	3964	45	45	37	0	0	0	0	-1	0.000092120
SRR11032675.26042	24433	250	169	155533	70	70	27	1	2	116	1	60	0.000128920
SRR11032675.26310	22625	203	138	44757	79	79	61	1	2	87	1	60	0.000124320
SRR11032675.26667	22211	260	176	59545	95	95	33	1	2	136	1	60	0.000129121
SRR11032675.26967	24858	242	164	37381	62	62	65	0	0	0	0	-1	0.000108321
SRR11032675.27192	24460	239	162	23199	96	96	48	2	3	129	1	60	0.000140520
SRR11032675.27500	22047	210	142	459	76	76	33	1	2	109	1	60	0.000113761
SRR11032675.27794	23044	229	155	57091	39	39	36	0	0	0	0	-1	0.000094640
SRR11032675.27960	27149	307	208	65101	67	67	53	0	0	0	0	-1	0.000141001
SRR11032675.28329	27679	275	186	165506	122	122	79	1	2	144	1	60	0.000155240
SRR11032675.28585	22928	238	161	101600	131	131	107	1	2	133	1	60	0.000140160
SRR11032675.28754	22911	220	149	80227	77	77	43	1	2	103	1	60	0.000127960
SRR11032675.29184	26179	268	181	41870	173	173	197	1	2	136	1	60	0.000164600
SRR11032675.29520	21617	238	161	75758	110	110	81	1	2	128	1	60	0.000129440
SRR11032675.29763	20494	210	142	89008	119	119	119	1	2	111	1	60	0.000133760
SRR11032675.30070	27467	285	193	104219	59	59	31	0	0	0	0	-1	0.000121160
SRR11032675.30270	23569	241	163	120842	137	137	127	1	2	132	1	60	0.000145000
SRR11032675.30623	22872	221	150	93496	108	108	55	1	2	123	1	60	0.000134720
SRR11032675.30845	23141	205	139	149850	110	110	86	1	2	106	1	60	0.000129200
SRR11032675.31242	24879	271	183	303	44	44	29	0	0	0	0	-1	0.000107720
SRR11032675.31445	24831	246	167	31368	0	0	0	0	0	0	0	-1	0.000091200
SRR11032675.31665	26587	279	189	24047	95	95	41	1	2	140	1	60	0.000142960
SRR11032675.31897	21371	242	164	47646	87	87	33	1	2	134	1	60	0.000138440
SRR11032675.32132	23144	230	156	105385	40	40	31	0	0	0	0	-1	0.000097321
SRR11032675.32322	21447	219	148	28399	82	82	51	2	3	103	1	60	0.000141680
SRR11032675.32514	25770	263	178	111615	112	112	45	1	2	151	1	60	0.000151521
SRR11032675.32765	25548	254	172	75650	102	102	63	1	2	126	1	60	0.000139160
SRR11032675.33245	24902	243	165	187250	134	134	101	1	2	141	1	60	0.000141480
SRR11032675.33523	22405	235	159	101237	35	35	46	0	0	0	0	-1	0.000092520
SRR11032675.33763	21155	211	143	715	61	61	51	0	0	0	0	-1	0.000095561
SRR11032675.33904	21505	222	150	89759	40	40	23	0	0	0	0	-1	0.000090720
SRR11032675.34121	23561	235	159	49621	40	40	23	0	0	0	0	-1	0.000095201
SRR11032675.34335	20186	206	140	169378	72	72	49	1	2	91	1	60	0.000119481
SRR11032675.34597	20273	185	125	4695	53	53	37	1	2	80	1	60	0.000101520
SRR11032675.34855	27275	266	180	195919	64	64	45	0	0	0	0	-1	0.000116521
SRR11032675.35124	20820	197	133	86355	71	71	51	2	3	90	1	60	0.000124161
SRR11032675.35278	27660	265	179	100337	44	44	47	0	0	0	0	-1	0.000108561
SRR11032675.35519	23690	289	196	86696	15911	15911	1092	5	3	182	1	60	0.000414001
SRR11032675.35657	23923	246	167	117357	96	96	33	1	2	134	1	60	0.000129401
SRR11032675.35852	26728	260	176	265756	111	111	87	1	2	122	1	60	0.000149640
SRR11032675.36151	22301	206	140	85713	59	59	29	1	2	84	1	60	0.000115640
SRR11032675.36551	22108	220	149	172515	75	75	31	1	2	107	1	60	0.000146080
SRR11032675.36819	21696	240	163	150	29	29	19	0	0	0	0	-1	0.000092400
SRR11032675.37085	24266	261	177	67450	94	94	22	2	3	147	1	60	0.000142960
SRR11032675.37314	25668	261	177	62926	75	75	39	1	2	109	1	60	0.000144720
SRR11032675.37684	22047	225	152	66323	93	93	57	1	2	110	1	60	0.000124720
SRR11032675.37981	25438	244	165	116489	81	81	41	1	2	103	1	60	0.000127800
SRR11032675.38226	20155	186	126	21161	6	6	12	0	0	0	0	-1	0.000073080
SRR11032675.38521	20123	223	151	63502	64	64	42	0	0	0	0	-1	0.000093680
SRR11032675.38855	20225	180	122	5227	63	63	35	2	3	85	1	60	0.000116120
SRR11032675.39140	22359	243	165	178177	57	57	27	1	2	104	1	60	0.000122920
SRR11032675.39345	21501	193	131	70050	41	41	13	1	2	80	1	60	0.000102040
SRR11032675.39497	22231	223	151	108196	69	69	27	1	2	109	1	60	0.000127400
SRR11032675.39804	20498	209	142	90705	23	23	36	0	0	0	0	-1	0.000083680
SRR11032675.40018	22388	214	145	217972	95	95	41	1	2	125	1	60	0.000124720
SRR11032675.40136	23995	229	155	12305	55	55	41	0	0	0	0	-1	0.000099880
SRR11032675.40423	26512	304	206	54111	59	59	73	0	0	0	0	-1	0.000118400
SRR11032675.40570	26218	257	174	23868	9	9	12	0	0	0	0	-1	0.000100080
SRR11032675.40819	26950	248	168	75161	92	92	33	1	2	131	1	60	0.000136600
SRR11032675.41205	25374	242	164	27860	52	52	61	0	0	0	0	-1	0.000104000
SRR11032675.41532	20393	194	131	34000	75	75	17	1	2	103	1	60	0.000127280
SRR11032675.41841	25512	263	178	59322	58	58	31	0	0	0	0	-1	0.000111880
SRR11032675.42130	24339	247	167	29961	85	85	75	0	0	0	0	-1	0.000117120
SRR11032675.42427	22642	245	166	13977	54	54	23	1	2	107	1	60	0.000119001
SRR11032675.42680	20263	208	141	79156	97	97	83	1	2	96	1	60	0.000123760
SRR11032675.42829	26008	246	167	71088	73	73	31	1	2	121	1	60	0.000146640
SRR11032675.43202	25755	268	181	66209	89	89	57	1	2	129	1	60	0.000141320
SRR11032675.43421	24214	244	165	55060	77	77	41	1	2	115	1	60	0.000128200
SRR11032675.43628	22942	258	175	172	0	0	0	0	0	0	0	-1	0.000089920
SRR11032675.43855	27201	263	178	90964	127	127	89	1	2	146	1	60	0.000152160
SRR11032675.44133	23531	336	227	79453	20177	20177	730	13	5	210	1	0	0.000551121
SRR11032675.44347	20224	205	139	2980	44	44	51	0	0	0	0	-1	0.000088720
SRR11032675.44528	20027	195	132	251578	102	102	97	1	2	97	1	60	0.000120480
SRR11032675.44655	21960	205	139	23143	65	65	61	0	0	0	0	-1	0.000096760
SRR11032675.44803	24330	238	161	4397	0	0	0	0	0	0	0	-1	0.000110840
SRR11032675.44975	25563	243	165	54027	58	58	33	0	0	0	0	-1	0.000109800
SRR11032675.45421	20802	199	135	705	75	75	41	1	2	99	1	60	0.000109760
SRR11032675.45865	20437	202	137	66344	16	16	19	0	0	0	0	-1	0.000082961
SRR11032675.46190	26031	252	171	149478	64	64	73	0	0	0	0	-1	0.000111361
SRR11032675.46524	20457	187	127	55495	276	276	191	1	2	100	1	60	0.000141360
SRR11032675.46895	26704	259	175	66494	96	96	27	2	3	127	1	60	0.000150600
SRR11032675.47130	25381	236	160	119145	96	96	81	1	2	109	1	60	0.000137200
SRR11032675.47425	21923	185	125	70960	65	65	47	1	2	76	1	60	0.000111440
SRR11032675.47680	22761	245	166	482	30	30	60	0	0	0	0	-1	0.000096800
SRR11032675.47919	22831	206	140	105662	91	91	43	1	2	103	1	60	0.000125040
SRR11032675.48164	27776	252	171	89221	92	92	57	1	2	117	1	60	0.000137721
SRR11032675.48518	22754	239	162	98846	76	76	45	1	2	104	1	60	0.000140000
SRR11032675.48893	20661	218	148	2243	73	73	49	1	2	92	1	60	0.000116720
SRR11032675.49189	21263	210	142	10341	103	103	85	1	2	104	1	60	0.000121360
SRR11032675.49421	26559	243	165	9406	63	63	65	0	0	0	0	-1	0.000109920
SRR11032675.49761	25355	271	183	200036	102	102	41	1	2	133	1	60	0.000143161
SRR11032675.50057	24943	259	175	9398	62	62	35	0	0	0	0	-1	0.000114161
SRR11032675.50366	26594	265	179	274	0	0	0	0	0	0	0	-1	0.000100280
SRR11032675.50592	23873	234	158	67	0	0	0	0	0	0	0	-1	0.000087361
SRR11032675.50927	21108	199	135	79350	78	78	45	2	3	101	1	60	0.000134281
SRR11032675.51267	27188	225	152	1351	79	79	21	1	2	123	1	60	0.000123880
SRR11032675.51530	22102	220	149	13008	79	79	23	2	3	133	1	60	0.000140680
SRR11032675.51767	20288	222	150	1460	0	0	0	0	0	0	0	-1	0.000080040
SRR11032675.52232	22143	215	146	301692	98	98	103	2	3	95	1	60	0.000156640
SRR11032675.52504	26810	264	179	26157	30	30	59	0	0	0	0	-1	0.000114120
SRR11032675.52771	26566	253	171	281488	123	123	101	1	2	136	1	60	0.000151681
SRR11032675.53232	25827	251	170	42682	47	47	72	0	0	0	0	-1	0.000105601
SRR11032675.53354	26068	281	190	22951	4	4	8	0	0	0	0	-1	0.000100560
SRR11032675.53618	20427	208	141	141852	73	73	42	2	3	97	1	60	0.000143760
SRR11032675.54003	21271	217	147	141993	58	58	58	0	0	0	0	-1	0.000093800
SRR11032675.54277	27209	282	191	24418	29	29	25	0	0	0	0	-1	0.000110040
SRR11032675.54549	23343	246	167	116134	64	64	33	1	2	113	1	60	0.000123200
SRR11032675.54839	20500	186	126	195357	151	151	74	1	2	84	1	60	0.000126760
SRR11032675.55020	21659	215	146	324665	121	121	127	1	2	108	1	60	0.000143520
SRR11032675.55169	22448	220	149	14700	50	50	17	2	3	94	1	60	0.000141081
SRR11032675.55456	23884	224	152	297030	102	102	100	2	2	99	1	60	0.000161841
SRR11032675.55601	27769	282	191	70869	69	69	65	0	0	0	0	-1	0.000121721
SRR11032675.56058	27730	269	182	245559	72	72	33	2	3	111	1	60	0.000169561
SRR11032675.56338	26911	267	181	56348	100	100	35	1	2	146	1	60	0.000140841
SRR11032675.56586	20721	215	146	93409	59	59	113	0	0	0	0	-1	0.000091280
SRR11032675.56805	22296	243	165	98756	91	91	47	1	2	126	1	60	0.000122320
SRR11032675.56931	22608	250	169	57451	87	87	108	0	0	0	0	-1	0.000110600
SRR11032675.57112	24677	227	154	221887	189	189	237	1	2	121	1	60	0.000170360
SRR11032675.57340	24249	251	170	29361	94	94	31	1	2	137	1	60	0.000130640
SRR11032675.57447	27439	263	178	82760	121	121	57	1	2	151	1	60	0.000142240
SRR11032675.57716	24108	226	153	32164	73	73	43	1	2	98	1	60	0.000121000
SRR11032675.57913	26412	269	182	73044	383	383	340	2	3	110	1	0	0.000245000
SRR11032675.58321	25707	277	187	163156	93	93	38	2	4	140	1	60	0.000158481
SRR11032675.58614	20934	236	160	201080	106	106	81	2	2	125	1	60	0.000143001
SRR11032675.58830	21269	220	149	239794	89	89	75	1	0	0	0	-1	0.000162680
SRR11032675.59103	24240	233	158	133878	101	101	71	1	2	119	1	60	0.000134720
SRR11032675.59315	20431	212	144	19493	76	76	37	1	2	105	1	60	0.000115280
SRR11032675.59473	22814	209	142	25354	49	49	35	0	0	0	0	-1	0.000105000
SRR11032675.59637	21633	203	138	12238	56	56	25	2	3	91	1	60	0.000129480
SRR11032675.59842	21081	201	136	59141	170	170	266	0	0	0	0	-1	0.000114561
SRR11032675.60149	20063	213	144	209344	133	133	131	1	2	119	1	60	0.000136441
SRR11032675.60446	21305	218	148	35943	83	83	15	1	2	120	1	60	0.000116360
SRR11032675.60823	22977	216	146	104438	151	151	125	2	3	117	1	60	0.000172281
SRR11032675.61086	23930	226	153	116595	48	48	43	0	0	0	0	-1	0.000100801
SRR11032675.61246	23763	219	148	163561	100	100	52	2	3	113	1	60	0.000151041
SRR11032675.61474	26315	303	205	249165	94	94	39	1	2	152	1	60	0.000146201
SRR11032675.61788	21890	221	150	39161	38	38	38	0	0	0	0	-1	0.000099641
SRR11032675.62082	27678	267	181	104594	104	104	39	2	3	149	1	60	0.000158641
SRR11032675.62497	21560	220	149	118011	68	68	27	1	2	101	1	60	0.000122120
SRR11032675.62905	20775	181	123	6737	35	35	33	0	0	0	0	-1	0.000081360
SRR11032675.63076	20936	183	124	29454	1157	1157	611	3	4	82	1	0	0.000254160
SRR11032675.63218	25104	257	174	92131	79	79	25	1	2	125	1	60	0.000128560
SRR11032675.63485	20607	195	132	33504	73	73	45	1	2	87	1	60	0.000111680
SRR11032675.63924	27007	288	195	111877	136	136	99	1	2	163	1	60	0.000163840
SRR11032675.64125	24685	255	173	527	0	0	0	0	0	0	0	-1	0.000095120
SRR11032675.64287	27098	289	196	34496	35	35	32	0	0	0	0	-1	0.000112800
SRR11032675.64428	26509	302	204	231733	46027	46027	2857	4	3	144	1	0	0.000802802
SRR11032675.64562	23620	248	168	98144	19	19	38	0	0	0	0	-1	0.000097840
SRR11032675.65664	22654	213	144	72561	949	949	1742	0	0	0	0	-1	0.000439241
SRR11032675.65794	21156	244	165	112135	34025	34025	964	37	6	131	1	0	0.000958922
SRR11032675.66100	20767	199	135	17255	138	138	240	0	0	0	0	-1	0.000106480
SRR11032675.66681	26416	260	176	199	0	0	0	0	0	0	0	-1	0.000097521
SRR11032675.67329	25592	230	156	390	46	46	92	0	0	0	0	-1	0.000104440
SRR11032675.67828	25836	260	176	280	0	0	0	0	0	0	0	-1	0.000094960
SRR11032675.68690	22629	213	144	316	6	6	12	0	0	0	0	-1	0.000087840
SRR11032675.69141	24012	227	154	357	15	15	30	0	0	0	0	-1	0.000092321
SRR11032675.69616	22101	214	145	309	21	21	42	0	0	0	0	-1	0.000083800
SRR11032675.70676	26713	254	172	125	0	0	0	0	0	0	0	-1	0.000095320
SRR11032675.71597	20935	204	138	154	0	0	0	0	0	0	0	-1	0.000075400
SRR11032675.72488	26860	284	192	401	0	0	0	0	0	0	0	-1	0.000103641
SRR11032675.73274	20424	206	140	4588	0	0	0	0	0	0	0	-1	0.000074841
SRR11032675.74359	24565	271	183	212	0	0	0	0	0	0	0	-1	0.000095080
SRR11032675.74927	22392	235	159	245	0	0	0	0	0	0	0	-1	0.000087760
SRR11032683.120	20941	190	129	123504	77	77	61	2	2	80	1	60	0.000127800
SRR11032683.271	25865	277	187	70857	129	129	91	2	3	150	1	60	0.000188640
SRR11032683.473	25423	242	164	274413	137	137	163	1	2	110	1	60	0.000146320
SRR11032683.718	21313	191	129	117592	102	102	61	1	2	116	1	60	0.000124001
SRR11032683.918	24150	264	179	251785	117	117	78	2	4	140	1	60	0.000160600
SRR11032683.1081	25609	235	159	86758	70	70	39	1	2	105	1	60	0.000133240
SRR11032683.1260	26094	258	175	181401	151	151	139	1	2	154	1	60	0.000157480
SRR11032683.1356	24292	240	163	77065	108	108	79	1	2	125	1	60	0.000129440
SRR11032683.1519	24239	260	176	9652	123	123	79	2	3	148	1	60	0.000158041
SRR11032683.1664	23179	232	157	38692	87	87	53	1	2	108	1	60	0.000121441
SRR11032683.1762	22467	224	152	14366	65	65	29	1	2	107	1	60	0.000121601
SRR11032683.1940	23886	240	163	15292	123	123	72	1	2	125	1	60	0.000133560
SRR11032683.2067	24947	247	167	95997	232	232	344	0	0	0	0	-1	0.000126280
SRR11032683.2152	25822	235	159	99755	120	120	193	0	0	0	0	-1	0.000109120
SRR11032683.2291	27683	209	142	92299	21275	21275	3376	0	0	0	0	-1	0.000412881
SRR11032683.2431	24780	242	164	60666	237	237	94	2	3	118	1	0	0.000220401
SRR11032683.2650	20079	202	137	2580	51	51	21	1	2	90	1	60	0.000103280
SRR11032683.2826	20936	224	152	2806	85	85	19	2	4	128	1	60	0.000141881
SRR11032683.3017	21501	190	129	87297	40	40	51	0	0	0	0	-1	0.000088121
SRR11032683.3094	20296	214	145	93422	66	66	21	1	0	0	0	-1	0.000115401
SRR11032683.3211	21760	228	154	365	17	17	34	0	0	0	0	-1	0.000089720
SRR11032683.3366	26205	271	183	185294	149	149	145	2	3	139	1	60	0.000172481
SRR11032683.3549	24037	242	164	8446	62	62	27	1	2	103	1	60	0.000119840
SRR11032683.3662	25074	246	167	78590	128	128	67	1	2	151	1	60	0.000138000
SRR11032683.3852	22892	246	167	264379	98	98	105	1	0	0	0	-1	0.000130960
SRR11032683.4096	20926	221	150	45694	110	110	83	1	2	125	1	60	0.000127800
SRR11032683.4235	25195	263	178	54944	48	48	43	0	0	0	0	-1	0.000105640
SRR11032683.4335	26017	266	180	31318	90	90	41	2	3	132	1	60	0.000147440
SRR11032683.4515	25109	227	154	1384	20	20	31	0	0	0	0	-1	0.000093720
SRR11032683.4685	23984	265	179	13071	30	30	35	0	0	0	0	-1	0.000101400
SRR11032683.4919	21427	199	135	4871	54	54	29	2	3	89	1	60	0.000131440
SRR11032683.5061	24525	244	165	126525	90	90	85	1	2	105	1	60	0.000136201
SRR11032683.5193	21363	221	150	99059	87	87	37	2	3	123	1	60	0.000214441
SRR11032683.5335	27941	286	194	162408	182	182	201	1	2	161	1	60	0.000175960
SRR11032683.5556	23059	238	161	66911	104	104	43	1	2	135	1	60	0.000144600
SRR11032683.5754	25555	233	158	107737	104	104	65	1	2	125	1	60	0.000135720
SRR11032683.5977	25052	254	172	108655	55	55	45	0	0	0	0	-1	0.000107240
SRR11032683.6153	23012	201	136	115709	120	120	120	2	3	96	1	60	0.000191281
SRR11032683.6329	22037	227	154	68450	114	114	47	2	3	141	1	60	0.000134361
SRR11032683.6442	27277	260	176	60181	88	88	50	2	3	122	1	60	0.000147681
SRR11032683.6715	22761	197	133	411	0	0	0	0	0	0	0	-1	0.000078560
SRR11032683.6924	23725	254	172	103535	121	121	71	1	2	150	1	60	0.000142320
SRR11032683.7077	23387	240	163	19305	100	100	57	1	2	124	1	60	0.000125761
SRR11032683.7180	26946	255	173	94441	98	98	97	0	0	0	0	-1	0.000124600
SRR11032683.7316	21524	214	145	39680	91	91	75	1	2	103	1	60	0.000126440
SRR11032683.7483	23936	257	174	120356	110	110	73	1	2	131	1	60	0.000135880
SRR11032683.7662	22841	236	160	4381	117	117	53	1	2	152	1	60	0.000124480
SRR11032683.7832	21423	229	155	84390	72	72	27	2	3	109	1	60	0.000122640
SRR11032683.7985	25319	248	168	58058	63	63	31	0	0	0	0	-1	0.000116240
SRR11032683.8199	21500	205	139	76017	77	77	49	1	2	102	1	60	0.000114960
SRR11032683.8352	27587	290	196	171263	87	87	48	2	3	132	1	60	0.000174040
SRR11032683.8474	25636	242	164	505	78	78	38	2	3	118	1	60	0.000134521
SRR11032683.8701	22389	216	146	69102	78	78	41	2	3	106	1	60	0.000142441
SRR11032683.8942	26768	271	183	138444	36	36	59	0	0	0	0	-1	0.000107200
SRR11032683.9041	21730	224	152	104645	69	69	35	1	2	106	1	60	0.000121360
SRR11032683.9177	20130	187	127	560	59	59	19	1	2	94	1	60	0.000099280
SRR11032683.9510	27142	264	179	122598	117	117	81	1	2	144	1	60	0.000153081
SRR11032683.9699	21265	228	154	1167	14	14	28	0	0	0	0	-1	0.000087520
SRR11032683.9951	26209	267	181	276089	131	131	115	1	2	137	1	60	0.000154641
SRR11032683.10201	23045	214	145	23111	69	69	37	1	2	94	1	60	0.000122200
SRR11032683.10375	24767	254	172	7548	38	38	41	0	0	0	0	-1	0.000102440
SRR11032683.10650	24305	245	166	48832	95	95	53	1	2	119	1	60	0.000156360
SRR11032683.10796	21234	207	140	8792	103	103	73	1	2	111	1	60	0.000124320
SRR11032683.10922	20076	201	136	24570	71	71	37	1	2	92	1	60	0.000108600
SRR11032683.11075	22945	208	141	2502	97	97	53	1	2	116	1	60	0.000121240
SRR11032683.11219	20503	195	132	84709	73	73	53	1	2	89	1	60	0.000112200
SRR11032683.11469	20154	201	136	301004	130	130	143	2	3	110	1	60	0.000162361
SRR11032683.11618	26919	270	183	120376	63	63	33	1	0	0	0	-1	0.000140480
SRR11032683.11753	27043	285	193	11588	99	99	39	1	2	142	1	60	0.000142320
SRR11032683.11971	21326	221	150	7869	84	84	45	1	2	122	1	60	0.000124680
SRR11032683.12090	23143	250	169	80155	126	126	97	2	3	130	1	60	0.000158800
SRR11032683.12280	22750	216	146	118137	139	139	212	0	0	0	0	-1	0.000099080
SRR11032683.12445	22771	262	177	3744	13	13	17	0	0	0	0	-1	0.000094520
SRR11032683.12646	25638	251	170	3534	111	111	63	1	2	136	1	60	0.000144761
SRR11032683.12755	25703	264	179	37996	76	76	53	0	0	0	0	-1	0.000114680
SRR11032683.12903	21529	210	142	722	19	19	31	0	0	0	0	-1	0.000085000
SRR11032683.13043	22915	203	138	102042	82	82	75	1	2	82	1	60	0.000125760
SRR11032683.13199	23162	219	148	7205	6	6	12	0	0	0	0	-1	0.000083160
SRR11032683.13288	26022	267	181	48758	122	122	73	1	2	150	1	60	0.000154640
SRR11032683.13516	25488	232	157	83150	88	88	67	1	2	109	1	60	0.000130360
SRR11032683.13695	24313	259	175	94476	132	132	135	1	2	112	1	60	0.000147280
SRR11032683.13795	23100	241	163	83491	150	150	125	1	2	148	1	60	0.000143321
SRR11032683.14102	24635	247	167	22642	77	77	53	1	2	105	1	60	0.000129201
SRR11032683.14268	27327	273	185	547	25	25	39	0	0	0	0	-1	0.000107480
SRR11032683.14476	26888	276	187	159740	136	136	101	1	2	146	1	60	0.000151120
SRR11032683.14591	23094	228	154	85960	70	70	47	1	2	102	1	60	0.000129360
SRR11032683.14712	25576	245	166	53535	57	57	35	0	0	0	0	-1	0.000105960
SRR11032683.14842	23512	249	169	21318	85	85	36	2	3	126	1	60	0.000138880
SRR11032683.15033	23168	228	154	289	0	0	0	0	0	0	0	-1	0.000087320
SRR11032683.15118	27638	259	175	131915	98	98	112	0	0	0	0	-1	0.000127440
SRR11032683.15265	20425	170	115	13138	60	60	37	1	0	0	0	-1	0.000097440
SRR11032683.15543	26195	265	179	3771	93	93	53	1	2	127	1	60	0.000135360
SRR11032683.15716	22262	221	150	139385	98	98	75	1	2	112	1	60	0.000135360
SRR11032683.15895	23022	221	150	254	0	0	0	0	0	0	0	-1	0.000084200
SRR11032683.16000	23584	237	160	33045	64	64	27	1	2	107	1	60	0.000120400
SRR11032683.16196	22495	256	173	5760	99	99	63	1	2	119	1	60	0.000126841
SRR11032683.16344	20848	193	131	149247	58	58	27	2	3	83	1	60	0.000117521
SRR11032683.16511	24197	251	170	101617	68	68	49	0	0	0	0	-1	0.000114800
SRR11032683.16606	22153	209	142	38320	79	79	37	1	2	114	1	60	0.000116321
SRR11032683.16760	26057	262	177	115674	103	103	45	1	2	132	1	60	0.000152280
SRR11032683.17006	21716	223	151	138027	98	98	114	2	3	95	1	60	0.000166040
SRR11032683.17144	24703	234	158	217748	97	97	45	1	2	125	1	60	0.000125760
SRR11032683.17398	20662	216	146	80324	83	83	65	1	2	102	1	60	0.000125040
SRR11032683.17708	22438	237	160	90094	81	81	41	1	2	117	1	60	0.000122040
SRR11032683.17872	26309	256	173	38208	57	57	63	0	0	0	0	-1	0.000109161
SRR11032683.18026	22958	236	160	109060	61	61	27	1	2	103	1	60	0.000119961
SRR11032683.18269	21509	220	149	129022	83	83	31	2	3	122	1	60	0.000144281
SRR11032683.18448	25259	285	193	214	3	3	6	0	0	0	0	-1	0.000101161
SRR11032683.18652	21863	210	142	91960	77	77	49	1	2	97	1	60	0.000119720
SRR11032683.18897	25783	229	155	138739	110	110	73	1	2	128	1	60	0.000135721
SRR11032683.19055	27728	279	189	101604	147	147	113	1	2	159	1	60	0.000156120
SRR11032683.19156	22384	231	156	2517	33	33	66	0	0	0	0	-1	0.000096680
SRR11032683.19283	20717	195	132	124072	94	94	85	1	2	96	1	60	0.000121360
SRR11032683.19513	27387	275	186	14102	68	68	65	0	0	0	0	-1	0.000118320
SRR11032683.19801	25714	266	180	186561	123	123	99	1	2	141	1	60	0.000146641
SRR11032683.19901	27745	280	190	89590	115	115	57	1	2	159	1	60	0.000146480
SRR11032683.20051	24868	228	154	17186	39	39	40	0	0	0	0	-1	0.000096800
SRR11032683.20152	20321	230	156	23465	87	87	67	1	2	106	1	60	0.000120880
SRR11032683.20351	22743	249	169	89331	95	95	96	0	0	0	0	-1	0.000125840
SRR11032683.20509	20957	213	144	35982	67	67	35	2	3	94	1	60	0.000132240
SRR11032683.20688	22262	180	122	210794	39	39	23	1	0	0	0	-1	0.000100080
SRR11032683.20864	23517	242	164	99601	112	112	57	1	2	147	1	60	0.000151240
SRR11032683.21056	23558	233	158	131049	61	61	55	0	0	0	0	-1	0.000108680
SRR11032683.21202	23658	217	147	26678	60	60	53	0	0	0	0	-1	0.000100240
SRR11032683.21326	25916	265	179	191141	82	82	75	0	0	0	0	-1	0.000130840
SRR11032683.21515	20793	206	140	2501	95	95	65	1	2	110	1	60	0.000121400
SRR11032683.21729	20487	194	131	190448	91	91	59	1	2	104	1	60	0.000117480
SRR11032683.21904	21593	214	145	44903	69	69	33	1	2	104	1	60	0.000117200
SRR11032683.22078	20983	187	127	76234	64	64	37	1	2	80	1	60	0.000105640
SRR11032683.22229	25241	230	156	11335	0	0	0	0	0	0	0	-1	0.000090520
SRR11032683.22447	27524	243	165	61402	123	123	73	2	3	144	1	60	0.000156360
SRR11032683.22633	20109	176	119	68722	49	49	21	1	0	0	0	-1	0.000098880
SRR11032683.22825	21459	220	149	76486	75	75	33	2	3	102	1	60	0.000148081
SRR11032683.22995	22401	258	175	80191	116	116	63	1	2	143	1	60	0.000134001
SRR11032683.23235	24167	235	159	146127	24	24	40	0	0	0	0	-1	0.000093960
SRR11032683.23416	23949	201	136	30754	65	65	47	2	3	86	1	60	0.000130281
SRR11032683.23590	22033	219	148	42185	105	105	51	1	2	135	1	60	0.000132280
SRR11032683.23840	25815	225	152	60498	65	65	35	1	2	101	1	60	0.000128800
SRR11032683.24039	20474	173	117	17947	65	65	31	1	2	84	1	60	0.000102200
SRR11032683.24203	24455	270	183	3223	111	111	39	1	2	147	1	60	0.000130960
SRR11032683.24611	20284	191	129	8148	46	46	49	0	0	0	0	-1	0.000084400
SRR11032683.24859	22555	241	163	13573	28	28	21	0	0	0	0	-1	0.000093760
SRR11032683.24966	24203	248	168	32519	62	62	61	0	0	0	0	-1	0.000105960
SRR11032683.25143	21158	207	140	9044	59	59	35	1	2	89	1	60	0.000134361
SRR11032683.25259	27101	270	183	214884	116	116	37	1	2	156	1	60	0.000143601
SRR11032683.25497	24031	241	163	1269	43	43	25	0	0	0	0	-1	0.000101401
SRR11032683.25637	21485	219	148	102519	61	61	60	0	0	0	0	-1	0.000096120
SRR11032683.25826	25773	271	183	145362	82	82	37	1	2	114	1	60	0.000140920
SRR11032683.26080	23789	246	167	13198	75	75	33	1	2	120	1	60	0.000126521
SRR11032683.26332	22987	249	169	190141	404	404	243	2	3	131	1	0	0.000215280
SRR11032683.26484	26152	261	177	326	0	0	0	0	0	0	0	-1	0.000097640
SRR11032683.26596	25907	254	172	93012	82	82	33	2	3	127	1	60	0.000142280
SRR11032683.26755	23954	260	176	129577	58	58	48	0	0	0	0	-1	0.000108560
SRR11032683.26948	22704	241	163	71491	80	80	31	1	2	120	1	60	0.000128560
SRR11032683.27122	20073	194	131	27121	38	38	29	0	0	0	0	-1	0.000081040
SRR11032683.27299	23212	228	154	154318	73	73	15	1	2	116	1	60	0.000115160
SRR11032683.27518	23151	236	160	41983	38	38	51	0	0	0	0	-1	0.000097801
SRR11032683.27609	20996	197	133	128604	114	114	105	1	2	116	1	60	0.000127640
SRR11032683.27820	24296	233	158	51518	40	40	26	0	0	0	0	-1	0.000097440
SRR11032683.28031	26943	253	171	35451	80	80	29	1	2	126	1	60	0.000153960
SRR11032683.28311	24409	231	156	20734	0	0	0	0	0	0	0	-1	0.000087800
SRR11032683.28518	27810	281	190	87053	114	114	85	1	2	136	1	60	0.000151840
SRR11032683.28593	27973	285	193	169	0	0	0	0	0	0	0	-1	0.000102880
SRR11032683.28764	25013	265	179	178	0	0	0	0	0	0	0	-1	0.000095321
SRR11032683.29059	25745	272	184	140030	153	153	142	1	2	156	1	60	0.000169081
SRR11032683.29369	23560	253	171	145311	103	103	75	1	2	128	1	60	0.000136161
SRR11032683.29543	27182	269	182	110033	36	36	19	0	0	0	0	-1	0.000106000
SRR11032683.29739	21079	201	136	175182	55	55	53	0	0	0	0	-1	0.000099281
SRR11032683.30051	26732	257	174	6289	112	112	83	1	2	130	1	60	0.000141881
SRR11032683.30189	25107	219	148	56018	99	99	61	1	2	118	1	60	0.000135240
SRR11032683.30342	23915	242	164	174695	68	68	51	0	0	0	0	-1	0.000109080
SRR11032683.30525	25797	262	177	67217	121	121	118	2	3	112	1	60	0.000162920
SRR11032683.30620	25848	244	165	25519	111	111	63	1	2	125	1	60	0.000136840
SRR11032683.30832	22423	208	141	54490	48	48	23	1	0	0	0	-1	0.000111200
SRR11032683.30998	27672	276	187	266186	152	152	129	1	2	158	1	60	0.000168280
SRR11032683.31131	22530	225	152	246	18	18	35	0	0	0	0	-1	0.000091240
SRR11032683.31297	27242	272	184	13017	90	90	31	1	2	145	1	60	0.000134841
SRR11032683.31426	20956	208	141	31626	77	77	31	1	2	114	1	60	0.000113200
SRR11032683.31531	23694	269	182	132245	145	145	106	2	3	157	1	60	0.000166001
SRR11032683.31792	21921	196	133	4165	9	9	10	0	0	0	0	-1	0.000080600
SRR11032683.31896	21147	186	126	47264	61	61	29	2	3	92	1	60	0.000120840
SRR11032683.32101	25606	273	185	263418	81	81	77	0	0	0	0	-1	0.000118560
SRR11032683.32244	23527	223	151	6719	75	75	35	1	2	104	1	60	0.000128400
SRR11032683.32442	27212	245	166	56343	113	113	53	1	2	136	1	60	0.000143640
SRR11032683.32577	22112	215	146	12061	79	79	49	1	2	95	1	60	0.000122160
SRR11032683.32739	20112	157	106	42753	70	70	62	2	3	67	1	60	0.000111680
SRR11032683.32829	26497	261	177	65058	87	87	45	1	2	123	1	60	0.000140400
SRR11032683.32960	23870	232	157	3247	0	0	0	0	0	0	0	-1	0.000085800
SRR11032683.33119	27491	266	180	84900	93	93	47	1	2	132	1	60	0.000137721
SRR11032683.33249	22636	234	158	85129	122	122	115	1	2	126	1	60	0.000134761
SRR11032683.33395	21436	218	148	614	15	15	30	0	0	0	0	-1	0.000084881
SRR11032683.33480	22690	249	169	176987	123	123	95	1	2	139	1	60	0.000138041
SRR11032683.33620	27455	268	181	278192	86	86	29	1	2	128	1	60	0.000143440
SRR11032683.33740	22701	240	163	87401	90	90	39	1	2	134	1	60	0.000127440
SRR11032683.33855	24051	213	144	105684	57	57	27	1	2	97	1	60	0.000118920
SRR11032683.34021	23275	219	148	99775	53	53	25	1	0	0	0	-1	0.000118280
SRR11032683.34181	22487	231	156	5987	76	76	23	1	2	115	1	60	0.000116160
SRR11032683.34319	22414	231	156	74043	12058	12058	800	4	4	115	1	0	0.000278641
SRR11032683.34550	23173	221	150	96861	79	79	25	1	2	118	1	60	0.000145760
SRR11032683.34691	27871	300	203	86120	99	99	45	1	2	153	1	60	0.000154401
SRR11032683.34957	20812	207	140	1071	72	72	35	1	2	114	1	60	0.000112241
SRR11032683.35136	20467	203	138	32097	67	67	69	0	0	0	0	-1	0.000094081
SRR11032683.35353	21445	218	148	25813	64	64	43	0	0	0	0	-1	0.000096400
SRR11032683.35500	20311	232	157	98425	130	130	139	1	2	104	1	60	0.000131401
SRR11032683.35640	27134	260	176	211884	121	121	87	1	2	134	1	60	0.000145800
SRR11032683.35790	24952	267	181	257065	112	112	67	2	3	151	1	60	0.000159040
SRR11032683.35955	20091	222	150	2883	96	96	65	1	2	115	1	60	0.000128760
SRR11032683.36162	20637	203	138	65249	80	80	37	1	2	109	1	60	0.000116561
SRR11032683.36350	22773	231	156	71782	61	61	29	1	2	97	1	60	0.000117201
SRR11032683.36522	23316	245	166	85360	112	112	85	1	2	127	1	60	0.000136401
SRR11032683.36730	27236	243	165	15945	58	58	60	0	0	0	0	-1	0.000108001
SRR11032683.36954	27187	263	178	54394	6	6	12	0	0	0	0	-1	0.000111761
SRR11032683.37260	24877	230	156	99108	90	90	73	1	2	104	1	60	0.000129920
SRR11032683.37404	21014	211	143	11872	36	36	27	0	0	0	0	-1	0.000093720
SRR11032683.37579	22108	216	146	50214	20	20	40	0	0	0	0	-1	0.000087840
SRR11032683.37772	25377	246	167	54703	0	0	0	0	0	0	0	-1	0.000093160
SRR11032683.38076	22285	203	138	84278	12	12	18	0	0	0	0	-1	0.000082480
SRR11032683.38172	27080	273	185	244099	100	100	75	1	2	121	1	60	0.000150000
SRR11032683.38333	27257	263	178	115065	85	85	19	1	2	126	1	60	0.000136760
SRR11032683.38709	23656	201	136	7326	84	84	69	1	0	0	0	-1	0.000122040
SRR11032683.38802	27407	264	179	100427	0	0	0	0	0	0	0	-1	0.000100160
SRR11032683.38922	24626	251	170	1806	60	60	43	0	0	0	0	-1	0.000111961
SRR11032683.39129	26811	294	199	147354	96	96	57	2	3	129	1	60	0.000172961
SRR11032683.39314	22334	216	146	16773	10	10	20	0	0	0	0	-1	0.000085441
SRR11032683.39455	22084	235	159	104092	1125	1125	905	0	0	0	0	-1	0.000175641
SRR11032683.39762	22201	234	158	30444	81	81	31	2	3	125	1	60	0.000135440
SRR11032683.39919	25277	251	170	57314	58	58	31	1	0	0	0	-1	0.000129560
SRR11032683.40116	27549	294	199	87642	56	56	51	0	0	0	0	-1	0.000119921
SRR11032683.40263	21666	209	142	26530	55	55	23	1	2	93	1	60	0.000111760
SRR11032683.40390	25089	252	171	63454	82	82	35	2	3	120	1	60	0.000146840
SRR11032683.40566	21234	228	154	307021	84	84	43	1	2	112	1	60	0.000120240
SRR11032683.40708	24337	244	165	1573	59	59	27	1	2	113	1	60	0.000127080
SRR11032683.40927	25212	263	178	248841	129	129	105	1	2	146	1	60	0.000154640
SRR11032683.41065	26003	263	178	251929	71	71	35	1	2	120	1	60	0.000136160
SRR11032683.41218	27893	254	172	228934	245	245	301	1	2	144	1	60	0.000186440
SRR11032683.41464	27155	255	173	168918	81	81	27	2	3	118	1	60	0.000150360
SRR11032683.41615	20879	212	144	173569	50	50	35	1	2	87	1	60	0.000116400
SRR11032683.41770	22674	215	146	16860	40	40	31	0	0	0	0	-1	0.000091200
SRR11032683.41960	22202	221	150	245615	91	91	79	1	2	104	1	60	0.000131760
SRR11032683.42067	25249	260	176	105891	120	120	71	1	2	137	1	60	0.000145040
SRR11032683.42288	24844	244	165	8034	76	76	53	1	2	107	1	60	0.000127440
SRR11032683.42380	23447	229	155	101686	94	94	91	1	2	111	1	60	0.000155240
SRR11032683.42550	21130	208	141	106676	86	86	41	1	2	115	1	60	0.000116480
SRR11032683.42727	25317	260	176	57429	119	119	85	1	2	147	1	60	0.000144840
SRR11032683.42909	23299	239	162	202072	51	51	43	0	0	0	0	-1	0.000100841
SRR11032683.43045	20451	175	119	244485	91	91	57	1	2	106	1	60	0.000109000
SRR11032683.43153	24114	234	158	131907	57	57	31	0	0	0	0	-1	0.000107560
SRR11032683.43334	24651	270	183	70042	88	88	29	1	2	140	1	60	0.000136920
SRR11032683.43514	23633	238	161	343940	114	114	85	1	2	135	1	60	0.000134841
SRR11032683.43702	21599	207	140	111145	0	0	0	0	0	0	0	-1	0.000079240
SRR11032683.43883	26315	267	181	43365	71	71	55	0	0	0	0	-1	0.000116640
SRR11032683.44075	24192	243	165	31172	82	82	48	1	2	116	1	60	0.000125520
SRR11032683.44252	21601	227	154	2943	36	36	43	0	0	0	0	-1	0.000109080
SRR11032683.44388	25718	239	162	61824	64	64	39	0	0	0	0	-1	0.000110440
SRR11032683.44595	25125	266	180	116186	90	90	36	2	3	136	1	60	0.000149400
SRR11032683.44750	23989	255	173	103178	260	260	280	2	0	0	0	-1	0.000216920
SRR11032683.44982	25464	243	165	1505	79	79	32	1	2	118	1	60	0.000119480
SRR11032683.45140	24779	261	177	89327	124	124	61	1	2	162	1	60	0.000158121
SRR11032683.45307	20179	210	142	54735	67	67	31	1	2	94	1	60	0.000113160
SRR11032683.45504	25681	224	152	48359	924	924	1244	0	0	0	0	-1	0.000305040
SRR11032683.45648	23902	187	127	91234	29577	29577	9976	5	4	98	1	0	0.001703284
SRR11032683.45720	25691	241	163	78433	64	64	37	1	2	101	1	60	0.000153720
SRR11032683.45927	22780	218	148	207979	176	176	207	1	2	132	1	60	0.000165601
SRR11032683.46084	24999	250	169	237488	77	77	45	1	2	104	1	60	0.000136680
SRR11032683.46265	22690	216	146	594	8	8	14	0	0	0	0	-1	0.000087201
SRR11032683.46531	23430	225	152	153808	93	93	77	1	2	107	1	60	0.000132040
SRR11032683.46795	24644	260	176	15351	96	96	55	1	2	142	1	60	0.000137721
SRR11032683.46928	22862	237	160	15207	115	115	107	1	2	107	1	60	0.000136160
SRR11032683.47081	23045	235	159	4555	77	77	33	1	2	117	1	60	0.000128640
SRR11032683.47250	25540	235	159	310	20	20	23	0	0	0	0	-1	0.000095520
SRR11032683.47445	25246	281	190	216342	161	161	173	1	2	139	1	60	0.000170200
SRR11032683.47617	26720	247	167	12233	19	19	38	0	0	0	0	-1	0.000101920
SRR11032683.48592	20450	199	135	76418	78	78	147	0	0	0	0	-1	0.000093280
SRR11032683.48702	24541	230	156	10589	53	53	99	0	0	0	0	-1	0.000101800
SRR11032683.48937	24659	240	163	107637	3979	3979	1886	0	0	0	0	-1	0.000285320
SRR11032683.49142	22458	227	154	5458	126	126	173	0	0	0	0	-1	0.000111480
SRR11032683.50451	26626	268	181	1411	0	0	0	0	0	0	0	-1	0.000101240
SRR11032683.52086	27182	245	166	131	0	0	0	0	0	0	0	-1	0.000095801
SRR11032683.54333	20610	208	141	231	4	4	8	0	0	0	0	-1	0.000079880
SRR11032683.55744	23129	251	170	113	0	0	0	0	0	0	0	-1	0.000091000
SRR11032683.57740	26341	285	193	283	0	0	0	0	0	0	0	-1	0.000102561
SRR11032683.60395	26098	257	174	52	0	0	0	0	0	0	0	-1	0.000094001
SRR11032683.61896	20324	215	146	179	0	0	0	0	0	0	0	-1	0.000076920
SRR11032683.64322	20619	217	147	127	0	0	0	0	0	0	0	-1	0.000093000
SRR11032683.66083	27689	257	174	198	0	0	0	0	0	0	0	-1	0.000110680
SRR11032683.68162	25526	277	187	316	0	0	0	0	0	0	0	-1	0.000113800
SRR11032683.70389	23074	236	160	2302	7	7	14	0	0	0	0	-1	0.000090280
SRR11032683.73563	21867	216	146	185	0	0	0	0	0	0	0	-1	0.000080881
SRR11032736.73	25223	244	165	67814	27	27	25	0	0	0	0	-1	0.000098240
SRR11032736.173	20188	211	143	180928	69	69	53	1	2	89	1	60	0.000115880
SRR11032736.328	20576	214	145	176982	66	66	23	1	2	105	1	60	0.000112841
SRR11032736.530	23317	229	155	7134	32	32	15	0	0	0	0	-1	0.000096520
SRR11032736.665	20328	207	140	116948	45	45	39	0	0	0	0	-1	0.000087080
SRR11032736.847	21788	222	150	135814	45	45	36	0	0	0	0	-1	0.000090480
SRR11032736.949	26074	267	181	15288	0	0	0	0	0	0	0	-1	0.000098320
SRR11032736.1181	20264	184	125	10656	21	21	17	0	0	0	0	-1	0.000076361
SRR11032736.1343	22743	227	154	138716	53	53	57	0	0	0	0	-1	0.000097120
SRR11032736.1509	26437	265	179	18736	34	34	31	0	0	0	0	-1	0.000105320
SRR11032736.1685	21375	254	172	952	0	0	0	0	0	0	0	-1	0.000086840
SRR11032736.1792	27682	275	186	13268	73	73	69	0	0	0	0	-1	0.000129320
SRR11032736.1917	25623	248	168	98662	9	9	7	0	0	0	0	-1	0.000094520
SRR11032736.2016	25842	266	180	73864	45	45	59	0	0	0	0	-1	0.000107561
SRR11032736.2184	22199	223	151	28183	38	38	47	0	0	0	0	-1	0.000088440
SRR11032736.2332	26130	247	167	62419	128	128	129	1	2	105	1	60	0.000143680
SRR11032736.2509	21614	228	154	34340	69	69	21	1	2	120	1	60	0.000112200
SRR11032736.2704	24085	227	154	81828	160	160	116	2	3	92	1	0	0.000165520
SRR11032736.2858	20560	187	127	96282	6820	6820	1420	9	4	76	1	0	0.000345961
SRR11032736.3009	25008	244	165	40240	5	5	10	0	0	0	0	-1	0.000093840
SRR11032736.3187	20829	167	113	75178	49	49	95	0	0	0	0	-1	0.000076441
SRR11032736.3356	24358	254	172	117144	162	162	68	1	2	139	1	60	0.000151081
SRR11032736.3532	25900	250	169	205966	58	58	55	0	0	0	0	-1	0.000118880
SRR11032736.3617	21148	201	136	7040	0	0	0	0	0	0	0	-1	0.000075081
SRR11032736.3741	25348	282	191	100905	88	88	26	2	3	144	1	60	0.000151480
SRR11032736.3832	23792	228	154	47021	48	48	53	0	0	0	0	-1	0.000096560
SRR11032736.4077	27444	283	192	207729	47	47	42	0	0	0	0	-1	0.000120520
SRR11032736.4227	21201	209	142	589	17	17	31	0	0	0	0	-1	0.000083240
SRR11032736.4379	21814	221	150	14679	66	66	42	2	4	94	1	60	0.000147761
SRR11032736.4537	25467	237	160	146605	98	98	89	1	2	101	1	60	0.000133521
SRR11032736.4721	21974	213	144	65681	72	72	37	1	2	106	1	60	0.000137440
SRR11032736.4819	24828	266	180	39574	32	32	30	0	0	0	0	-1	0.000099800
SRR11032736.4903	23439	235	159	184468	73	73	37	1	2	105	1	60	0.000119921
SRR11032736.5052	25554	220	149	6202	22	22	25	0	0	0	0	-1	0.000093280
SRR11032736.5219	24265	231	156	111574	62	62	29	1	2	97	1	60	0.000117240
SRR11032736.5457	21274	198	134	3980	14	14	23	0	0	0	0	-1	0.000096881
SRR11032736.5581	24335	243	165	7257	35	35	58	0	0	0	0	-1	0.000097760
SRR11032736.5785	21661	196	133	16568	15	15	12	0	0	0	0	-1	0.000078960
SRR11032736.5973	23518	218	148	24414	53	53	27	1	0	0	0	-1	0.000122001
SRR11032736.6104	24002	226	153	13343	6	6	12	0	0	0	0	-1	0.000087760
SRR11032736.6179	22530	253	171	15690	24	24	33	0	0	0	0	-1	0.000095520
SRR11032736.6308	24647	266	180	1032	1	1	2	0	0	0	0	-1	0.000098161
SRR11032736.6421	22572	202	137	15995	16	16	32	0	0	0	0	-1	0.000082760
SRR11032736.6637	20615	199	135	103541	61	61	47	0	0	0	0	-1	0.000091920
SRR11032736.6759	24589	238	161	3782	91	91	47	1	2	128	1	60	0.000123280
SRR11032736.6851	23897	218	148	34991	36	36	47	0	0	0	0	-1	0.000111080
SRR11032736.6980	22120	215	146	30145	32	32	43	0	0	0	0	-1	0.000087760
SRR11032736.7126	26221	260	176	58510	50	50	69	0	0	0	0	-1	0.000107400
SRR11032736.7224	22660	231	156	142171	61	61	63	0	0	0	0	-1	0.000098400
SRR11032736.7321	20746	199	135	74745	103	103	87	1	2	108	1	60	0.000145721
SRR11032736.7432	26445	263	178	18505	99	99	77	1	2	106	1	60	0.000143000
SRR11032736.7584	23460	249	169	3660	25	25	50	0	0	0	0	-1	0.000094840
SRR11032736.7701	21106	209	142	15324	55	55	51	0	0	0	0	-1	0.000093841
SRR11032736.7818	23011	218	148	231358	102	102	73	2	3	112	1	60	0.000173561
SRR11032736.7944	20491	198	134	116114	44	44	35	0	0	0	0	-1	0.000082160
SRR11032736.8076	21283	211	143	18868	0	0	0	0	0	0	0	-1	0.000076440
SRR11032736.8287	27015	294	199	36891	49	49	77	0	0	0	0	-1	0.000113000
SRR11032736.8483	27410	268	181	20809	36	36	64	0	0	0	0	-1	0.000110040
SRR11032736.8616	24895	237	160	12593	37	37	45	0	0	0	0	-1	0.000097600
SRR11032736.8750	22180	232	157	71489	61	61	51	0	0	0	0	-1	0.000105441
SRR11032736.8858	21578	197	133	39734	14	14	17	0	0	0	0	-1	0.000080200
SRR11032736.8987	21974	236	160	60228	104	104	85	1	2	120	1	60	0.000132640
SRR11032736.9165	25358	227	154	61839	75	75	53	1	0	0	0	-1	0.000173041
SRR11032736.9290	22472	257	174	102174	79	79	118	0	0	0	0	-1	0.000108681
SRR11032736.9475	24774	228	154	88687	76	76	55	1	0	0	0	-1	0.000125360
SRR11032736.9633	24244	245	166	119019	84	84	107	0	0	0	0	-1	0.000110440
SRR11032736.9774	24587	269	182	1144	29	29	26	0	0	0	0	-1	0.000102800
SRR11032736.9925	20315	195	132	577	39	39	37	0	0	0	0	-1	0.000083160
SRR11032736.10044	21784	210	142	167788	32	32	44	0	0	0	0	-1	0.000085280
SRR11032736.10161	27968	278	188	44060	79	79	75	0	0	0	0	-1	0.000121280
SRR11032736.10300	22884	221	150	85690	41	41	43	0	0	0	0	-1	0.000109040
SRR11032736.10537	21707	201	136	5887	27	27	43	0	0	0	0	-1	0.000084240
SRR11032736.10717	22574	242	164	75622	36	36	53	0	0	0	0	-1	0.000094640
SRR11032736.10830	21558	206	140	232	0	0	0	0	0	0	0	-1	0.000078960
SRR11032736.10910	22671	219	148	86889	50	50	47	0	0	0	0	-1	0.000094040
SRR11032736.11028	23122	249	169	8860	86	86	37	1	2	130	1	60	0.000124760
SRR11032736.11128	26088	245	166	133391	55	55	31	0	0	0	0	-1	0.000113801
SRR11032736.11244	25813	259	175	610	61	61	49	0	0	0	0	-1	0.000112360
SRR11032736.11354	23565	249	169	2841	79	79	41	1	2	101	1	60	0.000130560
SRR11032736.11452	24766	234	158	14692	34	34	33	0	0	0	0	-1	0.000098761
SRR11032736.11611	21416	206	140	29292	32	32	27	0	0	0	0	-1	0.000083920
SRR11032736.11752	23951	226	153	26918	0	0	0	0	0	0	0	-1	0.000085880
SRR11032736.11915	27996	294	199	185453	64	64	41	0	0	0	0	-1	0.000119880
SRR11032736.12001	20052	199	135	227026	64	64	81	0	0	0	0	-1	0.000092520
SRR11032736.12174	20996	212	144	77373	52	52	23	1	2	94	1	60	0.000114280
SRR11032736.12308	21210	219	148	168017	109	109	119	1	2	102	1	60	0.000135400
SRR11032736.12547	23588	202	137	21733	17	17	27	0	0	0	0	-1	0.000105040
SRR11032736.12673	22616	223	151	11350	14	14	28	0	0	0	0	-1	0.000087360
SRR11032736.12809	21948	213	144	33555	57	57	39	0	0	0	0	-1	0.000094000
SRR11032736.12976	20285	207	140	76080	47	47	37	0	0	0	0	-1	0.000087880
SRR11032736.13101	20056	207	140	115450	83	83	43	1	2	119	1	60	0.000112920
SRR11032736.13232	25047	239	162	1093	72	72	35	2	3	105	1	60	0.000130680
SRR11032736.13326	24899	247	167	6365	85	85	55	1	2	109	1	60	0.000141600
SRR11032736.13433	21398	188	127	90968	71	71	45	1	2	92	1	60	0.000111480
SRR11032736.13585	21123	203	138	152407	35	35	37	0	0	0	0	-1	0.000084280
SRR11032736.13735	23554	255	173	18978	5	5	10	0	0	0	0	-1	0.000092961
SRR11032736.13837	25897	264	179	35929	7	7	8	0	0	0	0	-1	0.000100000
SRR11032736.14035	26557	248	168	116923	100	100	75	1	2	115	1	60	0.000142920
SRR11032736.14115	20310	207	140	13250	97	97	71	1	2	111	1	60	0.000121000
SRR11032736.14197	27690	275	186	9886	39	39	31	0	0	0	0	-1	0.000108320
SRR11032736.14387	22304	216	146	190693	57	57	53	0	0	0	0	-1	0.000101520
SRR11032736.14593	23430	235	159	15945	71	71	61	0	0	0	0	-1	0.000106681
SRR11032736.14744	20578	193	131	1636	35	35	35	0	0	0	0	-1	0.000081441
SRR11032736.15045	21761	201	136	27350	50	50	49	0	0	0	0	-1	0.000092080
SRR11032736.15134	25992	268	181	68464	93	93	41	1	2	137	1	60	0.000158320
SRR11032736.15228	21522	231	156	36524	68	68	37	1	2	103	1	60	0.000113000
SRR11032736.15333	22105	228	154	12074	48	48	44	0	0	0	0	-1	0.000096681
SRR11032736.15456	20512	214	145	8701	45	45	41	0	0	0	0	-1	0.000087680
SRR11032736.15565	23015	236	160	715	26	26	15	0	0	0	0	-1	0.000091760
SRR11032736.15743	24360	236	160	19452	101	101	49	1	2	120	1	60	0.000135481
SRR11032736.15895	21090	212	144	88000	47	47	41	0	0	0	0	-1	0.000087960
SRR11032736.16010	24112	255	173	70817	122	122	104	1	2	125	1	60	0.000144560
SRR11032736.16145	21268	205	139	9497	50	50	42	0	0	0	0	-1	0.000089240
SRR11032736.16249	20937	211	143	5485	24	24	46	0	0	0	0	-1	0.000086920
SRR11032736.16427	20444	189	128	314	21	21	28	0	0	0	0	-1	0.000078640
SRR11032736.16594	27543	278	188	4179	178	178	164	0	0	0	0	-1	0.000129240
SRR11032736.16737	24759	255	173	1192	0	0	0	0	0	0	0	-1	0.000094680
SRR11032736.16863	23643	220	149	711	10	10	20	0	0	0	0	-1	0.000098800
SRR11032736.17006	25756	280	190	71123	153	153	119	1	2	150	1	60	0.000155161
SRR11032736.17081	21214	209	142	644	67	67	87	0	0	0	0	-1	0.000094000
SRR11032736.17239	25632	231	156	153256	82	82	57	2	3	105	1	60	0.000142200
SRR11032736.17475	26224	284	192	36494	60	60	49	0	0	0	0	-1	0.000111680
SRR11032736.17645	26235	241	163	513	53	53	54	0	0	0	0	-1	0.000105321
SRR11032736.17788	25009	225	152	44690	47	47	81	0	0	0	0	-1	0.000099760
SRR11032736.17897	25248	287	194	8470	60	60	59	0	0	0	0	-1	0.000113041
SRR11032736.18036	24117	199	135	435	45	45	45	0	0	0	0	-1	0.000091681
SRR11032736.18195	25936	264	179	152232	101	101	68	1	2	131	1	60	0.000141720
SRR11032736.18389	23858	226	153	38690	53	53	49	0	0	0	0	-1	0.000098960
SRR11032736.18521	24939	234	158	186	4	4	8	0	0	0	0	-1	0.000092240
SRR11032736.18667	23097	238	161	97385	74	74	55	2	3	101	1	60	0.000134001
SRR11032736.18813	22342	216	146	436	62	62	57	0	0	0	0	-1	0.000094561
SRR11032736.18912	27489	287	194	62647	55	55	47	0	0	0	0	-1	0.000114641
SRR11032736.19092	24773	224	152	58233	106	106	70	1	2	126	1	60	0.000136601
SRR11032736.19231	20569	204	138	27593	75	75	63	1	2	86	1	60	0.000119680
SRR11032736.19362	27601	283	192	34744	99	99	43	1	2	141	1	60	0.000148560
SRR11032736.19563	23186	241	163	149749	68	68	27	2	3	116	1	60	0.000137321
SRR11032736.19685	20824	198	134	121892	69	69	37	1	2	87	1	60	0.000111320
SRR11032736.19816	23477	229	155	61647	60	60	28	1	2	93	1	60	0.000121480
SRR11032736.19957	21494	198	134	89992	58	58	29	0	0	0	0	-1	0.000092440
SRR11032736.20233	20500	206	140	77835	104	104	83	1	2	105	1	60	0.000126801
SRR11032736.20368	21017	206	140	17705	91	91	77	1	2	93	1	60	0.000122561
SRR11032736.20445	24890	238	161	192933	25	25	35	0	0	0	0	-1	0.000095800
SRR11032736.20527	23168	210	142	623	7	7	14	0	0	0	0	-1	0.000082800
SRR11032736.20688	26153	271	183	39129	91	91	47	1	2	132	1	60	0.000138801
SRR11032736.20862	26142	261	177	3160	102	102	53	1	2	134	1	60	0.000147160
SRR11032736.21027	20288	175	119	43765	52	52	37	1	0	0	0	-1	0.000100640
SRR11032736.21299	23520	276	187	72365	46	46	29	0	0	0	0	-1	0.000102921
SRR11032736.21484	23517	238	161	214289	69	69	70	0	0	0	0	-1	0.000105480
SRR11032736.21613	20769	213	144	106149	39	39	35	0	0	0	0	-1	0.000094080
SRR11032736.21805	23416	265	179	70155	94	94	55	1	2	116	1	60	0.000135200
SRR11032736.21942	27784	275	186	204060	62	62	53	0	0	0	0	-1	0.000116560
SRR11032736.22172	26103	252	171	140905	109	109	111	1	2	110	1	60	0.000146521
SRR11032736.22454	23784	265	179	84596	103	103	69	1	2	122	1	60	0.000144600
SRR11032736.22621	24762	246	167	18636	74	74	45	1	2	105	1	60	0.000128600
SRR11032736.22808	24110	253	171	216551	85	85	55	1	2	114	1	60	0.000136560
SRR11032736.22933	24026	247	167	82067	70	70	25	1	2	124	1	60	0.000127400
SRR11032736.23179	21203	193	131	840	0	0	0	0	0	0	0	-1	0.000075400
SRR11032736.23272	23575	237	160	51931	59	59	39	0	0	0	0	-1	0.000104041
SRR11032736.23472	25537	241	163	56936	44	44	27	0	0	0	0	-1	0.000101280
SRR11032736.23594	22137	245	166	3457	0	0	0	0	0	0	0	-1	0.000086080
SRR11032736.23739	27494	246	167	143625	89	89	31	1	2	124	1	60	0.000181480
SRR11032736.23887	25408	227	154	27395	45	45	41	0	0	0	0	-1	0.000099560
SRR11032736.23991	21781	214	145	99640	68	68	39	1	0	0	0	-1	0.000117041
SRR11032736.24162	20835	204	138	118635	56	56	39	1	2	82	1	60	0.000114480
SRR11032736.24337	24678	267	181	83439	26	26	21	0	0	0	0	-1	0.000107680
SRR11032736.24489	23247	240	163	129484	68	68	42	1	0	0	0	-1	0.000126081
SRR11032736.24618	27543	286	194	234414	90	90	45	1	2	138	1	60	0.000148200
SRR11032736.24795	27996	275	186	30147	80	80	52	2	3	113	1	60	0.000158000
SRR11032736.24981	20258	183	124	101229	102	102	74	1	2	94	1	60	0.000110961
SRR11032736.25165	26499	273	185	225074	62	62	67	0	0	0	0	-1	0.000110361
SRR11032736.25316	21678	232	157	45811	63	63	21	1	2	98	1	60	0.000110240
SRR11032736.25533	22637	222	150	83910	71	71	39	1	2	95	1	60	0.000124240
SRR11032736.25815	22746	234	158	1524	55	55	37	0	0	0	0	-1	0.000099761
SRR11032736.25978	24018	247	167	118238	92	92	87	1	2	111	1	60	0.000138761
SRR11032736.26130	20440	193	131	114287	82	82	84	1	2	83	1	60	0.000122081
SRR11032736.26328	27632	298	202	94760	114	114	93	1	2	135	1	60	0.000174280
SRR11032736.26435	24224	269	182	68729	40	40	57	0	0	0	0	-1	0.000103520
SRR11032736.26645	20384	182	123	75366	65	65	37	1	2	75	1	60	0.000100080
SRR11032736.26760	23891	228	154	32061	24	24	38	0	0	0	0	-1	0.000091561
SRR11032736.26963	24968	234	158	957	85	85	43	1	2	119	1	60	0.000134961
SRR11032736.27108	24712	249	169	175376	56	56	45	0	0	0	0	-1	0.000103240
SRR11032736.27210	25567	234	158	142344	81	81	43	1	2	111	1	60	0.000128560
SRR11032736.27419	24436	226	153	5549	59	59	35	2	3	92	1	60	0.000126800
SRR11032736.27580	24095	249	169	45669	0	0	0	0	0	0	0	-1	0.000089000
SRR11032736.27718	25284	232	157	98957	60	60	79	0	0	0	0	-1	0.000126040
SRR11032736.27914	24769	257	174	20272	81	81	37	1	2	121	1	60	0.000129280
SRR11032736.28072	22863	232	157	157270	114	114	143	0	0	0	0	-1	0.000120200
SRR11032736.28177	20572	217	147	37958	38	38	37	0	0	0	0	-1	0.000084560
SRR11032736.28288	23306	241	163	48783	75	75	87	0	0	0	0	-1	0.000106000
SRR11032736.28453	23840	237	160	122010	66	66	49	0	0	0	0	-1	0.000105480
SRR11032736.28631	21339	216	146	1934	44	44	29	0	0	0	0	-1	0.000086200
SRR11032736.28769	21938	209	142	181	7	7	14	0	0	0	0	-1	0.000081360
SRR11032736.28860	27241	288	195	152437	161	161	106	2	3	124	1	0	0.000186521
SRR11032736.28955	24345	241	163	45657	35	35	39	0	0	0	0	-1	0.000098721
SRR11032736.29116	26618	313	212	352263	100	100	98	0	0	0	0	-1	0.000134040
SRR11032736.29193	20748	209	142	81648	41	41	45	0	0	0	0	-1	0.000085600
SRR11032736.29433	25538	239	162	50146	45	45	37	0	0	0	0	-1	0.000117480
SRR11032736.29540	25644	299	202	125502	122	122	91	1	2	141	1	60	0.000157440
SRR11032736.29640	24793	266	180	190890	67	67	37	1	2	114	1	60	0.000133960
SRR11032736.29761	27578	281	190	91120	50	50	39	0	0	0	0	-1	0.000115321
SRR11032736.29908	26004	256	173	1376	71	71	55	0	0	0	0	-1	0.000114040
SRR11032736.30077	22797	214	145	32501	52	52	61	0	0	0	0	-1	0.000094040
SRR11032736.30184	20353	221	150	45573	89	89	54	2	4	112	1	60	0.000148520
SRR11032736.30338	22655	258	175	139549	95	95	43	2	2	132	1	60	0.000144401
SRR11032736.30535	25230	250	169	75209	12	12	15	0	0	0	0	-1	0.000096160
SRR11032736.30662	24584	235	159	129244	41	41	53	0	0	0	0	-1	0.000100680
SRR11032736.30778	20427	216	146	134400	155	155	224	0	0	0	0	-1	0.000116240
SRR11032736.30913	23661	232	157	9782	19	19	22	0	0	0	0	-1	0.000091320
SRR11032736.31011	22776	240	163	373	81	81	23	1	2	125	1	60	0.000121601
SRR11032736.31094	22646	215	146	43183	41	41	72	0	0	0	0	-1	0.000093280
SRR11032736.31185	20801	195	132	7004	6	6	12	0	0	0	0	-1	0.000082960
SRR11032736.31314	20706	196	133	124973	64	64	25	1	2	94	1	60	0.000106001
SRR11032736.31483	22476	215	146	109547	44	44	33	0	0	0	0	-1	0.000089680
SRR11032736.31714	22339	256	173	4683	18	18	30	0	0	0	0	-1	0.000093760
SRR11032736.31849	23205	213	144	153674	59	59	48	0	0	0	0	-1	0.000095881
SRR11032736.31992	25615	247	167	34057	47	47	49	0	0	0	0	-1	0.000113040
SRR11032736.32133	22205	213	144	124250	55	55	55	0	0	0	0	-1	0.000093080
SRR11032736.32338	23162	238	161	13513	95	95	59	1	2	120	1	60	0.000131680
SRR11032736.32434	20294	211	143	46826	54	54	49	0	0	0	0	-1	0.000088480
SRR11032736.32580	26060	257	174	16482	103	103	53	1	2	127	1	60	0.000140440
SRR11032736.32754	23420	214	145	2876	72	72	45	1	2	86	1	60	0.000133321
SRR11032736.32880	20856	195	132	314	70	70	39	2	3	90	1	60	0.000118000
SRR11032736.33019	26954	282	191	85038	35	35	59	0	0	0	0	-1	0.000110440
SRR11032736.33201	21934	234	158	73387	72	72	77	0	0	0	0	-1	0.000105040
SRR11032736.33465	22758	236	160	161443	90	90	53	2	3	118	1	60	0.000161320
SRR11032736.33588	24355	238	161	8693	45	45	29	0	0	0	0	-1	0.000100680
SRR11032736.33777	24196	242	164	886	11	11	22	0	0	0	0	-1	0.000093120
SRR11032736.33905	22735	210	142	94425	62	62	42	2	3	87	1	60	0.000142840
SRR11032736.34024	23722	246	167	186106	36	36	37	0	0	0	0	-1	0.000097360
SRR11032736.34210	26430	248	168	49113	38	38	46	0	0	0	0	-1	0.000103880
SRR11032736.34377	25530	240	163	55802	52	52	42	0	0	0	0	-1	0.000109481
SRR11032736.34528	27571	297	201	54643	84	84	57	0	0	0	0	-1	0.000130601
SRR11032736.34704	23301	248	168	12833	36	36	51	0	0	0	0	-1	0.000098960
SRR11032736.34889	25817	244	165	153258	71	71	61	0	0	0	0	-1	0.000113320
SRR11032736.35061	25596	262	177	76486	15548	15548	1176	6	5	152	1	0	0.000382760
SRR11032736.35253	23512	241	163	31667	11	11	20	0	0	0	0	-1	0.000094160
SRR11032736.35327	23169	246	167	106287	98	98	111	1	2	100	1	60	0.000142200
SRR11032736.35482	23760	245	166	311371	125	125	121	1	2	117	1	60	0.000147920
SRR11032736.35620	22783	209	142	56978	43	43	41	0	0	0	0	-1	0.000090760
SRR11032736.35743	25853	228	154	97039	55	55	55	0	0	0	0	-1	0.000115441
SRR11032736.35924	21515	205	139	81037	51	51	27	0	0	0	0	-1	0.000095680
SRR11032736.36046	24806	239	162	158427	41	41	33	0	0	0	0	-1	0.000099960
SRR11032736.36176	22309	221	150	7162	42	42	17	0	0	0	0	-1	0.000094800
SRR11032736.36261	25564	240	163	143666	85	85	33	1	2	125	1	60	0.000128280
SRR11032736.36456	20232	215	146	460	0	0	0	0	0	0	0	-1	0.000077840
SRR11032736.36651	26011	282	191	204197	67	67	61	0	0	0	0	-1	0.000117640
SRR11032736.36879	20459	197	133	70620	47	47	37	0	0	0	0	-1	0.000106321
SRR11032736.37043	26352	266	180	143550	36	36	47	0	0	0	0	-1	0.000103640
SRR11032736.37141	23980	231	156	64960	0	0	0	0	0	0	0	-1	0.000089960
SRR11032736.37269	24255	236	160	111878	53	53	37	0	0	0	0	-1	0.000101440
SRR11032736.37354	25724	268	181	164120	89	89	55	1	2	119	1	60	0.000141921
SRR11032736.37472	22650	203	138	54336	18	18	19	0	0	0	0	-1	0.000083480
SRR11032736.37613	24472	262	177	82145	209	209	309	0	0	0	0	-1	0.000128040
SRR11032736.37750	21704	213	144	496	5	5	10	0	0	0	0	-1	0.000082160
SRR11032736.37867	25189	249	169	105849	56	56	41	0	0	0	0	-1	0.000107561
SRR11032736.37956	24800	259	175	164013	103	103	111	1	2	105	1	60	0.000146361
SRR11032736.38088	20932	212	144	46927	106	106	72	2	3	121	1	60	0.000139920
SRR11032736.38160	22385	228	154	219	8	8	16	0	0	0	0	-1	0.000098880
SRR11032736.38394	23963	242	164	1139	0	0	0	0	0	0	0	-1	0.000090761
SRR11032736.38657	27214	288	195	131785	50	50	53	0	0	0	0	-1	0.000112000
SRR11032736.38846	21048	233	158	348	35	35	29	0	0	0	0	-1	0.000091401
SRR11032736.38993	25841	256	173	112232	92	92	109	0	0	0	0	-1	0.000116000
SRR11032736.39086	20831	192	130	228133	125	125	151	1	2	92	1	60	0.000128281
SRR11032736.39260	22750	213	144	77570	79	79	51	1	2	101	1	60	0.000127480
SRR11032736.39513	27936	281	190	153244	53	53	29	0	0	0	0	-1	0.000136360
SRR11032736.39672	25262	241	163	23291	76	76	49	1	2	102	1	60	0.000125640
SRR11032736.39848	27150	279	189	35563	46	46	19	0	0	0	0	-1	0.000108081
SRR11032736.39901	24260	251	170	794	73	73	96	0	0	0	0	-1	0.000104880
SRR11032736.40063	22014	224	152	56253	57	57	47	0	0	0	0	-1	0.000094961
SRR11032736.40180	25160	290	196	50995	6	6	12	0	0	0	0	-1	0.000114640
SRR11032736.40363	23020	230	156	33921	82	82	53	1	2	106	1	60	0.000122280
SRR11032736.40525	27721	283	192	53457	56	56	37	0	0	0	0	-1	0.000117041
SRR11032736.40649	20669	216	146	85145	60	60	71	0	0	0	0	-1	0.000092840
SRR11032736.40795	20010	183	124	107228	59	59	53	0	0	0	0	-1	0.000086440
SRR11032736.40990	22124	242	164	114024	104	104	81	1	2	121	1	60	0.000149160
SRR11032736.41069	24204	237	160	18125	30	30	43	0	0	0	0	-1	0.000096200
SRR11032736.41257	20522	210	142	6311	59	59	25	1	2	99	1	60	0.000108760
SRR11032736.41340	21733	216	146	56729	54	54	33	0	0	0	0	-1	0.000094880
SRR11032736.41519	21772	214	145	31611	19	19	35	0	0	0	0	-1	0.000084161
SRR11032736.41625	20729	207	140	38721	71	71	41	2	3	95	1	60	0.000128240
SRR11032736.41716	25779	232	157	94343	86	86	91	0	0	0	0	-1	0.000117361
SRR11032736.41812	22620	235	159	27014	75	75	29	1	2	118	1	60	0.000139280
SRR11032736.42014	22455	229	155	1322	62	62	47	0	0	0	0	-1	0.000103480
SRR11032736.42140	22828	213	144	98564	92	92	101	1	2	87	1	60	0.000131721
SRR11032736.42320	20434	203	138	15544	10	10	19	0	0	0	0	-1	0.000078680
SRR11032736.42451	26451	262	177	177402	76	76	43	2	3	114	1	60	0.000160080
SRR11032736.42632	21031	202	137	98423	54	54	29	1	2	87	1	60	0.000112481
SRR11032736.42814	27673	289	196	70844	63	63	35	0	0	0	0	-1	0.000125840
SRR11032736.42908	23991	246	167	328	0	0	0	0	0	0	0	-1	0.000090960
SRR11032736.43066	23441	206	140	14150	29	29	39	0	0	0	0	-1	0.000088120
SRR11032736.43157	24832	233	158	114311	75	75	51	1	2	95	1	60	0.000126160
SRR11032736.43303	26933	251	170	73180	76	76	63	0	0	0	0	-1	0.000119320
SRR11032736.43474	22963	226	153	16492	67	67	85	0	0	0	0	-1	0.000103520
SRR11032736.43600	23943	242	164	30414	43	43	37	0	0	0	0	-1	0.000099520
SRR11032736.43753	25196	243	165	33665	29	29	15	0	0	0	0	-1	0.000096840
SRR11032736.43851	21600	242	164	74859	41	41	40	0	0	0	0	-1	0.000096520
SRR11032736.43960	21843	226	153	137791	25	25	19	0	0	0	0	-1	0.000090520
SRR11032736.44108	27299	232	157	102009	120	120	81	1	2	120	1	60	0.000139880
SRR11032736.44216	27317	278	188	111363	49	49	59	0	0	0	0	-1	0.000111360
SRR11032736.44351	26527	322	218	89759	81	81	53	0	0	0	0	-1	0.000130680
SRR11032736.44437	20390	224	152	17158	62	62	53	0	0	0	0	-1	0.000094120
SRR11032736.44620	23730	227	154	49418	65	65	53	0	0	0	0	-1	0.000101800
SRR11032736.44874	25340	294	199	71109	43	43	63	0	0	0	0	-1	0.000112080
SRR11032736.45024	20306	213	144	1579	0	0	0	0	0	0	0	-1	0.000075960
SRR11032736.45148	25437	251	170	16474	50	50	25	0	0	0	0	-1	0.000107440
SRR11032736.45273	21329	221	150	130388	36	36	29	0	0	0	0	-1	0.000090520
SRR11032736.45461	27050	290	196	67209	86	86	57	0	0	0	0	-1	0.000126361
SRR11032736.45591	21679	250	169	6633	1052	1052	342	2	3	115	1	0	0.000163280
SRR11032736.45676	25343	245	166	72491	92	92	170	0	0	0	0	-1	0.000101361
SRR11032736.45802	24215	243	165	87781	83	83	73	0	0	0	0	-1	0.000113200
SRR11032736.45949	20226	215	146	175189	75	75	27	1	2	115	1	60	0.000116641
SRR11032736.46055	20432	195	132	530	30	30	32	0	0	0	0	-1	0.000079800
SRR11032736.46123	22389	234	158	3284	63	63	73	0	0	0	0	-1	0.000100520
SRR11032736.46204	24576	246	167	101323	118	118	119	1	2	114	1	60	0.000148080
SRR11032736.46384	21440	192	130	102560	29	29	23	0	0	0	0	-1	0.000081120
SRR11032736.46532	21126	146	99	77	0	0	0	0	0	0	0	-1	0.000067360
SRR11032736.46644	26648	271	183	21355	99	99	63	1	2	127	1	60	0.000152080
SRR11032736.46768	21075	203	138	4001	81	81	71	1	0	0	0	-1	0.000115201
SRR11032736.46897	21019	192	130	31712	23	23	26	0	0	0	0	-1	0.000079760
SRR11032736.47100	20033	181	123	899	8	8	16	0	0	0	0	-1	0.000104440
SRR11032736.47254	24883	273	185	36570	110	110	61	1	2	147	1	60	0.000164280
SRR11032736.47446	27276	271	183	70871	55	55	45	0	0	0	0	-1	0.000113440
SRR11032736.47540	27604	259	175	258647	111	111	113	1	2	106	1	60	0.000151561
SRR11032736.47669	20082	211	143	276	2	2	4	0	0	0	0	-1	0.000076760
SRR11032736.47772	21847	197	133	369	0	0	0	0	0	0	0	-1	0.000078200
SRR11032736.47940	21339	215	146	41867	192	192	124	2	3	107	1	0	0.000185121
SRR11032736.48043	21074	187	127	143872	81	81	85	1	2	77	1	60	0.000118281
SRR11032736.48150	26470	274	185	101517	211	211	258	1	2	129	1	60	0.000168401
SRR11032736.48338	20320	201	136	76227	35	35	37	0	0	0	0	-1	0.000092041
SRR11032736.48523	22924	218	148	63930	81	81	47	2	3	98	1	60	0.000148040
SRR11032736.48705	25591	253	171	98067	91	91	47	2	3	119	1	60	0.000144200
SRR11032736.48869	26524	252	171	78345	35	35	49	0	0	0	0	-1	0.000105280
SRR11032736.49100	20377	232	157	232233	109	109	57	1	2	134	1	60	0.000144081
SRR11032736.49188	24263	215	146	5060	8	8	16	0	0	0	0	-1	0.000086720
SRR11032736.49332	22763	217	147	91007	42	42	63	0	0	0	0	-1	0.000092841
SRR11032736.49453	23835	225	152	7182	98	98	27	1	2	135	1	60	0.000121880
SRR11032736.49555	23830	226	153	31185	70	70	41	1	0	0	0	-1	0.000117360
SRR11032736.49763	21989	231	156	3197	34	34	25	0	0	0	0	-1	0.000092040
SRR11032736.49947	22926	215	146	72731	66	66	37	0	0	0	0	-1	0.000116000
SRR11032736.50011	21624	213	144	114021	203	203	169	3	4	107	1	0	0.000191520
SRR11032736.50111	22792	223	151	160	34	34	13	0	0	0	0	-1	0.000089760
SRR11032736.50252	24597	250	169	123333	126	126	60	1	2	125	1	60	0.000140240
SRR11032736.50454	27060	280	190	133299	52	52	31	0	0	0	0	-1	0.000125281
SRR11032736.50707	24677	227	154	70857	61	61	33	0	0	0	0	-1	0.000106081
SRR11032736.50828	21325	203	138	59550	25	25	30	0	0	0	0	-1	0.000081480
SRR11032736.50946	25704	228	154	14276	22	22	25	0	0	0	0	-1	0.000095481
SRR11032736.51125	25994	274	185	95296	45	45	33	0	0	0	0	-1	0.000107360
SRR11032736.51214	26857	274	185	166244	49	49	37	0	0	0	0	-1	0.000129880
SRR11032736.51293	20075	229	155	80796	28	28	19	0	0	0	0	-1	0.000087720
SRR11032736.51392	20317	195	132	2772	0	0	0	0	0	0	0	-1	0.000075040
SRR11032736.51549	23102	250	169	131696	69	69	41	1	2	107	1	60	0.000120201
SRR11032736.51663	26290	223	151	33468	33	33	43	0	0	0	0	-1	0.000094761
SRR11032736.51790	26979	293	198	269264	90	90	41	1	2	139	1	60	0.000154480
SRR11032736.51981	27520	281	190	44137	48	48	25	0	0	0	0	-1	0.000115961
SRR11032736.52116	21866	194	131	52075	44	44	29	0	0	0	0	-1	0.000094480
SRR11032736.52309	25153	242	164	263648	140	140	189	1	2	101	1	60	0.000153920
SRR11032736.52441	21773	213	144	65460	0	0	0	0	0	0	0	-1	0.000077121
SRR11032736.52590	22333	278	188	100858	8477	8477	558	7	4	147	1	0	0.000304720
SRR11032736.52685	23599	263	178	122081	30170	30170	1153	7	3	123	1	0	0.000968162
SRR11032736.52879	24556	238	161	177475	54	54	21	0	0	0	0	-1	0.000129361
SRR11032736.53062	27334	290	196	37973	98	98	49	2	3	139	1	60	0.000164840
SRR11032736.53166	22757	220	149	42509	26	26	19	0	0	0	0	-1	0.000088000
SRR11032736.53341	22034	208	141	1186	14	14	13	0	0	0	0	-1	0.000083920
SRR11032736.53460	20416	203	138	114543	40	40	21	0	0	0	0	-1	0.000086160
SRR11032736.53733	26901	259	175	181412	26	26	45	0	0	0	0	-1	0.000105520
SRR11032736.53873	21344	209	142	134714	34	34	15	0	0	0	0	-1	0.000082080
SRR11032736.54043	26852	274	185	70716	71	71	61	0	0	0	0	-1	0.000123400
SRR11032736.54185	21321	211	143	20270	6	6	12	0	0	0	0	-1	0.000079040
SRR11032736.54360	20613	188	127	98953	106	106	68	2	3	96	1	60	0.000125480
SRR11032736.54459	27554	295	200	170972	73	73	45	0	0	0	0	-1	0.000119640
SRR11032736.54557	24224	242	164	145691	27	27	23	0	0	0	0	-1	0.000095080
SRR11032736.54774	26559	260	176	69176	85	85	29	1	2	140	1	60	0.000135080
SRR11032736.54918	22457	222	150	153926	94	94	103	0	0	0	0	-1	0.000114001
SRR11032736.55108	26361	255	173	272059	120	120	98	1	2	126	1	60	0.000153321
SRR11032736.55206	24666	235	159	102232	81	81	61	1	2	99	1	60	0.000129481
SRR11032736.55378	25912	264	179	100710	71	71	33	1	2	112	1	60	0.000129600
SRR11032736.55510	23501	230	156	77578	52	52	45	0	0	0	0	-1	0.000098480
SRR11032736.55618	20098	218	148	43258	37	37	27	0	0	0	0	-1	0.000084520
SRR11032736.55833	25828	246	167	194873	77	77	75	1	0	0	0	-1	0.000137080
SRR11032736.56012	21762	241	163	2726	40	40	33	0	0	0	0	-1	0.000093721
SRR11032736.56181	23928	255	173	19516	17	17	13	0	0	0	0	-1	0.000096361
SRR11032736.56323	20554	216	146	31464	85	85	39	1	2	120	1	60	0.000118041
SRR11032736.56406	27270	253	171	181835	33	33	30	0	0	0	0	-1	0.000104240
SRR11032736.56501	23296	232	157	26579	23	23	39	0	0	0	0	-1	0.000091281
SRR11032736.56689	24248	245	166	87725	74	74	57	0	0	0	0	-1	0.000110401
SRR11032736.56837	24330	253	171	99677	103	103	99	1	2	113	1	60	0.000158200
SRR11032736.56951	20289	201	136	32282	61	61	47	0	0	0	0	-1	0.000090680
SRR11032736.57126	20454	186	126	118351	54	54	35	1	2	77	1	60	0.000107000
SRR11032736.57312	21222	213	144	237531	81	81	111	0	0	0	0	-1	0.000097240
SRR11032736.57452	26931	267	181	203728	33	33	27	0	0	0	0	-1	0.000105160
SRR11032736.57551	20541	222	150	14805	9	9	18	0	0	0	0	-1	0.000081160
SRR11032736.57682	26805	264	179	92573	128	128	91	1	2	134	1	60	0.000145641
SRR11032736.57903	24560	227	154	53010	43	43	43	0	0	0	0	-1	0.000105080
SRR11032736.58122	27580	290	196	210419	16	16	29	0	0	0	0	-1	0.000110680
SRR11032736.58256	22080	200	136	120858	136	136	161	1	2	95	1	60	0.000132801
SRR11032736.58409	23052	199	135	161907	43	43	27	0	0	0	0	-1	0.000089920
SRR11032736.58476	25446	261	177	59550	38	38	49	0	0	0	0	-1	0.000102720
SRR11032736.58572	20994	236	160	64402	45	45	49	0	0	0	0	-1	0.000119400
SRR11032736.58689	22843	237	160	73429	66	66	41	0	0	0	0	-1	0.000104201
SRR11032736.58799	20668	218	148	82302	11450	11450	775	4	4	111	1	0	0.000270801
SRR11032736.59054	21003	215	146	122537	39	39	31	0	0	0	0	-1	0.000083921
SRR11032736.59198	25600	234	158	8868	0	0	0	0	0	0	0	-1	0.000088680
SRR11032736.59340	24565	241	163	205123	26	26	21	0	0	0	0	-1	0.000095440
SRR11032736.59446	23925	240	163	55983	59	59	29	2	3	102	1	60	0.000149761
SRR11032736.59571	20694	188	127	97243	11	11	9	0	0	0	0	-1	0.000076080
SRR11032736.59743	21374	235	159	20804	0	0	0	0	0	0	0	-1	0.000082400
SRR11032736.59850	24862	213	144	130122	317	317	206	1	2	98	1	60	0.000164641
SRR11032736.60055	24259	231	156	8182	60	60	47	0	0	0	0	-1	0.000101720
SRR11032736.60228	20775	185	125	34875	52	52	49	0	0	0	0	-1	0.000088040
SRR11032736.60326	26545	275	186	199482	74	74	67	0	0	0	0	-1	0.000120720
SRR11032736.60534	23872	227	154	201	0	0	0	0	0	0	0	-1	0.000085440
SRR11032736.60649	26173	248	168	60016	84	84	128	0	0	0	0	-1	0.000114360
SRR11032736.60733	22652	221	150	47409	23	23	29	0	0	0	0	-1	0.000088560
SRR11032736.60826	23189	236	160	80800	518	518	955	0	0	0	0	-1	0.000220840
SRR11032736.60977	21188	205	139	386	22	22	5	0	0	0	0	-1	0.000082880
SRR11032736.61202	20206	210	142	199004	114	114	151	1	2	87	1	60	0.000136520
SRR11032736.61328	26684	257	174	210148	2	2	4	0	0	0	0	-1	0.000098961
SRR11032736.61495	21934	214	145	76518	78	78	56	2	4	96	1	60	0.000145241
SRR11032736.61631	27030	305	206	165615	73	73	114	0	0	0	0	-1	0.000123960
SRR11032736.61797	24140	248	168	293	9	9	18	0	0	0	0	-1	0.000093560
SRR11032736.61996	21623	230	156	107455	76	76	47	1	2	98	1	60	0.000116600
SRR11032736.62153	27770	278	188	97760	182	182	185	0	0	0	0	-1	0.000121280
SRR11032736.62290	20378	188	127	22434	21	21	25	0	0	0	0	-1	0.000077401
SRR11032736.62527	24870	254	172	1105	10	10	20	0	0	0	0	-1	0.000096761
SRR11032736.62746	23656	227	154	1887	57	57	59	0	0	0	0	-1	0.000107040
SRR11032736.62907	20372	212	144	2494	15	15	30	0	0	0	0	-1	0.000079680
SRR11032736.63065	20512	213	144	12325	53	53	39	0	0	0	0	-1	0.000089600
SRR11032736.63191	25191	276	187	7014	58	58	51	0	0	0	0	-1	0.000111440
SRR11032736.63318	20395	203	138	12061	85	85	93	0	0	0	0	-1	0.000114601
SRR11032736.63390	25056	223	151	11142	1218	1218	417	8	3	101	1	0	0.000256201
SRR11032736.63670	20693	209	142	74288	21	21	42	0	0	0	0	-1	0.000079201
SRR11032736.64433	25896	210	142	78619	449	449	586	0	0	0	0	-1	0.000149921
SRR11032736.64557	24991	241	163	18857	120	120	177	0	0	0	0	-1	0.000107760
SRR11032736.64674	22699	214	145	24681	130	130	94	3	0	0	0	-1	0.000173720
SRR11032736.64777	27102	233	158	93132	7784	7784	5197	3	3	115	1	0	0.001094722
SRR11032736.64884	22909	224	152	87914	59	59	118	0	0	0	0	-1	0.000091681
SRR11032736.65031	23499	243	165	44421	23	23	46	0	0	0	0	-1	0.000093240
SRR11032736.65159	23200	217	147	66914	104	104	146	0	0	0	0	-1	0.000101680
SRR11032736.65272	22283	205	139	93	0	0	0	0	0	0	0	-1	0.000077240
SRR11032736.66175	20590	187	127	357	0	0	0	0	0	0	0	-1	0.000072600
SRR11032736.67185	24237	223	151	150	0	0	0	0	0	0	0	-1	0.000084880
SRR11032736.67398	25106	250	169	282	0	0	0	0	0	0	0	-1	0.000091400
SRR11032736.67778	20475	181	123	158	0	0	0	0	0	0	0	-1	0.000073241
SRR11032736.68025	23017	226	153	149	0	0	0	0	0	0	0	-1	0.000084160
SRR11032736.68148	22735	219	148	258	0	0	0	0	0	0	0	-1	0.000080920
SRR11032736.68426	21610	225	152	267	0	0	0	0	0	0	0	-1	0.000081520
SRR11032736.68865	23637	249	169	909	0	0	0	0	0	0	0	-1	0.000087360
SRR11032736.69260	26841	292	198	372	0	0	0	0	0	0	0	-1	0.000099561
SRR11032736.69684	25387	225	152	1085	37	37	74	0	0	0	0	-1	0.000096560
SRR11032736.70078	20981	209	142	213	0	0	0	0	0	0	0	-1	0.000077480
SRR11032736.70588	23105	237	160	258	3	3	6	0	0	0	0	-1	0.000087000
SRR11032736.70862	22154	218	148	183	2	2	4	0	0	0	0	-1	0.000081361
SRR11032736.71150	20281	196	133	154	0	0	0	0	0	0	0	-1	0.000074681
SRR11032736.71434	22710	224	152	196	0	0	0	0	0	0	0	-1	0.000082880
SRR11032736.72090	20033	231	156	720	6	6	12	0	0	0	0	-1	0.000082960
SRR11032736.72848	22758	227	154	368	0	0	0	0	0	0	0	-1	0.000087920
SRR11032736.73051	23675	234	158	150	0	0	0	0	0	0	0	-1	0.000092240
SRR11032736.73540	23717	245	166	343	0	0	0	0	0	0	0	-1	0.000093400
SRR11032736.73748	22832	258	175	256	0	0	0	0	0	0	0	-1	0.000097320
SRR11032736.73880	24320	239	162	185	0	0	0	0	0	0	0	-1	0.000109481
SRR11032758.114	20942	186	126	223618	75	75	63	1	2	78	1	60	0.000111601
SRR11032758.370	20830	208	141	279785	83	83	55	1	2	116	1	60	0.000123560
SRR11032758.537	27242	291	197	179029	161	161	165	2	3	154	1	60	0.000194920
SRR11032758.692	25849	266	180	302239	171	171	167	1	2	153	1	60	0.000168041
SRR11032758.846	24695	217	147	1153	44	44	33	0	0	0	0	-1	0.000097240
SRR11032758.993	23973	246	167	129433	93	93	89	0	0	0	0	-1	0.000119881
SRR11032758.1188	26685	267	181	19773	100	100	36	2	3	140	1	60	0.000164160
SRR11032758.1324	20171	211	143	35735	126	126	107	1	2	121	1	60	0.000136760
SRR11032758.1504	27379	269	182	130433	167	167	163	1	2	158	1	60	0.000185001
SRR11032758.1591	24178	236	160	148155	135	135	159	1	2	107	1	60	0.000149320
SRR11032758.1646	27569	256	173	87326	80	80	45	2	3	116	1	60	0.000170320
SRR11032758.1816	20882	182	123	34042	113	113	77	1	2	114	1	60	0.000114800
SRR11032758.1940	20792	213	144	110693	92	92	61	1	2	113	1	60	0.000118160
SRR11032758.2070	26424	253	171	108728	129	129	99	1	2	135	1	60	0.000150481
SRR11032758.2217	24737	234	158	53695	6315	6315	1089	5	4	95	1	0	0.000297520
SRR11032758.2375	25606	274	185	103316	8625	8625	714	7	4	123	1	0	0.000302080
SRR11032758.2473	20569	214	145	87150	50	50	98	0	0	0	0	-1	0.000083920
SRR11032758.2679	21829	221	150	117248	121	121	81	1	2	132	1	60	0.000136881
SRR11032758.2819	21551	220	149	26242	42	42	63	0	0	0	0	-1	0.000089680
SRR11032758.2918	25205	287	194	36480	102	102	47	1	2	143	1	60	0.000143401
SRR11032758.2989	22550	239	162	81132	98	98	33	1	2	141	1	60	0.000124320
SRR11032758.3154	23846	239	162	6491	57	57	27	1	2	98	1	60	0.000115240
SRR11032758.3260	24584	263	178	26152	90	90	25	1	2	146	1	60	0.000131840
SRR11032758.3339	26941	266	180	156620	92	92	51	2	3	121	1	60	0.000153081
SRR11032758.3430	20999	210	142	69699	66	66	41	1	2	92	1	60	0.000113240
SRR11032758.3633	27844	283	192	158662	111	111	39	1	2	164	1	60	0.000144601
SRR11032758.3775	26850	271	183	51633	99	99	67	1	2	134	1	60	0.000146640
SRR11032758.3908	26307	266	180	72833	139	139	97	1	2	153	1	60	0.000151760
SRR11032758.4120	24685	259	175	76797	87	87	17	1	2	149	1	60	0.000126601
SRR11032758.4309	25263	266	180	50377	102	102	43	1	2	144	1	60	0.000135081
SRR11032758.4463	21457	227	154	142104	138	138	131	1	2	134	1	60	0.000137441
SRR11032758.4622	20751	198	134	72793	59	59	19	1	2	94	1	60	0.000105160
SRR11032758.4738	22638	214	145	148545	66	66	45	1	2	100	1	60	0.000117800
SRR11032758.4856	21623	226	153	258691	122	122	99	1	2	129	1	60	0.000141681
SRR11032758.4974	22064	225	152	143222	216	216	315	1	2	125	1	60	0.000191121
SRR11032758.5102	26561	262	177	128195	118	118	79	1	2	142	1	60	0.000146160
SRR11032758.5319	27538	289	196	138796	76	76	82	0	0	0	0	-1	0.000121080
SRR11032758.5611	24127	239	162	68761	96	96	59	1	2	119	1	60	0.000126720
SRR11032758.5753	27033	257	174	146272	65	65	41	0	0	0	0	-1	0.000115040
SRR11032758.5971	24112	259	175	117674	117	117	55	1	2	155	1	60	0.000143200
SRR11032758.6116	23717	206	140	11376	122	122	197	0	0	0	0	-1	0.000109720
SRR11032758.6248	21715	233	158	64570	82	82	25	1	2	126	1	60	0.000115160
SRR11032758.6364	21279	201	136	275	46	46	39	0	0	0	0	-1	0.000084641
SRR11032758.6533	20032	205	139	50699	79	79	24	2	3	121	1	60	0.000121880
SRR11032758.6743	24842	247	167	687	66	66	37	2	3	103	1	60	0.000133120
SRR11032758.6872	25512	270	183	136055	131	131	105	2	3	145	1	60	0.000165081
SRR11032758.6975	24546	222	150	8576	112	112	57	1	2	130	1	60	0.000135280
SRR11032758.7090	22623	223	151	103860	70	70	35	2	3	106	1	60	0.000142400
SRR11032758.7217	23994	240	163	130217	82	82	39	1	2	120	1	60	0.000147280
SRR11032758.7301	26344	283	192	2045	13	13	26	0	0	0	0	-1	0.000104280
SRR11032758.7379	21322	222	150	81857	69	69	23	1	2	110	1	60	0.000117960
SRR11032758.7499	25460	250	169	82980	107	107	69	1	2	128	1	60	0.000140360
SRR11032758.7722	25543	259	175	89627	98	98	43	1	2	135	1	60	0.000136120
SRR11032758.7763	27955	285	193	19616	102	102	47	1	2	146	1	60	0.000156721
SRR11032758.7903	22356	224	152	41260	113	113	87	1	2	128	1	60	0.000133361
SRR11032758.8072	24549	254	172	78550	133	133	141	1	2	119	1	60	0.000145480
SRR11032758.8212	24481	245	166	248597	105	105	57	1	2	125	1	60	0.000133920
SRR11032758.8361	24074	214	145	31915	82	82	39	1	2	105	1	60	0.000123801
SRR11032758.8548	22604	212	144	105455	71	71	35	1	2	106	1	60	0.000120360
SRR11032758.8670	21316	208	141	131044	59	59	21	2	3	91	1	60	0.000123200
SRR11032758.8848	24856	231	156	79067	91	91	27	1	2	132	1	60	0.000122720
SRR11032758.8901	27541	297	201	52115	80	80	49	1	2	121	1	60	0.000147200
SRR11032758.9082	27208	252	171	102509	67	67	25	1	2	106	1	60	0.000126160
SRR11032758.9234	21630	213	144	55708	89	89	41	1	2	116	1	60	0.000121000
SRR11032758.9321	24787	243	165	1524	96	96	69	1	2	127	1	60	0.000128280
SRR11032758.9437	25490	278	188	111657	43	43	53	0	0	0	0	-1	0.000108480
SRR11032758.9576	23674	269	182	76276	77	77	41	1	2	109	1	60	0.000121520
SRR11032758.9689	26198	237	160	39104	73	73	25	2	3	118	1	60	0.000138681
SRR11032758.9798	24131	261	177	27286	37	37	29	0	0	0	0	-1	0.000109201
SRR11032758.9939	21692	216	146	76353	87	87	15	1	2	125	1	60	0.000118080
SRR11032758.10103	26438	254	172	162565	103	103	61	1	2	136	1	60	0.000135640
SRR11032758.10258	20503	226	153	990	100	100	47	1	2	129	1	60	0.000115680
SRR11032758.10377	23026	241	163	70036	87	87	49	1	2	123	1	60	0.000126160
SRR11032758.10465	25305	235	159	101651	84	84	37	2	3	119	1	60	0.000145960
SRR11032758.10697	20691	214	145	219114	115	115	85	1	2	126	1	60	0.000113920
SRR11032758.10817	26989	267	181	90421	43	43	59	0	0	0	0	-1	0.000111360
SRR11032758.10918	20798	205	139	159690	93	93	45	1	2	114	1	60	0.000119440
SRR11032758.11156	27724	272	184	109163	130	130	73	1	2	148	1	60	0.000174441
SRR11032758.11243	26454	269	182	612	0	0	0	0	0	0	0	-1	0.000098561
SRR11032758.11377	21259	200	136	101749	16	16	18	0	0	0	0	-1	0.000081160
SRR11032758.11500	20581	215	146	48449	103	103	75	1	2	116	1	60	0.000133521
SRR11032758.11730	23064	252	171	555	90	90	23	1	2	142	1	60	0.000125080
SRR11032758.11882	21761	219	148	108230	71	71	57	1	0	0	0	-1	0.000121480
SRR11032758.12023	22039	211	143	30858	79	79	29	1	2	116	1	60	0.000116840
SRR11032758.12170	20525	202	137	152795	76	76	27	1	2	110	1	60	0.000113761
SRR11032758.12274	23603	249	169	32348	106	106	59	1	2	128	1	60	0.000132560
SRR11032758.12379	22739	279	189	67838	108	108	38	2	3	149	1	60	0.000140800
SRR11032758.12491	26302	279	189	53398	0	0	0	0	0	0	0	-1	0.000108320
SRR11032758.12711	27109	259	175	12156	98	98	25	1	2	145	1	60	0.000132721
SRR11032758.12913	23386	227	154	135496	81	81	58	2	3	100	1	60	0.000153001
SRR11032758.12993	23043	240	163	87378	121	121	116	1	2	123	1	60	0.000137640
SRR11032758.13146	26826	279	189	31122	106	106	39	1	2	161	1	60	0.000142520
SRR11032758.13307	21103	235	159	11373	112	112	51	2	3	155	1	60	0.000142800
SRR11032758.13413	25770	252	171	617	12	12	24	0	0	0	0	-1	0.000098321
SRR11032758.13498	25868	245	166	4047	36	36	60	0	0	0	0	-1	0.000105481
SRR11032758.13695	23282	234	158	34063	85	85	49	1	2	113	1	60	0.000125640
SRR11032758.13865	20467	185	125	2600	62	62	43	1	2	87	1	60	0.000118080
SRR11032758.13986	25485	247	167	42062	107	107	53	1	2	141	1	60	0.000136840
SRR11032758.14112	24280	243	165	56974	108	108	55	1	2	144	1	60	0.000131481
SRR11032758.14309	22536	232	157	43050	70	70	35	1	2	106	1	60	0.000115481
SRR11032758.14499	21870	218	148	23102	78	78	67	1	2	90	1	60	0.000126440
SRR11032758.14597	27176	264	179	42259	109	109	48	2	4	142	1	60	0.000181600
SRR11032758.14787	22646	201	136	63632	108	108	65	2	3	111	1	60	0.000136280
SRR11032758.14918	25081	278	188	187468	129	129	73	1	2	163	1	60	0.000152440
SRR11032758.15062	21411	230	156	682	92	92	35	1	2	128	1	60	0.000115840
SRR11032758.15190	20462	227	154	51379	73	73	41	1	2	101	1	60	0.000116481
SRR11032758.15314	26561	250	169	211926	135	135	121	2	3	135	1	60	0.000164601
SRR11032758.15461	23490	233	158	34197	86	86	27	1	2	138	1	60	0.000119881
SRR11032758.15633	21968	198	134	117378	67	67	29	1	2	104	1	60	0.000110201
SRR11032758.15755	23498	256	173	67275	63	63	57	0	0	0	0	-1	0.000108361
SRR11032758.15876	20633	214	145	72244	60	60	39	0	0	0	0	-1	0.000093200
SRR11032758.16070	23901	255	173	25795	119	119	78	1	2	141	1	60	0.000135401
SRR11032758.16143	26203	270	183	202038	115	115	43	2	3	148	1	60	0.000162041
SRR11032758.16305	20010	215	146	39640	69	69	37	1	2	104	1	60	0.000117321
SRR11032758.16413	25105	238	161	132909	98	98	35	2	3	141	1	60	0.000142680
SRR11032758.16577	25329	252	171	78294	87	87	51	1	2	112	1	60	0.000129680
SRR11032758.16727	24460	216	146	207	0	0	0	0	0	0	0	-1	0.000084280
SRR11032758.16839	26141	288	195	27765	96	96	51	1	2	139	1	60	0.000143921
SRR11032758.16940	22452	226	153	50491	102	102	47	1	2	137	1	60	0.000125200
SRR11032758.17115	21858	200	136	4318	82	82	29	1	2	110	1	60	0.000114160
SRR11032758.17268	26620	266	180	154185	82	82	51	1	2	121	1	60	0.000144560
SRR11032758.17368	25346	253	171	138436	107	107	77	1	2	124	1	60	0.000136520
SRR11032758.17454	21461	202	137	262949	156	156	175	2	3	113	1	60	0.000159601
SRR11032758.17627	22110	211	143	179381	130	130	99	1	2	130	1	60	0.000132000
SRR11032758.17828	25646	221	150	10284	99	99	77	1	2	104	1	60	0.000142040
SRR11032758.17920	22802	217	147	20541	85	85	41	1	2	111	1	60	0.000119200
SRR11032758.18030	23581	227	154	215701	81	81	47	2	2	107	1	60	0.000141040
SRR11032758.18111	25665	266	180	18658	79	79	45	1	0	0	0	-1	0.000127561
SRR11032758.18184	22813	217	147	108903	89	89	29	1	2	122	1	60	0.000142440
SRR11032758.18416	27762	280	190	15126	77	77	47	1	0	0	0	-1	0.000137440
SRR11032758.18578	25641	255	173	133998	96	96	69	1	2	120	1	60	0.000137721
SRR11032758.18712	25485	235	159	188517	93	93	29	1	2	134	1	60	0.000128560
SRR11032758.18786	25555	254	172	130239	151	151	141	1	2	136	1	60	0.000155801
SRR11032758.18899	23269	237	160	5478	103	103	37	1	2	148	1	60	0.000121161
SRR11032758.19025	24140	226	153	118010	57	57	21	1	0	0	0	-1	0.000117641
SRR11032758.19077	25698	268	181	2315	64	64	37	0	0	0	0	-1	0.000112480
SRR11032758.19246	21966	233	158	84235	80	80	33	2	3	125	1	60	0.000131960
SRR11032758.19391	23984	216	146	100245	44	44	35	0	0	0	0	-1	0.000094640
SRR11032758.19526	20812	199	135	47260	61	61	43	0	0	0	0	-1	0.000094801
SRR11032758.19683	21545	211	143	15472	54	54	49	0	0	0	0	-1	0.000089800
SRR11032758.19796	23694	254	172	76596	102	102	27	1	2	154	1	60	0.000126680
SRR11032758.19928	20539	196	133	141540	56	56	17	1	2	95	1	60	0.000106441
SRR11032758.20132	25811	275	186	46125	107	107	47	1	2	155	1	60	0.000139560
SRR11032758.20302	21863	213	144	173211	92	92	77	1	2	99	1	60	0.000132680
SRR11032758.20423	25395	265	179	61334	1782	1782	792	0	0	0	0	-1	0.000172480
SRR11032758.20568	23836	192	130	1875	22	22	40	0	0	0	0	-1	0.000084720
SRR11032758.20666	27717	270	183	85900	81	81	55	1	2	111	1	60	0.000175041
SRR11032758.20886	23580	245	166	63135	125	125	85	1	2	140	1	60	0.000136160
SRR11032758.21025	27207	275	186	126788	142	142	111	1	2	161	1	60	0.000152560
SRR11032758.21168	22965	230	156	8346	84	84	47	1	2	118	1	60	0.000122040
SRR11032758.21319	23321	228	154	24631	83	83	37	1	2	121	1	60	0.000122040
SRR11032758.21424	23686	254	172	190376	113	113	93	1	2	126	1	60	0.000159080
SRR11032758.21505	20609	232	157	68603	93	93	47	2	3	118	1	60	0.000131600
SRR11032758.21644	21937	205	139	152456	174	174	221	1	2	103	1	60	0.000154921
SRR11032758.21745	26148	249	169	79320	105	105	45	1	2	135	1	60	0.000135081
SRR11032758.21908	27133	259	175	124576	120	120	65	1	2	146	1	60	0.000145120
SRR11032758.22051	26958	268	181	18536	45	45	65	0	0	0	0	-1	0.000117080
SRR11032758.22275	22168	245	166	117571	62	62	47	0	0	0	0	-1	0.000101640
SRR11032758.22348	26362	248	168	130821	76	76	23	1	2	126	1	60	0.000131000
SRR11032758.22472	24543	232	157	1281	55	55	41	0	0	0	0	-1	0.000105000
SRR11032758.22536	25355	244	165	10350	21	21	13	0	0	0	0	-1	0.000102040
SRR11032758.22659	23098	228	154	295648	161	161	188	1	2	109	1	60	0.000150761
SRR11032758.22760	22563	240	163	4606	102	102	47	1	2	136	1	60	0.000124160
SRR11032758.22927	25516	259	175	19814	100	100	21	2	3	151	1	60	0.000148880
SRR11032758.23112	21742	203	138	109050	101	101	77	1	2	94	1	60	0.000129000
SRR11032758.23277	21960	219	148	96580	68	68	29	1	2	106	1	60	0.000121000
SRR11032758.23384	27740	280	190	48332	97	97	39	2	3	147	1	60	0.000154640
SRR11032758.23491	20322	226	153	131	0	0	0	0	0	0	0	-1	0.000082520
SRR11032758.23604	26306	285	193	5492	98	98	53	1	2	137	1	60	0.000141640
SRR11032758.23681	27114	286	194	86369	4007	4007	687	0	0	0	0	-1	0.000178401
SRR11032758.23805	20556	216	146	10929	104	104	39	1	2	140	1	60	0.000118360
SRR11032758.24006	24195	257	174	41444	106	106	67	1	2	136	1	60	0.000139280
SRR11032758.24150	26240	251	170	26261	50	50	37	0	0	0	0	-1	0.000109241
SRR11032758.24273	27622	273	185	82356	100	100	50	2	3	130	1	60	0.000163120
SRR11032758.24362	21764	221	150	274642	93	93	71	1	2	113	1	60	0.000135561
SRR11032758.24517	27869	267	181	7178	122	122	75	1	2	152	1	60	0.000143601
SRR11032758.24672	25442	252	171	6756	84	84	41	2	3	119	1	60	0.000136680
SRR11032758.24859	20168	185	125	41646	67	67	65	0	0	0	0	-1	0.000089520
SRR11032758.24977	20426	208	141	2637	87	87	51	1	2	110	1	60	0.000116320
SRR11032758.25153	24729	255	173	118938	129	129	75	1	2	158	1	60	0.000143081
SRR11032758.25280	21398	243	165	29963	13	13	15	0	0	0	0	-1	0.000090360
SRR11032758.25424	20982	205	139	160274	76	76	57	1	2	94	1	60	0.000125600
SRR11032758.25582	23129	220	149	80759	47	47	33	0	0	0	0	-1	0.000095360
SRR11032758.25688	27482	257	174	161847	124	124	107	1	2	111	1	60	0.000170600
SRR11032758.25792	22751	230	156	369	54	54	31	2	3	95	1	60	0.000123640
SRR11032758.25871	21243	214	145	75264	88	88	79	1	2	89	1	60	0.000127680
SRR11032758.26025	27680	291	197	30459	112	112	85	1	2	129	1	60	0.000156521
SRR11032758.26108	25431	297	201	55435	6	6	10	0	0	0	0	-1	0.000102321
SRR11032758.26204	20477	236	160	20406	1238	1238	751	2	3	100	1	0	0.000197480
SRR11032758.26328	21313	202	137	44705	94	94	55	2	3	108	1	60	0.000130640
SRR11032758.26417	20119	190	129	68972	44	44	55	0	0	0	0	-1	0.000082320
SRR11032758.26599	23331	207	140	133482	95	95	85	1	2	101	1	60	0.000129880
SRR11032758.26694	20374	209	142	10874	76	76	31	1	2	111	1	60	0.000108920
SRR11032758.26800	21522	195	132	7173	77	77	29	1	2	106	1	60	0.000111401
SRR11032758.26925	20618	205	139	19594	66	66	35	1	2	99	1	60	0.000108720
SRR11032758.27024	20960	222	150	11831	71	71	71	0	0	0	0	-1	0.000116760
SRR11032758.27193	27139	249	169	130668	72	72	41	1	2	104	1	60	0.000134040
SRR11032758.27279	21254	199	135	394	59	59	27	1	2	84	1	60	0.000105200
SRR11032758.27436	25678	220	149	48753	119	119	53	1	2	129	1	60	0.000146480
SRR11032758.27492	20007	224	152	102489	68	68	116	0	0	0	0	-1	0.000096000
SRR11032758.27694	22899	267	181	18777	62	62	46	0	0	0	0	-1	0.000108680
SRR11032758.27793	20986	225	152	84647	51	51	25	0	0	0	0	-1	0.000115960
SRR11032758.28008	24710	267	181	98518	45	45	25	0	0	0	0	-1	0.000105640
SRR11032758.28231	20899	231	156	690	0	0	0	0	0	0	0	-1	0.000084680
SRR11032758.28376	23378	233	158	9536	68	68	59	0	0	0	0	-1	0.000114160
SRR11032758.28505	27215	279	189	15176	90	90	37	1	2	140	1	60	0.000140921
SRR11032758.28672	26453	269	182	11613	99	99	19	2	3	161	1	60	0.000166840
SRR11032758.28817	20983	240	163	69430	6734	6734	848	5	0	0	0	-1	0.000261160
SRR11032758.28935	21649	225	152	118	0	0	0	0	0	0	0	-1	0.000083441
SRR11032758.29113	26300	264	179	146546	116	116	49	1	2	153	1	60	0.000136120
SRR11032758.29232	25855	245	166	218005	84	84	25	1	2	125	1	60	0.000134520
SRR11032758.29486	21280	184	125	438	59	59	21	1	2	86	1	60	0.000100720
SRR11032758.29618	24064	262	177	11258	58	58	37	0	0	0	0	-1	0.000109640
SRR11032758.29710	23300	216	146	127141	89	89	57	1	2	114	1	60	0.000138241
SRR11032758.29817	23690	250	169	11064	80	80	35	1	2	125	1	60	0.000121481
SRR11032758.29919	25428	249	169	107682	53	53	38	0	0	0	0	-1	0.000108360
SRR11032758.30016	23913	247	167	44927	53	53	25	1	2	105	1	60	0.000124480
SRR11032758.30138	22511	220	149	57462	110	110	33	2	3	142	1	60	0.000170440
SRR11032758.30301	23656	205	139	936	83	83	33	1	2	111	1	60	0.000121320
SRR11032758.30396	23268	252	171	123549	92	92	43	1	2	133	1	60	0.000127960
SRR11032758.30595	26012	232	157	166	0	0	0	0	0	0	0	-1	0.000093081
SRR11032758.30729	26229	282	191	227378	148	148	121	1	2	163	1	60	0.000166121
SRR11032758.30813	21319	212	144	674	21	21	19	0	0	0	0	-1	0.000084280
SRR11032758.30938	22533	209	142	29295	2	2	4	0	0	0	0	-1	0.000081360
SRR11032758.31103	22234	218	148	266	58	58	17	1	2	110	1	60	0.000116881
SRR11032758.31274	21796	223	151	85422	112	112	59	2	3	130	1	60	0.000148401
SRR11032758.31413	27930	282	191	99466	137	137	73	1	2	167	1	60	0.000154841
SRR11032758.31513	25153	262	177	67389	152	152	83	1	2	184	1	60	0.000148800
SRR11032758.31759	27084	268	181	50224	49	49	41	0	0	0	0	-1	0.000110920
SRR11032758.31963	26071	282	191	57776	129	129	51	2	3	168	1	60	0.000166321
SRR11032758.32082	24310	235	159	149603	106	106	69	1	2	131	1	60	0.000138640
SRR11032758.32213	22299	229	155	49649	51	51	27	0	0	0	0	-1	0.000101120
SRR11032758.32309	27619	262	177	157689	147	147	113	1	2	152	1	60	0.000161001
SRR11032758.32558	22513	194	131	117205	35	35	33	0	0	0	0	-1	0.000085440
SRR11032758.32690	23063	236	160	9673	86	86	31	1	2	123	1	60	0.000123360
SRR11032758.32780	23580	236	160	40121	44	44	17	1	0	0	0	-1	0.000113080
SRR11032758.32949	24111	240	163	94832	79	79	23	1	2	122	1	60	0.000124600
SRR11032758.33089	23782	278	188	119971	101	101	28	2	3	153	1	60	0.000152561
SRR11032758.33199	25705	248	168	13778	103	103	61	1	2	135	1	60	0.000135481
SRR11032758.33298	25118	228	154	462	10	10	20	0	0	0	0	-1	0.000094240
SRR11032758.33458	22390	218	148	10446	107	107	69	1	2	124	1	60	0.000138320
SRR11032758.33586	26047	276	187	53795	0	0	0	0	0	0	0	-1	0.000097840
SRR11032758.33748	20822	218	148	28871	382	382	312	0	0	0	0	-1	0.000107960
SRR11032758.33881	26558	284	192	106957	46	46	30	0	0	0	0	-1	0.000112320
SRR11032758.34076	23712	228	154	183858	115	115	52	2	3	129	1	60	0.000145120
SRR11032758.34209	21728	239	162	28185	115	115	73	1	2	135	1	60	0.000128560
SRR11032758.34356	22998	195	132	121074	20	20	21	0	0	0	0	-1	0.000083240
SRR11032758.34456	25223	252	171	97505	114	114	49	1	2	152	1	60	0.000137721
SRR11032758.34598	24302	223	151	21791	125	125	98	1	2	118	1	60	0.000133801
SRR11032758.34709	21616	209	142	15836	71	71	27	1	2	107	1	60	0.000115200
SRR11032758.34821	24905	257	174	1190	93	93	43	1	2	120	1	60	0.000121361
SRR11032758.34968	23065	210	142	873	63	63	35	1	2	99	1	60	0.000113041
SRR11032758.35102	22170	212	144	298561	94	94	77	1	2	109	1	60	0.000128960
SRR11032758.35221	27841	318	215	83270	134	134	51	1	2	191	1	60	0.000161240
SRR11032758.35390	20998	225	152	264807	111	111	75	1	2	127	1	60	0.000134680
SRR11032758.35619	22744	238	161	19954	59	59	57	0	0	0	0	-1	0.000104161
SRR11032758.35787	27577	240	163	197798	101	101	95	1	2	100	1	60	0.000141520
SRR11032758.35877	21432	309	209	76331	25927	25927	921	91	7	227	1	0	0.001850484
SRR11032758.36014	20799	211	143	84659	89	89	87	1	2	88	1	60	0.000122120
SRR11032758.36141	20942	215	146	250850	105	105	75	1	2	125	1	60	0.000134640
SRR11032758.36234	26381	244	165	188773	94	94	49	1	2	128	1	60	0.000134880
SRR11032758.36352	20653	211	143	20710	65	65	63	0	0	0	0	-1	0.000095160
SRR11032758.36479	27115	265	179	61730	110	110	51	2	3	154	1	60	0.000155401
SRR11032758.36600	27892	288	195	41100	142	142	97	1	2	162	1	60	0.000156880
SRR11032758.36704	26747	281	190	24799	71	71	73	0	0	0	0	-1	0.000118000
SRR11032758.36800	20941	196	133	121584	70	70	37	1	2	96	1	60	0.000115481
SRR11032758.36994	23130	212	144	6676	85	85	35	1	2	119	1	60	0.000123280
SRR11032758.37150	25290	256	173	57230	59	59	37	0	0	0	0	-1	0.000110960
SRR11032758.37277	24258	222	150	210004	94	94	91	1	2	104	1	60	0.000150480
SRR11032758.37346	21494	209	142	236530	85	85	93	1	2	84	1	60	0.000126400
SRR11032758.37536	22102	213	144	113978	87	87	42	2	3	118	1	60	0.000147520
SRR11032758.37673	20695	159	108	76479	14494	14494	1322	5	5	69	1	0	0.000373361
SRR11032758.37839	26382	272	184	125580	91	91	39	2	3	131	1	60	0.000158841
SRR11032758.37928	25369	234	158	163776	141	141	123	1	2	121	1	60	0.000150600
SRR11032758.37998	21202	218	148	127259	106	106	69	1	2	112	1	60	0.000129040
SRR11032758.38165	26727	259	175	188049	224	224	315	2	3	119	1	60	0.000193320
SRR11032758.38379	20247	226	153	96123	96	96	82	2	3	108	1	60	0.000136720
SRR11032758.38534	26836	261	177	49001	53	53	65	0	0	0	0	-1	0.000109680
SRR11032758.38704	21461	214	145	10235	99	99	51	1	2	124	1	60	0.000123440
SRR11032758.38842	22698	239	162	119010	94	94	56	2	3	125	1	60	0.000140320
SRR11032758.38973	26821	269	182	77309	137	137	79	2	3	169	1	60	0.000178480
SRR11032758.39085	22289	228	154	55346	85	85	53	1	2	118	1	60	0.000128321
SRR11032758.39155	27806	264	179	12146	127	127	75	1	2	147	1	60	0.000151920
SRR11032758.39282	25458	262	177	72965	64	64	42	0	0	0	0	-1	0.000110400
SRR11032758.39394	26766	237	160	52612	69	69	29	1	2	98	1	60	0.000126600
SRR11032758.39517	27865	272	184	2405	81	81	39	1	2	125	1	60	0.000138320
SRR11032758.39653	22986	218	148	149585	81	81	20	2	3	121	1	60	0.000142160
SRR11032758.39813	24261	250	169	238778	136	136	139	1	2	133	1	60	0.000146040
SRR11032758.39961	27416	275	186	83941	100	100	59	1	2	124	1	60	0.000146361
SRR11032758.40010	20261	204	138	38007	35	35	48	0	0	0	0	-1	0.000083880
SRR11032758.40088	22669	205	139	11239	55	55	47	0	0	0	0	-1	0.000094960
SRR11032758.40243	26602	268	181	53632	112	112	65	1	2	146	1	60	0.000143640
SRR11032758.40395	21598	217	147	97893	98	98	95	1	2	100	1	60	0.000154000
SRR11032758.40479	22750	245	166	95120	108	108	59	1	2	139	1	60	0.000126921
SRR11032758.40602	25655	243	165	83974	104	104	51	1	2	130	1	60	0.000151441
SRR11032758.40879	24399	251	170	1148	72	72	37	1	2	108	1	60	0.000127160
SRR11032758.41018	20657	209	142	2699	62	62	37	1	2	93	1	60	0.000110560
SRR11032758.41150	23645	229	155	12784	41	41	40	0	0	0	0	-1	0.000105520
SRR11032758.41275	22724	226	153	169712	241	241	152	1	2	145	1	60	0.000152320
SRR11032758.41350	25337	263	178	989	44	44	41	0	0	0	0	-1	0.000112600
SRR11032758.41454	27031	272	184	58247	91	91	45	1	2	141	1	60	0.000139881
SRR11032758.41568	20321	207	140	107452	73	73	65	0	0	0	0	-1	0.000096880
SRR11032758.41729	23018	224	152	177895	136	136	141	2	3	116	1	60	0.000171160
SRR11032758.41918	20085	216	146	45972	76	76	41	2	3	108	1	60	0.000129080
SRR11032758.42039	20942	192	130	13882	67	67	21	1	2	103	1	60	0.000106200
SRR11032758.42174	22208	235	159	36857	77	77	27	2	3	113	1	60	0.000132081
SRR11032758.42344	26600	255	173	256588	147	147	119	1	2	153	1	60	0.000154001
SRR11032758.42505	21150	232	157	136176	90	90	65	1	2	107	1	60	0.000126440
SRR11032758.42598	26449	242	164	128931	92	92	43	2	3	123	1	60	0.000143001
SRR11032758.42751	23185	226	153	42078	90	90	31	1	2	115	1	60	0.000121121
SRR11032758.42933	22013	198	134	88799	76	76	39	1	2	99	1	60	0.000114280
SRR11032758.43068	20192	213	144	117170	171	171	106	1	2	124	1	60	0.000140800
SRR11032758.43196	27725	314	212	120688	23307	23307	1116	24	6	137	1	0	0.001229162
SRR11032758.43349	25704	252	171	131226	127	127	51	1	2	168	1	60	0.000147321
SRR11032758.43466	24384	242	164	2125	55	55	37	0	0	0	0	-1	0.000108320
SRR11032758.43604	25015	263	178	101914	61	61	57	0	0	0	0	-1	0.000113240
SRR11032758.43694	21861	222	150	153769	67	67	29	2	3	96	1	60	0.000147040
SRR11032758.43814	26386	292	198	283061	175	175	167	1	2	157	1	60	0.000182961
SRR11032758.43959	26168	257	174	5665	60	60	27	1	2	106	1	60	0.000127881
SRR11032758.44108	23200	240	163	164626	100	100	46	2	3	145	1	60	0.000144680
SRR11032758.44175	20690	212	144	95885	58	58	17	1	2	96	1	60	0.000117720
SRR11032758.44295	20648	240	163	137638	171	171	88	1	2	132	1	60	0.000144480
SRR11032758.44457	20503	222	150	38593	3439	3439	693	0	0	0	0	-1	0.000175960
SRR11032758.44573	27049	274	185	149533	78	78	39	1	2	126	1	60	0.000159401
SRR11032758.44695	27594	238	161	205679	158	158	188	2	3	111	1	60	0.000169360
SRR11032758.44804	20325	190	129	32779	0	0	0	0	0	0	0	-1	0.000073000
SRR11032758.45038	24037	236	160	225488	107	107	71	1	2	127	1	60	0.000131360
SRR11032758.45163	23837	237	160	164572	79	79	29	1	2	116	1	60	0.000124840
SRR11032758.45268	27636	284	192	23602	50	50	29	0	0	0	0	-1	0.000114601
SRR11032758.45438	27640	275	186	204348	88	88	67	1	2	114	1	60	0.000153240
SRR11032758.45560	27958	301	204	40351	104	104	50	2	3	156	1	60	0.000171920
SRR11032758.45673	25176	273	185	174477	92	92	49	1	2	129	1	60	0.000186800
SRR11032758.45803	22646	222	150	10560	53	53	35	1	2	91	1	60	0.000125160
SRR11032758.45980	24370	214	145	106077	99	99	59	2	3	118	1	60	0.000158521
SRR11032758.46091	23084	236	160	19203	0	0	0	0	0	0	0	-1	0.000088681
SRR11032758.46232	24225	220	149	77477	68	68	21	1	2	117	1	60	0.000123200
SRR11032758.46302	26407	261	177	143284	110	110	55	2	3	151	1	60	0.000153920
SRR11032758.46403	23087	221	150	90490	98	98	43	1	2	131	1	60	0.000126840
SRR11032758.46515	22603	212	144	220023	154	154	146	1	2	135	1	60	0.000140360
SRR11032758.46590	24944	242	164	40878	119	119	73	1	2	140	1	60	0.000133440
SRR11032758.46860	23237	277	187	242511	76	76	33	1	2	130	1	60	0.000139680
SRR11032758.46984	21104	185	125	181376	119	119	109	2	4	111	1	60	0.000132080
SRR11032758.47103	21576	198	134	48261	66	66	33	1	2	102	1	60	0.000110160
SRR11032758.47256	22854	239	162	189	0	0	0	0	0	0	0	-1	0.000088040
SRR11032758.47349	20462	199	135	246925	99	99	91	1	2	96	1	60	0.000119321
SRR11032758.47410	25714	256	173	27133	80	80	33	1	2	122	1	60	0.000133841
SRR11032758.47523	23935	233	158	102272	89	89	29	1	2	133	1	60	0.000127401
SRR11032758.47626	22311	209	142	185091	92	92	45	1	2	122	1	60	0.000117000
SRR11032758.47765	26916	254	172	5115	102	102	41	2	3	143	1	60	0.000174080
SRR11032758.47978	25297	251	170	104861	95	95	59	1	2	113	1	60	0.000139560
SRR11032758.48061	26966	264	179	90137	95	95	29	1	2	148	1	60	0.000134801
SRR11032758.48247	25505	257	174	117460	50	50	33	0	0	0	0	-1	0.000129480
SRR11032758.48385	25719	263	178	702	98	98	43	1	2	143	1	60	0.000134601
SRR11032758.48524	24198	234	158	495	16	16	32	0	0	0	0	-1	0.000094081
SRR11032758.48646	21217	201	136	1818	33	33	51	0	0	0	0	-1	0.000087080
SRR11032758.48740	22282	232	157	21709	27	27	11	0	0	0	0	-1	0.000093560
SRR11032758.48887	25470	267	181	24144	649	649	817	0	0	0	0	-1	0.000204121
SRR11032758.49022	26418	278	188	225580	276	276	154	1	2	176	1	60	0.000169721
SRR11032758.49193	24413	258	175	1718	13	13	26	0	0	0	0	-1	0.000109600
SRR11032758.49322	26086	250	169	86497	108	108	53	1	2	132	1	60	0.000139000
SRR11032758.49475	22565	211	143	99837	80	80	39	2	3	111	1	60	0.000137280
SRR11032758.49609	25397	286	194	3556	174	174	246	0	0	0	0	-1	0.000136920
SRR11032758.49853	20993	182	123	89878	42809	42809	7494	4	4	126	1	0	0.001363603
SRR11032758.49918	22126	185	125	95542	4068	4068	4305	2	3	75	1	60	0.000971362
SRR11032758.50112	27133	250	169	146375	88	88	51	1	2	119	1	60	0.000142761
SRR11032758.50309	22691	234	158	102456	49	49	42	0	0	0	0	-1	0.000099360
SRR11032758.50435	21006	198	134	111692	49	49	37	0	0	0	0	-1	0.000090800
SRR11032758.50547	23228	245	166	15326	101	101	29	2	3	154	1	60	0.000150280
SRR11032758.50640	20432	220	149	119625	71	71	35	1	2	105	1	60	0.000121520
SRR11032758.50776	22272	199	135	276	69	69	13	1	2	119	1	60	0.000128200
SRR11032758.50883	20761	234	158	137287	13	13	18	0	0	0	0	-1	0.000087480
SRR11032758.50988	27627	272	184	120839	163	163	181	2	3	130	1	60	0.000208881
SRR11032758.51073	25232	247	167	247251	238	238	295	1	2	153	1	60	0.000171240
SRR11032758.51328	22600	221	150	212620	125	125	177	0	0	0	0	-1	0.000121241
SRR11032758.51447	23491	228	154	6609	67	67	17	1	2	123	1	60	0.000115961
SRR11032758.51578	20944	227	154	144650	53	53	48	0	0	0	0	-1	0.000113240
SRR11032758.51676	27816	282	191	1102	0	0	0	0	0	0	0	-1	0.000103960
SRR11032758.51810	21021	191	129	93855	43	43	53	0	0	0	0	-1	0.000086320
SRR11032758.52021	26026	242	164	1185	196	196	121	2	3	136	1	60	0.000149240
SRR11032758.52188	25485	263	178	133366	438	438	857	0	0	0	0	-1	0.000229320
SRR11032758.52763	26792	264	179	47006	167	167	231	0	0	0	0	-1	0.000134440
SRR11032758.52911	21785	236	160	48461	28	28	56	0	0	0	0	-1	0.000093921
SRR11032758.53064	21389	249	169	86320	42	42	84	0	0	0	0	-1	0.000088840
SRR11032758.53218	22949	229	155	5585	683	683	318	2	3	116	1	0	0.000187961
SRR11032758.53310	21936	221	150	85815	584	584	379	3	3	130	1	0	0.000252681
SRR11032758.53805	25546	261	177	371	0	0	0	0	0	0	0	-1	0.000106961
SRR11032758.55273	24529	274	185	321	0	0	0	0	0	0	0	-1	0.000118880
SRR11032758.56623	23395	209	142	75	0	0	0	0	0	0	0	-1	0.000083520
SRR11032758.57523	21880	229	155	135	0	0	0	0	0	0	0	-1	0.000086321
SRR11032758.58664	25109	235	159	44	0	0	0	0	0	0	0	-1	0.000090640
SRR11032758.60226	27126	253	171	327	17	17	34	0	0	0	0	-1	0.000103080
SRR11032758.61850	20073	192	130	4594	0	0	0	0	0	0	0	-1	0.000072200
SRR11032758.62855	22407	213	144	5383	214	214	426	0	0	0	0	-1	0.000133041
SRR11032758.64476	21978	222	150	240	0	0	0	0	0	0	0	-1	0.000081760
SRR11032758.65806	21790	202	137	214	0	0	0	0	0	0	0	-1	0.000077280
SRR11032758.67167	22051	243	165	228	0	0	0	0	0	0	0	-1	0.000085800
SRR11032758.68298	25490	259	175	552	5	5	10	0	0	0	0	-1	0.000097401
SRR11032758.69245	26332	279	189	224	0	0	0	0	0	0	0	-1	0.000100320
SRR11032758.70288	20487	202	137	156	0	0	0	0	0	0	0	-1	0.000075240
SRR11032758.71646	22311	235	159	947	32	32	64	0	0	0	0	-1	0.000095960
SRR11032758.73403	22649	238	161	313	0	0	0	0	0	0	0	-1	0.000086961
SRR11032720.93	23940	248	168	68142	0	0	0	0	0	0	0	-1	0.000092240
SRR11032720.249	26990	288	195	292930	79	79	45	2	3	122	1	60	0.000165280
SRR11032720.428	27476	276	187	473	0	0	0	0	0	0	0	-1	0.000101480
SRR11032720.556	22627	214	145	81542	0	0	0	0	0	0	0	-1	0.000089000
SRR11032720.683	24473	259	175	229270	98	98	97	0	0	0	0	-1	0.000134520
SRR11032720.819	20294	210	142	280981	99	99	87	1	2	105	1	60	0.000128840
SRR11032720.900	21675	200	136	116289	85	85	75	2	3	89	1	60	0.000134760
SRR11032720.1039	20143	192	130	283	5	5	10	0	0	0	0	-1	0.000083880
SRR11032720.1181	23755	227	154	96279	51	51	35	1	0	0	0	-1	0.000118361
SRR11032720.1301	24990	269	182	94706	114	114	75	1	2	133	1	60	0.000139400
SRR11032720.1404	23604	239	162	124337	57	57	45	0	0	0	0	-1	0.000101480
SRR11032720.1523	20119	196	133	22991	56	56	38	0	0	0	0	-1	0.000092201
SRR11032720.1637	21198	201	136	112128	105	105	135	0	0	0	0	-1	0.000100560
SRR11032720.1734	26120	268	181	92060	15324	15324	1499	15	7	138	1	0	0.000514881
SRR11032720.1907	26967	178	121	86200	15176	15176	1734	27	5	76	1	0	0.000667961
SRR11032720.2020	24674	271	183	221263	48	48	51	0	0	0	0	-1	0.000103760
SRR11032720.2134	22069	241	163	239346	74	74	45	1	2	109	1	60	0.000124200
SRR11032720.2238	20928	201	136	210120	79	79	59	1	2	91	1	60	0.000136200
SRR11032720.2353	21564	239	162	22079	71	71	75	0	0	0	0	-1	0.000105120
SRR11032720.2443	20872	206	140	99857	73	73	27	1	2	112	1	60	0.000113480
SRR11032720.2615	22878	235	159	64017	44	44	33	0	0	0	0	-1	0.000095001
SRR11032720.2831	21815	226	153	41128	65	65	51	0	0	0	0	-1	0.000102641
SRR11032720.3004	23295	218	148	3845	76	76	25	1	2	113	1	60	0.000122680
SRR11032720.3160	23459	233	158	22595	82	82	25	1	2	120	1	60	0.000118960
SRR11032720.3267	27938	297	201	28217	0	0	0	0	0	0	0	-1	0.000105600
SRR11032720.3405	26399	280	190	53980	4	4	6	0	0	0	0	-1	0.000106360
SRR11032720.3577	21732	234	158	1185	0	0	0	0	0	0	0	-1	0.000084760
SRR11032720.3747	20266	160	109	72327	23	23	21	0	0	0	0	-1	0.000072761
SRR11032720.3901	27514	294	199	34130	51	51	33	0	0	0	0	-1	0.000143241
SRR11032720.3999	24514	244	165	80145	81	81	33	1	2	125	1	60	0.000130121
SRR11032720.4127	27124	281	190	214178	93	93	45	2	3	127	1	60	0.000159361
SRR11032720.4196	23230	260	176	97988	70	70	33	2	3	109	1	60	0.000153241
SRR11032720.4278	24410	241	163	57952	72	72	41	1	2	103	1	60	0.000128000
SRR11032720.4343	20603	200	136	111974	99	99	94	2	3	96	1	60	0.000140121
SRR11032720.4556	22542	220	149	55882	21	21	29	0	0	0	0	-1	0.000086360
SRR11032720.4668	25725	251	170	106581	44	44	31	0	0	0	0	-1	0.000111520
SRR11032720.4797	27094	273	185	2064	85	85	55	1	2	112	1	60	0.000144241
SRR11032720.4904	20026	206	140	14597	31	31	62	0	0	0	0	-1	0.000082720
SRR11032720.5162	24873	226	153	215418	76	76	35	1	2	115	1	60	0.000125440
SRR11032720.5276	20364	202	137	9775	46	46	47	0	0	0	0	-1	0.000086200
SRR11032720.5438	26486	248	168	97471	105	105	31	1	2	158	1	60	0.000137320
SRR11032720.5569	20237	201	136	15814	27	27	35	0	0	0	0	-1	0.000080520
SRR11032720.5679	24080	240	163	80929	82	82	33	1	2	126	1	60	0.000132640
SRR11032720.5751	21411	222	150	19816	52	52	69	0	0	0	0	-1	0.000092121
SRR11032720.5867	20503	206	140	5344	60	60	31	1	2	83	1	60	0.000114680
SRR11032720.5965	22111	220	149	137	0	0	0	0	0	0	0	-1	0.000079801
SRR11032720.6047	21539	241	163	573	30	30	46	0	0	0	0	-1	0.000094920
SRR11032720.6169	22663	235	159	63866	90	90	53	2	3	115	1	60	0.000139120
SRR11032720.6296	25375	277	187	26878	0	0	0	0	0	0	0	-1	0.000098080
SRR11032720.6420	24562	228	154	57204	91	91	59	1	2	123	1	60	0.000130560
SRR11032720.6520	26867	262	177	23540	39	39	53	0	0	0	0	-1	0.000107521
SRR11032720.6667	22645	214	145	34033	84	84	31	1	2	118	1	60	0.000126721
SRR11032720.6880	20039	205	139	298	0	0	0	0	0	0	0	-1	0.000077120
SRR11032720.6990	20683	196	133	2981	7	7	12	0	0	0	0	-1	0.000076240
SRR11032720.7073	26747	250	169	96082	32	32	29	0	0	0	0	-1	0.000102480
SRR11032720.7182	20052	201	136	7762	24	24	45	0	0	0	0	-1	0.000080840
SRR11032720.7381	26487	263	178	13037	95	95	25	1	2	148	1	60	0.000141320
SRR11032720.7534	24879	229	155	38477	92	92	65	2	3	110	1	60	0.000143520
SRR11032720.7714	20066	191	129	59087	62	62	25	1	2	85	1	60	0.000105160
SRR11032720.7816	22807	218	148	110181	83	83	61	1	2	108	1	60	0.000133200
SRR11032720.7925	27605	265	179	50151	85	85	35	1	2	132	1	60	0.000138401
SRR11032720.8067	23910	241	163	688	50	50	35	0	0	0	0	-1	0.000100320
SRR11032720.8200	26222	271	183	1613	0	0	0	0	0	0	0	-1	0.000099440
SRR11032720.8351	23760	231	156	4692	2	2	4	0	0	0	0	-1	0.000088601
SRR11032720.8547	22912	243	165	194	1	1	2	0	0	0	0	-1	0.000088481
SRR11032720.8646	20382	208	141	123	0	0	0	0	0	0	0	-1	0.000076640
SRR11032720.8731	22281	220	149	78622	93	93	75	1	2	112	1	60	0.000162960
SRR11032720.8815	22444	206	140	1445	0	0	0	0	0	0	0	-1	0.000081121
SRR11032720.8952	21206	218	148	718	0	0	0	0	0	0	0	-1	0.000081240
SRR11032720.9060	22953	247	167	56272	128	128	71	1	2	156	1	60	0.000140681
SRR11032720.9238	23358	235	159	7634	101	101	65	1	2	116	1	60	0.000129161
SRR11032720.9426	24634	239	162	23081	56	56	37	0	0	0	0	-1	0.000107761
SRR11032720.9537	27183	291	197	20403	62	62	80	0	0	0	0	-1	0.000117201
SRR11032720.9593	22997	247	167	2095	27	27	35	0	0	0	0	-1	0.000094840
SRR11032720.9698	21904	228	154	124952	85	85	39	2	2	122	1	60	0.000152201
SRR11032720.9832	26650	239	162	25285	90	90	49	1	2	107	1	60	0.000131320
SRR11032720.9946	23277	265	179	48561	77	77	45	1	2	111	1	60	0.000126521
SRR11032720.10036	23547	122	83	1485	1485	1485	2918	0	0	0	0	-1	0.000542601
SRR11032720.10137	22701	233	158	49468	25	25	22	0	0	0	0	-1	0.000089440
SRR11032720.10237	20374	198	134	59281	75	75	33	1	2	99	1	60	0.000113000
SRR11032720.10381	24516	233	158	114544	92	92	69	1	2	106	1	60	0.000135000
SRR11032720.10512	21188	208	141	112654	71	71	57	1	2	84	1	60	0.000117520
SRR11032720.10599	27969	260	176	36890	75	75	61	0	0	0	0	-1	0.000139320
SRR11032720.10736	23650	271	183	56906	27	27	28	0	0	0	0	-1	0.000098081
SRR11032720.10971	24707	254	172	72755	91	91	45	1	2	132	1	60	0.000131320
SRR11032720.11173	22400	229	155	107724	123	123	97	1	2	124	1	60	0.000142000
SRR11032720.11241	26221	248	168	15468	23	23	38	0	0	0	0	-1	0.000100721
SRR11032720.11353	23776	236	160	62833	75	75	27	1	2	117	1	60	0.000119881
SRR11032720.11467	24734	287	194	155628	85	85	57	1	2	116	1	60	0.000143881
SRR11032720.11700	23808	241	163	75305	75	75	79	0	0	0	0	-1	0.000108801
SRR11032720.11820	24992	259	175	121095	130	130	93	1	2	142	1	60	0.000143681
SRR11032720.11959	22784	257	174	173006	92	92	53	1	2	121	1	60	0.000131161
SRR11032720.12067	20204	220	149	68565	90	90	35	1	2	126	1	60	0.000121560
SRR11032720.12161	20737	197	133	18384	93	93	73	1	2	104	1	60	0.000120560
SRR11032720.12233	26962	254	172	118592	56	56	61	0	0	0	0	-1	0.000119240
SRR11032720.12347	27451	255	173	14686	66	66	63	0	0	0	0	-1	0.000113040
SRR11032720.12423	21492	230	156	163878	86	86	77	1	2	102	1	60	0.000123400
SRR11032720.12605	20063	194	131	93469	67	67	31	2	3	96	1	60	0.000122681
SRR11032720.12712	20313	223	151	42915	99	99	71	2	3	102	1	60	0.000156641
SRR11032720.12852	27019	256	173	47071	65	65	47	0	0	0	0	-1	0.000142841
SRR11032720.12921	23583	244	165	409	7	7	14	0	0	0	0	-1	0.000092440
SRR11032720.13001	20645	224	152	13485	96	96	53	2	3	118	1	60	0.000148520
SRR11032720.13087	22643	224	152	32081	2	2	4	0	0	0	0	-1	0.000082720
SRR11032720.13198	24661	284	192	953	0	0	0	0	0	0	0	-1	0.000105120
SRR11032720.13350	27288	263	178	28731	0	0	0	0	0	0	0	-1	0.000098040
SRR11032720.13477	24843	251	170	46020	106	106	51	1	2	141	1	60	0.000132080
SRR11032720.13706	24922	259	175	187201	91	91	49	1	2	119	1	60	0.000166040
SRR11032720.13841	23213	210	142	17731	738	738	463	0	0	0	0	-1	0.000139001
SRR11032720.14021	27212	274	185	4033	20	20	40	0	0	0	0	-1	0.000106360
SRR11032720.14156	24218	240	163	26216	58	58	39	0	0	0	0	-1	0.000104880
SRR11032720.14348	25363	275	186	65661	15	15	28	0	0	0	0	-1	0.000101600
SRR11032720.14505	20156	171	116	1721	61	61	37	1	2	81	1	60	0.000094360
SRR11032720.14619	20369	202	137	1111	7	7	14	0	0	0	0	-1	0.000090800
SRR11032720.14745	27129	276	187	58026	92	92	31	1	2	133	1	60	0.000139801
SRR11032720.14857	27023	239	162	128945	88	88	21	1	2	132	1	60	0.000135281
SRR11032720.14977	24634	239	162	23601	96	96	27	1	2	139	1	60	0.000128080
SRR11032720.15095	27094	284	192	60125	88	88	51	2	3	127	1	60	0.000154760
SRR11032720.15256	24441	217	147	60029	12	12	22	0	0	0	0	-1	0.000088520
SRR11032720.15426	20963	199	135	30390	75	75	29	1	2	103	1	60	0.000110001
SRR11032720.15600	25710	244	165	208432	93	93	49	1	2	124	1	60	0.000137840
SRR11032720.15766	24429	254	172	166463	82	82	29	1	2	121	1	60	0.000130440
SRR11032720.15965	27611	279	189	3722	5	5	10	0	0	0	0	-1	0.000102560
SRR11032720.16137	25449	249	169	74824	65	65	75	0	0	0	0	-1	0.000109720
SRR11032720.16408	27645	268	181	24399	24	24	44	0	0	0	0	-1	0.000106600
SRR11032720.16544	20254	209	142	107436	96	96	51	1	2	117	1	60	0.000121961
SRR11032720.16695	21519	213	144	82656	41	41	59	0	0	0	0	-1	0.000088441
SRR11032720.16896	20779	200	136	71135	65	65	51	1	0	0	0	-1	0.000113280
SRR11032720.17067	27474	280	190	16444	61	61	65	0	0	0	0	-1	0.000114721
SRR11032720.17132	26502	287	194	14675	105	105	63	1	2	139	1	60	0.000144120
SRR11032720.17295	24747	258	175	362652	138	138	155	1	2	115	1	60	0.000164600
SRR11032720.17337	22106	220	149	257988	181	181	261	1	2	99	1	60	0.000160920
SRR11032720.17474	21238	208	141	126248	89	89	41	1	2	122	1	60	0.000114920
SRR11032720.17614	21995	220	149	50202	49	49	43	0	0	0	0	-1	0.000091280
SRR11032720.17780	22221	216	146	81836	65	65	41	1	2	100	1	60	0.000122960
SRR11032720.17976	25757	230	156	249850	107	107	59	1	2	125	1	60	0.000134880
SRR11032720.18093	23651	272	184	114439	98	98	82	1	2	127	1	60	0.000130240
SRR11032720.18230	21729	224	152	28939	12	12	11	0	0	0	0	-1	0.000086880
SRR11032720.18334	22848	222	150	2708	42	42	21	0	0	0	0	-1	0.000095560
SRR11032720.18443	20932	211	143	62645	87	87	53	1	2	98	1	60	0.000123121
SRR11032720.18574	20224	205	139	32537	30	30	39	0	0	0	0	-1	0.000084680
SRR11032720.18760	24317	241	163	156	21	21	17	0	0	0	0	-1	0.000091640
SRR11032720.18917	23187	216	146	137092	90	90	69	1	2	101	1	60	0.000130600
SRR11032720.19047	26420	263	178	8816	0	0	0	0	0	0	0	-1	0.000097640
SRR11032720.19150	21239	198	134	57161	34	34	49	0	0	0	0	-1	0.000090880
SRR11032720.19236	20708	228	154	64641	20	20	37	0	0	0	0	-1	0.000084800
SRR11032720.19424	20531	223	151	70947	89	89	37	1	2	130	1	60	0.000123480
SRR11032720.19532	25350	263	178	1617	81	81	50	2	3	107	1	60	0.000168320
SRR11032720.19680	21216	216	146	257	2	2	4	0	0	0	0	-1	0.000079800
SRR11032720.19760	26767	262	177	282203	165	165	189	1	2	142	1	60	0.000168201
SRR11032720.19870	22260	219	148	101201	71	71	29	1	2	110	1	60	0.000122081
SRR11032720.19961	27680	270	183	121446	71	71	51	0	0	0	0	-1	0.000119081
SRR11032657.124	26694	295	200	275005	113	113	145	0	0	0	0	-1	0.000128400
SRR11032657.305	26865	283	192	145043	32	32	53	0	0	0	0	-1	0.000109600
SRR11032657.411	26535	248	168	100260	81	81	38	2	3	126	1	60	0.000139081
SRR11032657.477	23035	236	160	20673	72	72	29	1	2	113	1	60	0.000117361
SRR11032657.598	25351	256	173	14192	0	0	0	0	0	0	0	-1	0.000095361
SRR11032657.699	20295	187	127	260840	83	83	105	1	2	75	1	60	0.000123000
SRR11032657.917	21453	248	168	41845	105	105	53	1	2	129	1	60	0.000125760
SRR11032657.975	25029	277	187	92432	133	133	81	1	2	153	1	60	0.000151120
SRR11032657.1118	22716	225	152	791	107	107	61	1	2	128	1	60	0.000123160
SRR11032657.1244	23422	223	151	1779	6	6	12	0	0	0	0	-1	0.000085280
SRR11032657.1329	22249	226	153	24515	73	73	48	2	4	94	1	60	0.000127841
SRR11032657.1484	27644	270	183	481	0	0	0	0	0	0	0	-1	0.000101321
SRR11032657.1556	21003	208	141	78984	74	74	39	1	2	108	1	60	0.000129520
SRR11032657.1632	25200	263	178	9333	77	77	27	1	2	122	1	60	0.000127720
SRR11032657.1730	22779	216	146	103207	74	74	39	1	2	101	1	60	0.000122881
SRR11032657.1859	26071	244	165	90629	114	114	194	0	0	0	0	-1	0.000127480
SRR11032657.2015	21070	173	117	82889	840	840	808	0	0	0	0	-1	0.000140720
SRR11032657.2127	21736	250	169	83733	92	92	170	0	0	0	0	-1	0.000095040
SRR11032657.2240	24101	254	172	29393	127	127	83	1	2	152	1	60	0.000141160
SRR11032657.2339	24446	229	155	41324	60	60	57	0	0	0	0	-1	0.000101120
SRR11032657.2478	22118	252	171	24046	86	86	29	1	2	134	1	60	0.000120160
SRR11032657.2592	26439	239	162	25149	79	79	23	1	2	116	1	60	0.000129840
SRR11032657.2737	24965	273	185	5950	18	18	23	0	0	0	0	-1	0.000102200
SRR11032657.2877	20655	210	142	152656	77	77	67	1	2	100	1	60	0.000117400
SRR11032657.2973	24530	265	179	108486	150	150	117	1	2	155	1	60	0.000152600
SRR11032657.3098	20497	231	156	93888	42	42	27	0	0	0	0	-1	0.000092920
SRR11032657.3168	27348	270	183	10277	72	72	61	0	0	0	0	-1	0.000116840
SRR11032657.3328	26668	247	167	16417	35	35	43	0	0	0	0	-1	0.000103640
SRR11032657.3547	26850	266	180	182117	97	97	33	1	2	141	1	60	0.000139721
SRR11032657.3742	21267	213	144	86906	47	47	43	0	0	0	0	-1	0.000090721
SRR11032657.3861	20844	201	136	140340	74	74	17	2	3	118	1	60	0.000125920
SRR11032657.4064	25367	250	169	16734	0	0	0	0	0	0	0	-1	0.000099760
SRR11032657.4220	21681	209	142	36823	39	39	35	0	0	0	0	-1	0.000087080
SRR11032657.4392	27192	261	177	279859	89	89	99	0	0	0	0	-1	0.000122200
SRR11032657.4454	20367	191	129	128432	100	100	115	1	2	82	1	60	0.000119760
SRR11032657.4527	27247	242	164	25954	71	71	70	0	0	0	0	-1	0.000116201
SRR11032657.4660	22958	235	159	32081	84	84	19	1	2	135	1	60	0.000115761
SRR11032657.4774	21989	207	140	72974	52	52	43	0	0	0	0	-1	0.000098280
SRR11032657.4903	22542	215	146	82722	69	69	26	2	4	107	1	60	0.000165721
SRR11032657.5012	20303	186	126	45555	73	73	19	1	2	108	1	60	0.000102401
SRR11032657.5095	23461	200	136	83468	141	141	56	1	2	121	1	60	0.000149080
SRR11032657.5318	23059	201	136	21957	81	81	23	1	2	108	1	60	0.000113801
SRR11032657.5450	25922	246	167	10309	5	5	10	0	0	0	0	-1	0.000105720
SRR11032657.5593	26083	283	192	129120	171	171	135	2	3	174	1	60	0.000178800
SRR11032657.5733	25872	241	163	146371	312	312	320	1	2	114	1	60	0.000182920
SRR11032657.5859	25393	269	182	71252	128	128	93	1	2	145	1	60	0.000146200
SRR11032657.6053	25896	269	182	182626	146	146	97	1	2	163	1	60	0.000147001
SRR11032657.6239	24253	244	165	106767	91	91	53	1	2	116	1	60	0.000130160
SRR11032657.6327	24550	252	171	213786	114	114	71	1	2	144	1	60	0.000145001
SRR11032657.6420	26620	264	179	19193	97	97	63	1	2	126	1	60	0.000140080
SRR11032657.6605	23295	221	150	24871	90	90	33	1	2	125	1	60	0.000123600
SRR11032657.6707	24779	236	160	106429	119	119	101	2	3	122	1	60	0.000144560
SRR11032657.6861	23458	248	168	36865	95	95	37	1	2	130	1	60	0.000153080
SRR11032657.6918	23214	242	164	258486	100	100	55	2	3	132	1	60	0.000144761
SRR11032657.7083	22868	224	152	4212	2	2	4	0	0	0	0	-1	0.000084200
SRR11032657.7237	21023	206	140	5607	90	90	47	2	4	111	1	60	0.000138841
SRR11032657.7351	27488	249	169	9019	78	78	37	2	3	121	1	60	0.000142641
SRR11032657.7516	25724	250	169	111764	81	81	33	1	2	120	1	60	0.000126400
SRR11032657.7628	21661	193	131	13414	43	43	27	1	0	0	0	-1	0.000099761
SRR11032657.7771	25465	290	196	117811	135	135	113	1	2	150	1	60	0.000158600
SRR11032657.7859	24185	255	173	137662	52	52	59	0	0	0	0	-1	0.000103441
SRR11032657.7952	27794	294	199	164383	115	115	89	1	2	142	1	60	0.000153520
SRR11032657.8126	22183	210	142	139402	86	86	27	1	2	111	1	60	0.000119961
SRR11032657.8209	22497	218	148	34664	20	20	15	0	0	0	0	-1	0.000085240
SRR11032657.8451	20851	208	141	12406	80	80	41	1	2	107	1	60	0.000115560
SRR11032657.8683	27900	260	176	98628	104	104	59	1	2	135	1	60	0.000195521
SRR11032657.8762	22723	258	175	15412	752	752	335	3	3	119	1	0	0.000178560
SRR11032657.8925	24980	269	182	108450	69	69	47	0	0	0	0	-1	0.000113161
SRR11032657.9049	22232	220	149	48231	70	70	51	1	2	90	1	60	0.000124361
SRR11032657.9180	23434	246	167	20889	131	131	95	1	2	137	1	60	0.000138600
SRR11032657.9276	27872	305	206	293476	162	162	151	1	2	158	1	60	0.000168480
SRR11032657.9374	20571	204	138	29453	39	39	43	0	0	0	0	-1	0.000084720
SRR11032657.9452	23220	215	146	9126	57	57	15	1	2	107	1	60	0.000118360
SRR11032657.9568	25369	263	178	42797	73	73	43	0	0	0	0	-1	0.000117560
SRR11032657.9693	24203	279	189	93922	138	138	119	1	2	142	1	60	0.000152480
SRR11032657.9834	27396	269	182	49800	0	0	0	0	0	0	0	-1	0.000099681
SRR11032657.10108	25814	266	180	96384	64	64	51	0	0	0	0	-1	0.000111480
SRR11032657.10222	24331	252	171	54780	96	96	56	2	3	117	1	60	0.000149800
SRR11032657.10285	23663	235	159	145987	52	52	25	1	0	0	0	-1	0.000115400
SRR11032657.10360	22833	231	156	35725	87	87	23	1	2	130	1	60	0.000117520
SRR11032657.10486	22165	201	136	49020	71	71	91	0	0	0	0	-1	0.000098960
SRR11032657.10610	21736	213	144	10189	68	68	35	1	2	100	1	60	0.000115520
SRR11032657.10783	27399	276	187	4973	86	86	39	1	2	130	1	60	0.000158440
SRR11032657.10967	24107	224	152	30055	108	108	75	1	2	113	1	60	0.000136480
SRR11032657.11077	21354	187	127	115593	87	87	49	1	2	97	1	60	0.000115081
SRR11032657.11172	27634	282	191	79577	109	109	81	1	2	124	1	60	0.000149121
SRR11032657.11321	23351	178	121	64817	4370	4370	369	0	0	0	0	-1	0.000148200
SRR11032657.11493	22145	211	143	88640	112	112	99	1	2	109	1	60	0.000137640
SRR11032657.11633	25507	264	179	127590	226	226	180	1	2	157	1	60	0.000165561
SRR11032657.11744	24718	235	159	74031	73	73	65	0	0	0	0	-1	0.000114880
SRR11032657.11831	22078	236	160	118262	107	107	63	1	2	132	1	60	0.000130480
SRR11032657.11958	20667	178	121	32327	52	52	29	1	2	76	1	60	0.000099960
SRR11032657.12080	26502	265	179	63955	133	133	95	2	3	138	1	60	0.000161401
SRR11032657.12178	26740	262	177	55040	109	109	123	0	0	0	0	-1	0.000131920
SRR11032657.12276	25545	223	151	136025	86	86	101	0	0	0	0	-1	0.000114160
SRR11032657.12391	23649	234	158	12132	72	72	38	2	3	100	1	60	0.000133680
SRR11032657.12513	22238	225	152	161281	95	95	41	1	2	128	1	60	0.000119880
SRR11032657.12595	20927	214	145	88997	79	79	27	1	2	114	1	60	0.000117480
SRR11032657.12724	25083	247	167	106240	87	87	63	2	3	102	1	60	0.000140921
SRR11032657.12872	23664	221	150	479	10	10	20	0	0	0	0	-1	0.000085921
SRR11032657.13054	20635	228	154	2791	98	98	73	1	2	116	1	60	0.000123681
SRR11032657.13172	23140	226	153	40315	64	64	48	0	0	0	0	-1	0.000108521
SRR11032657.13370	24864	276	187	29220	131	131	53	1	2	170	1	60	0.000144320
SRR11032657.13469	22343	230	156	97579	103	103	69	1	2	122	1	60	0.000131880
SRR11032657.13588	25428	229	155	23502	88	88	31	1	2	122	1	60	0.000123640
SRR11032657.13830	26704	285	193	112030	143	143	91	1	2	162	1	60	0.000162760
SRR11032657.13928	23674	224	152	278	0	0	0	0	0	0	0	-1	0.000086120
SRR11032657.14024	22321	215	146	21010	114	114	59	1	2	127	1	60	0.000128880
SRR11032657.14154	22632	246	167	27014	104	104	45	1	2	144	1	60	0.000128601
SRR11032657.14241	20423	196	133	82377	77	77	39	1	2	98	1	60	0.000106920
SRR11032657.14336	21124	241	163	4803	86	86	33	1	2	133	1	60	0.000106320
SRR11032657.14439	24336	229	155	75743	188	188	269	2	3	107	1	60	0.000174240
SRR11032657.14561	27197	276	187	101368	113	113	47	1	2	160	1	60	0.000146120
SRR11032657.14723	25708	228	154	3881	47	47	38	0	0	0	0	-1	0.000101040
SRR11032657.14841	26429	287	194	67945	120	120	47	2	3	161	1	60	0.000163401
SRR11032657.14937	21241	199	135	24267	22	22	34	0	0	0	0	-1	0.000088280
SRR11032657.15057	24603	268	181	75394	111	111	33	1	2	165	1	60	0.000136680
SRR11032657.15173	21343	215	146	120441	115	115	79	1	2	131	1	60	0.000129401
SRR11032657.15316	27757	283	192	7317	122	122	29	1	2	179	1	60	0.000149040
SRR11032657.15401	23960	234	158	201401	148	148	183	1	2	108	1	60	0.000148961
SRR11032657.15522	20095	192	130	46986	76	76	51	1	2	94	1	60	0.000107200
SRR11032657.15672	21248	196	133	103609	77	77	27	1	2	114	1	60	0.000112160
SRR11032657.15765	20562	209	142	104579	75	75	58	0	0	0	0	-1	0.000101800
SRR11032657.15837	23069	242	164	276504	119	119	89	1	2	131	1	60	0.000147040
SRR11032657.15903	21110	202	137	73071	63	63	27	1	2	92	1	60	0.000110000
SRR11032657.16081	21345	215	146	212	20	20	29	0	0	0	0	-1	0.000083720
SRR11032657.16215	27705	289	196	60556	90	90	44	2	3	132	1	60	0.000191600
SRR11032657.16317	22676	235	159	84991	64	64	35	2	3	95	1	60	0.000134000
SRR11032657.16525	23394	240	163	146708	110	110	89	1	2	125	1	60	0.000136160
SRR11032657.16654	24635	267	181	227254	81	81	35	1	2	117	1	60	0.000133080
SRR11032657.16760	20615	181	123	57876	82	82	59	1	2	86	1	60	0.000108360
SRR11032657.16861	22021	239	162	69349	30	30	29	0	0	0	0	-1	0.000090721
SRR11032657.17019	20555	190	129	35979	69	69	33	1	2	103	1	60	0.000101360
SRR11032657.17286	22067	217	147	5474	118	118	66	1	2	109	1	60	0.000131761
SRR11032657.17449	26725	280	190	9809	146	146	63	1	2	176	1	60	0.000157960
SRR11032657.17560	25783	244	165	102980	109	109	71	1	2	117	1	60	0.000139080
SRR11032657.17763	24495	252	171	2803	117	117	75	1	2	136	1	60	0.000137560
SRR11032657.17884	24352	240	163	1125	101	101	59	2	3	132	1	60	0.000141800
SRR11032657.18030	23484	245	166	21241	129	129	105	1	2	129	1	60	0.000139040
SRR11032657.18123	25981	271	183	83267	11	11	18	0	0	0	0	-1	0.000100080
SRR11032657.18290	20072	204	138	69328	41	41	29	0	0	0	0	-1	0.000083281
SRR11032657.18403	25338	263	178	60750	61	61	69	0	0	0	0	-1	0.000108161
SRR11032657.18474	23133	239	162	15956	66	66	35	0	0	0	0	-1	0.000131441
SRR11032657.18617	20211	188	127	17650	51	51	45	0	0	0	0	-1	0.000086161
SRR11032657.18760	26697	302	204	27726	143	143	77	1	2	179	1	60	0.000160120
SRR11032657.18951	24833	289	196	21699	40	40	41	0	0	0	0	-1	0.000109360
SRR11032657.19066	20809	206	140	103920	30	30	23	0	0	0	0	-1	0.000083120
SRR11032657.19251	21998	214	145	15793	46	46	36	0	0	0	0	-1	0.000091960
SRR11032657.19395	27878	252	171	36317	68	68	55	0	0	0	0	-1	0.000118520
SRR11032657.19558	23473	203	138	159153	60	60	21	2	3	92	1	60	0.000132600
SRR11032657.19620	27214	267	181	1571	33	33	66	0	0	0	0	-1	0.000106561
SRR11032657.19719	25048	263	178	54502	92	92	51	1	2	123	1	60	0.000133880
SRR11032657.19794	22540	219	148	43891	42	42	53	0	0	0	0	-1	0.000093840
SRR11032657.19903	25167	240	163	57152	93	93	53	2	3	128	1	60	0.000145520
SRR11032657.20020	23851	326	221	89997	22138	22138	1017	7	5	161	1	0	0.000440161
SRR11032657.20164	22958	226	153	18330	15	15	15	0	0	0	0	-1	0.000090840
SRR11032657.20316	23071	206	140	4674	86	86	39	1	2	114	1	60	0.000127160
SRR11032657.20478	27326	270	183	7262	61	61	33	0	0	0	0	-1	0.000115720
SRR11032657.20561	20290	195	132	80832	90	90	79	1	2	93	1	60	0.000118161
SRR11032657.20692	20378	204	138	52198	82	82	19	1	2	119	1	60	0.000112281
SRR11032657.20766	24018	244	165	125417	108	108	45	1	2	141	1	60	0.000133321
SRR11032657.20896	20918	199	135	64331	44	44	37	0	0	0	0	-1	0.000085161
SRR11032657.21043	21083	222	150	125546	64	64	33	1	2	92	1	60	0.000121400
SRR11032657.21178	22690	219	148	142895	43	43	33	0	0	0	0	-1	0.000092881
SRR11032657.21351	20470	217	147	39439	79	79	48	2	4	101	1	60	0.000149441
SRR11032657.21519	25894	232	157	108271	90	90	31	1	2	104	1	60	0.000130401
SRR11032657.21656	20118	209	142	79990	117	117	99	1	2	118	1	60	0.000126800
SRR11032657.21791	23307	230	156	25810	93	93	31	1	2	127	1	60	0.000127800
SRR11032657.21941	23305	238	161	112996	108	108	63	1	2	129	1	60	0.000132440
SRR11032657.22109	25625	249	169	19271	7546	7546	543	4	6	128	1	0	0.000246400
SRR11032657.22260	20127	203	138	813	48	48	21	0	0	0	0	-1	0.000098400
SRR11032657.22393	20225	195	132	126501	89	89	55	1	2	109	1	60	0.000114480
SRR11032657.22535	21622	217	147	1082	29	29	25	0	0	0	0	-1	0.000086960
SRR11032657.22695	24877	263	178	6673	85	85	37	2	3	129	1	60	0.000142001
SRR11032657.22757	20045	202	137	51566	49	49	51	0	0	0	0	-1	0.000086001
SRR11032657.22903	20424	203	138	43966	59	59	27	1	2	90	1	60	0.000114520
SRR11032657.23023	23824	248	168	137485	129	129	121	2	3	129	1	60	0.000162400
SRR11032657.23178	24216	234	158	49588	102	102	105	1	2	103	1	60	0.000130840
SRR11032657.23305	23766	234	158	33774	24	24	32	0	0	0	0	-1	0.000094920
SRR11032657.23398	24422	229	155	116277	60	60	17	2	3	100	1	60	0.000126841
SRR11032657.23568	26490	266	180	78016	91	91	57	1	2	124	1	60	0.000137920
SRR11032657.23650	25480	254	172	92516	70	70	27	2	3	125	1	60	0.000144321
SRR11032657.23722	25505	247	167	29802	78	78	45	1	2	105	1	60	0.000131640
SRR11032657.23864	22245	230	156	245	0	0	0	0	0	0	0	-1	0.000083721
SRR11032657.23979	24361	259	175	24965	121	121	75	1	2	144	1	60	0.000139921
SRR11032657.24083	25693	252	171	115469	74	74	75	0	0	0	0	-1	0.000116680
SRR11032657.24304	27305	266	180	31732	19	19	38	0	0	0	0	-1	0.000105880
SRR11032657.24445	26525	253	171	44616	48	48	31	0	0	0	0	-1	0.000128840
SRR11032657.24624	21642	217	147	90159	53	53	21	1	2	98	1	60	0.000113000
SRR11032657.24695	21080	212	144	188519	84	84	65	2	3	101	1	60	0.000141401
SRR11032657.24821	20821	208	141	200050	82	82	63	1	2	98	1	60	0.000123280
SRR11032657.24984	24296	236	160	163415	50	50	35	0	0	0	0	-1	0.000102561
SRR11032657.25106	26585	249	169	5648	41	41	13	0	0	0	0	-1	0.000105561
SRR11032657.25314	27045	271	183	35682	42	42	25	0	0	0	0	-1	0.000111160
SRR11032657.25467	24371	278	188	70705	101	101	31	1	2	161	1	60	0.000155640
SRR11032657.25574	23285	237	160	1834	67	67	27	1	2	116	1	60	0.000115041
SRR11032657.25711	22635	243	165	103247	80	80	53	1	2	104	1	60	0.000128640
SRR11032657.25843	20070	185	125	24333	68	68	27	2	3	96	1	60	0.000121121
SRR11032657.25946	25312	276	187	138644	116	116	81	1	2	133	1	60	0.000146200
SRR11032657.26102	21938	209	142	63455	5	5	10	0	0	0	0	-1	0.000081680
SRR11032657.26234	22446	231	156	129675	21	21	42	0	0	0	0	-1	0.000093360
SRR11032657.26394	25873	251	170	101112	104	104	73	2	3	113	1	60	0.000155400
SRR11032657.26519	20878	245	166	8887	54	54	49	0	0	0	0	-1	0.000096320
SRR11032657.26679	22346	212	144	10660	43	43	23	0	0	0	0	-1	0.000091640
SRR11032657.26772	20896	214	145	99130	81	81	27	1	2	110	1	60	0.000119240
SRR11032657.26886	20648	223	151	11533	67	67	27	1	2	95	1	60	0.000114720
SRR11032657.26946	21854	196	133	157731	46	46	49	0	0	0	0	-1	0.000086400
SRR11032657.27058	27157	290	196	322814	149	149	105	1	2	170	1	60	0.000165601
SRR11032657.27161	24670	238	161	74214	79	79	37	2	3	112	1	60	0.000135401
SRR11032657.27311	25893	270	183	27905	105	105	61	2	3	136	1	60	0.000155720
SRR11032657.27406	24128	251	170	26400	82	82	27	1	2	132	1	60	0.000129240
SRR11032657.27558	22063	226	153	41390	52	52	27	2	3	99	1	60	0.000134280
SRR11032657.27649	20157	202	137	57776	74	74	37	1	2	101	1	60	0.000116161
SRR11032657.27829	23177	212	144	137148	66	66	55	0	0	0	0	-1	0.000104521
SRR11032657.27941	25369	279	189	58098	103	103	103	1	2	112	1	60	0.000149720
SRR11032657.28045	20376	206	140	109139	55	55	41	0	0	0	0	-1	0.000086560
SRR11032657.28228	25482	240	163	5971	31	31	25	0	0	0	0	-1	0.000096800
SRR11032657.28342	20976	216	146	25927	44	44	76	0	0	0	0	-1	0.000083200
SRR11032657.28462	25773	232	157	219683	115	115	95	1	2	118	1	60	0.000166201
SRR11032657.28631	24208	239	162	130007	65	65	33	1	2	101	1	60	0.000123001
SRR11032657.28705	23891	247	167	114645	86	86	23	2	3	134	1	60	0.000164721
SRR11032657.28806	21160	211	143	3673	20	20	23	0	0	0	0	-1	0.000082320
SRR11032657.29048	23965	239	162	141	0	0	0	0	0	0	0	-1	0.000091120
SRR11032657.29238	21656	221	150	37860	69	69	45	1	2	97	1	60	0.000132080
SRR11032657.29423	23806	239	162	13852	58	58	39	0	0	0	0	-1	0.000105881
SRR11032657.29486	21526	235	159	26528	88	88	40	2	3	119	1	60	0.000126321
SRR11032657.29633	25170	243	165	152085	89	89	29	1	2	128	1	60	0.000141200
SRR11032657.29791	22733	236	160	21691	86	86	65	1	2	103	1	60	0.000125040
SRR11032657.29897	22215	213	144	45184	88	88	37	1	2	113	1	60	0.000120961
SRR11032657.29995	25020	240	163	38653	85	85	45	1	2	121	1	60	0.000135241
SRR11032657.30143	27801	307	208	122817	146	146	95	1	2	164	1	60	0.000165561
SRR11032657.30233	24937	248	168	87946	119	119	69	1	2	154	1	60	0.000138281
SRR11032657.30311	25108	248	168	100388	81	81	31	1	2	128	1	60	0.000124680
SRR11032657.30369	22270	211	143	830	0	0	0	0	0	0	0	-1	0.000080920
SRR11032657.30605	23384	229	155	20777	68	68	21	1	2	105	1	60	0.000116280
SRR11032657.30796	24500	218	148	31783	70	70	35	1	2	97	1	60	0.000126640
SRR11032657.30905	25689	257	174	32279	106	106	75	1	2	122	1	60	0.000137680
SRR11032657.31118	22826	211	143	260205	147	147	123	2	3	137	1	60	0.000154121
SRR11032657.31252	23574	238	161	725	0	0	0	0	0	0	0	-1	0.000089360
SRR11032657.31471	27707	275	186	209352	151	151	179	1	2	118	1	60	0.000165720
SRR11032657.31554	26983	240	163	237135	66	66	43	1	2	101	1	60	0.000131280
SRR11032657.31676	23002	200	136	79841	15174	15174	1240	6	5	89	1	0	0.000360041
SRR11032657.31791	21201	219	148	46354	89	89	37	2	3	129	1	60	0.000141320
SRR11032657.31983	20934	223	151	16394	97	97	57	1	2	123	1	60	0.000130440
SRR11032657.32218	22463	227	154	101761	104	104	89	1	2	116	1	60	0.000125280
SRR11032657.32316	20912	215	146	24740	80	80	45	1	2	111	1	60	0.000125680
SRR11032657.32411	23272	229	155	56331	48	48	51	0	0	0	0	-1	0.000098360
SRR11032657.32524	20504	191	129	468	76	76	27	2	3	101	1	60	0.000126080
SRR11032657.32670	20366	214	145	161488	132	132	95	1	2	135	1	60	0.000130880
SRR11032657.32760	20124	198	134	71518	77	77	45	1	2	95	1	60	0.000112800
SRR11032657.32887	23417	198	134	52381	67	67	38	2	3	87	1	60	0.000136480
SRR11032657.33031	20404	177	120	107470	45	45	19	1	0	0	0	-1	0.000097360
SRR11032657.33162	25697	269	182	29000	85	85	31	1	2	129	1	60	0.000134280
SRR11032657.33235	23903	260	176	16699	54	54	29	0	0	0	0	-1	0.000117760
SRR11032657.33356	22040	217	147	50699	69	69	21	1	2	116	1	60	0.000115120
SRR11032657.33494	26171	286	194	113642	151	151	111	1	2	155	1	60	0.000153880
SRR11032657.33641	21258	212	144	33059	50	50	51	0	0	0	0	-1	0.000088960
SRR11032657.33781	27616	246	167	19286	80	80	51	1	2	108	1	60	0.000139120
SRR11032657.33873	21915	205	139	29013	3	3	6	0	0	0	0	-1	0.000080840
SRR11032657.33995	27401	265	179	14136	83	83	27	1	2	131	1	60	0.000134880
SRR11032657.34158	22873	219	148	137985	67	67	39	1	2	98	1	60	0.000125720
SRR11032657.34286	20962	178	121	34916	89	89	59	1	2	103	1	60	0.000111160
SRR11032657.34486	26966	266	180	229393	100	100	44	2	4	124	1	60	0.000159721
SRR11032657.34609	21205	219	148	91942	70	70	55	1	2	91	1	60	0.000126480
SRR11032657.34789	26758	293	198	184100	149	149	94	1	2	165	1	60	0.000169520
SRR11032657.34912	27166	282	191	27012	118	118	39	1	2	173	1	60	0.000146480
SRR11032657.35053	25883	231	156	8509	83	83	51	1	2	104	1	60	0.000139880
SRR11032657.35168	26323	255	173	342639	213	213	275	1	2	125	1	60	0.000177000
SRR11032657.35291	23244	250	169	3904	20	20	21	0	0	0	0	-1	0.000094560
SRR11032657.35410	22872	241	163	2428	29	29	25	0	0	0	0	-1	0.000094720
SRR11032657.35609	26876	269	182	76421	79	79	65	0	0	0	0	-1	0.000120680
SRR11032657.35787	20430	211	143	1563	66	66	31	2	3	102	1	60	0.000127120
SRR11032657.35878	20540	211	143	1080	0	0	0	0	0	0	0	-1	0.000085160
SRR11032657.36033	23264	204	138	103588	85	85	29	1	2	120	1	60	0.000117240
SRR11032657.36138	20823	219	148	36470	0	0	0	0	0	0	0	-1	0.000077760
SRR11032657.36298	24127	253	171	80580	37	37	74	0	0	0	0	-1	0.000102761
SRR11032657.36505	25213	258	175	11155	91	91	31	1	2	137	1	60	0.000126401
SRR11032657.36617	27941	295	200	11959	27	27	43	0	0	0	0	-1	0.000112681
SRR11032657.36758	23993	236	160	225348	85	85	41	2	3	121	1	60	0.000162801
SRR11032657.36875	20059	181	123	56548	24	24	17	0	0	0	0	-1	0.000076480
SRR11032657.37002	26085	264	179	326376	216	216	259	1	2	155	1	60	0.000170400
SRR11032657.37090	21336	200	136	26783	0	0	0	0	0	0	0	-1	0.000077880
SRR11032657.37170	21893	217	147	133837	113	113	89	1	2	118	1	60	0.000127760
SRR11032657.37234	23278	232	157	73200	103	103	37	1	2	136	1	60	0.000121481
SRR11032657.37526	26874	288	195	150169	82	82	31	1	2	132	1	60	0.000147360
SRR11032657.37683	20181	190	129	516	51	51	27	1	2	82	1	60	0.000156401
SRR11032657.37765	26851	258	175	87605	33	33	33	0	0	0	0	-1	0.000105640
SRR11032657.37977	24555	207	140	170241	36	36	29	0	0	0	0	-1	0.000090480
SRR11032657.38163	26161	256	173	83756	125	125	53	1	2	160	1	60	0.000137001
SRR11032657.38217	21780	221	150	177738	35	35	27	0	0	0	0	-1	0.000087481
SRR11032657.38280	23973	287	194	94323	20067	20067	646	3	4	157	1	0	0.000337200
SRR11032657.38463	23619	242	164	102924	93	93	37	1	2	128	1	60	0.000125560
SRR11032657.38582	22222	226	153	328	85	85	27	1	2	126	1	60	0.000115320
SRR11032657.38744	24998	264	179	56884	96	96	21	1	2	153	1	60	0.000130640
SRR11032657.38927	23690	245	166	26025	14	14	15	0	0	0	0	-1	0.000093040
SRR11032657.38968	25859	245	166	37906	61	61	33	0	0	0	0	-1	0.000108040
SRR11032657.39038	26635	267	181	149987	109	109	46	2	3	148	1	60	0.000155280
SRR11032657.39094	20565	223	151	88612	81	81	33	1	2	115	1	60	0.000140401
SRR11032657.39270	26765	279	189	349098	60	60	41	0	0	0	0	-1	0.000118760
SRR11032657.39447	26263	262	177	230425	89	89	41	1	2	136	1	60	0.000140360
SRR11032657.39521	24910	239	162	1711	0	0	0	0	0	0	0	-1	0.000090361
SRR11032657.39687	23374	224	152	159408	88	88	55	1	2	115	1	60	0.000130080
SRR11032657.39769	22242	236	160	75388	1	1	2	0	0	0	0	-1	0.000086401
SRR11032657.39860	24156	233	158	225158	52	52	23	1	2	98	1	60	0.000123800
SRR11032657.39996	27573	280	190	4131	16	16	21	0	0	0	0	-1	0.000106920
SRR11032657.40169	22050	231	156	739	61	61	83	0	0	0	0	-1	0.000099320
SRR11032657.40310	23635	233	158	289	20	20	31	0	0	0	0	-1	0.000115240
SRR11032657.40444	24875	204	138	78964	344	344	349	0	0	0	0	-1	0.000133601
SRR11032657.40694	23936	230	156	8596	0	0	0	0	0	0	0	-1	0.000088800
SRR11032657.40824	21886	199	135	69260	23	23	15	0	0	0	0	-1	0.000081240
SRR11032657.41017	21595	198	134	12779	0	0	0	0	0	0	0	-1	0.000074360
SRR11032657.41204	22072	201	136	86812	43	43	47	0	0	0	0	-1	0.000088441
SRR11032657.41343	21919	198	134	46416	84	84	41	1	2	120	1	60	0.000116080
SRR11032657.41516	21322	218	148	91168	73	73	27	1	2	123	1	60	0.000118241
SRR11032657.41719	23308	232	157	61121	0	0	0	0	0	0	0	-1	0.000085760
SRR11032657.41858	24763	212	144	27944	1737	1737	2810	1	2	115	1	60	0.000710842
SRR11032657.41946	22261	201	136	62490	24	24	15	0	0	0	0	-1	0.000103000
SRR11032657.42014	20082	214	145	59652	59	59	33	1	2	92	1	60	0.000113320
SRR11032657.42093	23766	232	157	51153	88	88	29	1	2	128	1	60	0.000136240
SRR11032657.42211	23342	229	155	214377	65	65	61	0	0	0	0	-1	0.000108040
SRR11032657.42361	21525	216	146	215065	118	118	113	1	2	114	1	60	0.000149841
SRR11032657.42584	25074	240	163	41442	115	115	65	1	2	140	1	60	0.000140560
SRR11032657.42707	25970	258	175	62179	101	101	35	1	2	148	1	60	0.000149520
SRR11032657.42899	25348	260	176	148985	114	114	77	1	2	132	1	60	0.000152761
SRR11032657.43060	24962	240	163	20611	84	84	49	1	2	123	1	60	0.000140480
SRR11032657.43183	27759	289	196	92959	154	154	109	1	2	169	1	60	0.000169200
SRR11032657.43303	23014	238	161	198	0	0	0	0	0	0	0	-1	0.000093360
SRR11032657.43489	24037	232	157	44903	115	115	105	1	2	114	1	60	0.000144201
SRR11032657.43587	24426	243	165	1529	0	0	0	0	0	0	0	-1	0.000093400
SRR11032657.43751	24262	240	163	118185	22	22	44	0	0	0	0	-1	0.000093640
SRR11032657.44619	21517	191	129	31180	160	160	169	2	4	96	1	0	0.000152560
SRR11032657.44720	24729	242	164	10482	99	99	78	1	2	124	1	60	0.000136200
SRR11032657.44861	25304	235	159	19018	0	0	0	0	0	0	0	-1	0.000096240
SRR11032657.45004	23588	245	166	7116	325	325	119	2	3	146	1	0	0.000164720
SRR11032657.45157	22786	202	137	89381	425	425	300	2	3	85	1	60	0.000226241
SRR11032657.46439	23095	232	157	8849	0	0	0	0	0	0	0	-1	0.000086840
SRR11032657.47096	23263	220	149	439	27	27	54	0	0	0	0	-1	0.000089121
SRR11032657.47928	20730	217	147	225	0	0	0	0	0	0	0	-1	0.000080200
SRR11032657.49132	23512	237	160	304	0	0	0	0	0	0	0	-1	0.000088880
SRR11032657.50788	20702	217	147	274	0	0	0	0	0	0	0	-1	0.000079640
SRR11032657.53932	23012	252	171	52	0	0	0	0	0	0	0	-1	0.000087281
SRR11032657.55568	24718	256	173	242	0	0	0	0	0	0	0	-1	0.000092520
SRR11032657.56056	25211	279	189	204	0	0	0	0	0	0	0	-1	0.000098200
SRR11032657.56614	25039	245	166	168	0	0	0	0	0	0	0	-1	0.000090480
SRR11032657.58102	20206	193	131	313	0	0	0	0	0	0	0	-1	0.000070721
SRR11032657.58584	20271	251	170	161	0	0	0	0	0	0	0	-1	0.000084880
SRR11032657.59178	26507	244	165	663	20	20	40	0	0	0	0	-1	0.000100200
SRR11032657.60765	21165	216	146	226	0	0	0	0	0	0	0	-1	0.000076880
SRR11032657.63295	21068	230	156	568	0	0	0	0	0	0	0	-1	0.000082641
SRR11032657.66156	27758	275	186	821	5	5	10	0	0	0	0	-1	0.000102080
SRR11032657.68155	20431	215	146	83	0	0	0	0	0	0	0	-1	0.000075720
SRR11032657.68734	21855	219	148	5430	70	70	140	0	0	0	0	-1	0.000097080
SRR11032657.69752	21780	200	136	57	0	0	0	0	0	0	0	-1	0.000074721
SRR11032657.71202	26438	255	173	184	0	0	0	0	0	0	0	-1	0.000095520
SRR11032664.49	27949	290	196	130	0	0	0	0	0	0	0	-1	0.000103880
SRR11032664.330	21736	216	146	1120	51	51	9	1	2	104	1	60	0.000109600
SRR11032664.509	23387	239	162	253426	137	137	124	2	3	126	1	60	0.000161280
SRR11032664.628	24177	251	170	1040	17	17	13	0	0	0	0	-1	0.000096520
SRR11032664.830	22051	217	147	22418	10	10	18	0	0	0	0	-1	0.000081240
SRR11032664.991	27454	284	192	77513	44	44	41	0	0	0	0	-1	0.000112080
SRR11032664.1113	21063	207	140	474	0	0	0	0	0	0	0	-1	0.000074840
SRR11032664.1234	27220	285	193	20602	92	92	57	1	2	121	1	60	0.000144680
SRR11032664.1412	25158	253	171	21269	68	68	23	1	2	115	1	60	0.000123600
SRR11032664.1544	23196	226	153	26031	62	62	25	2	3	101	1	60	0.000134280
SRR11032664.1709	27093	250	169	998	94	94	71	1	2	104	1	60	0.000134880
SRR11032664.1811	24163	234	158	9326	65	65	79	0	0	0	0	-1	0.000103641
SRR11032664.1958	20345	196	133	943	33	33	23	0	0	0	0	-1	0.000079040
SRR11032664.2127	24285	219	148	1822	51	51	29	0	0	0	0	-1	0.000095360
SRR11032664.2266	22092	196	133	97282	40	40	73	0	0	0	0	-1	0.000081201
SRR11032664.2483	21585	209	142	89582	1074	1074	764	0	0	0	0	-1	0.000155481
SRR11032664.2674	20372	213	144	114	0	0	0	0	0	0	0	-1	0.000083600
SRR11032664.2884	25052	240	163	6294	80	80	27	2	3	124	1	60	0.000149360
SRR11032664.3061	21866	229	155	14501	26	26	19	0	0	0	0	-1	0.000087120
SRR11032664.3332	22197	223	151	33099	79	79	41	2	3	100	1	60	0.000140200
SRR11032664.3491	26212	270	183	51301	68	68	73	0	0	0	0	-1	0.000112321
SRR11032664.3713	20779	206	140	28483	46	46	31	0	0	0	0	-1	0.000086320
SRR11032664.3826	20772	216	146	255	6	6	12	0	0	0	0	-1	0.000081080
SRR11032664.4062	21089	209	142	77963	18	18	21	0	0	0	0	-1	0.000079120
SRR11032664.4236	21524	211	143	30571	44	44	43	0	0	0	0	-1	0.000093121
SRR11032664.4368	22670	234	158	6093	22	22	24	0	0	0	0	-1	0.000088040
SRR11032664.4526	20229	195	132	213	29	29	11	0	0	0	0	-1	0.000082841
SRR11032664.4723	20514	220	149	39137	43	43	29	0	0	0	0	-1	0.000087400
SRR11032664.4891	26613	240	163	20067	88	88	65	1	0	0	0	-1	0.000129721
SRR11032664.5129	25689	252	171	50355	68	68	77	0	0	0	0	-1	0.000106840
SRR11032664.5267	24114	213	144	152199	58	58	51	0	0	0	0	-1	0.000096761
SRR11032664.5396	20739	228	154	144863	169	169	226	1	2	110	1	60	0.000181281
SRR11032664.5566	27456	262	177	4294	68	68	75	0	0	0	0	-1	0.000112800
SRR11032664.5697	21079	220	149	197950	67	67	69	0	0	0	0	-1	0.000101800
SRR11032664.5895	27816	286	194	18015	33	33	37	0	0	0	0	-1	0.000108601
SRR11032664.6076	23692	239	162	78475	26	26	23	0	0	0	0	-1	0.000091800
SRR11032664.6286	21744	226	153	6440	37	37	47	0	0	0	0	-1	0.000089721
SRR11032664.6481	22410	234	158	67038	213	213	234	0	0	0	0	-1	0.000140160
SRR11032664.6613	21591	194	131	7321	27	27	30	0	0	0	0	-1	0.000081320
SRR11032664.6755	27572	260	176	127089	103	103	83	2	3	119	1	60	0.000161120
SRR11032664.6827	21495	216	146	14562	266	266	175	2	2	112	1	60	0.000174240
SRR11032664.6998	26793	296	200	24154	60	60	63	0	0	0	0	-1	0.000115841
SRR11032664.7112	21786	202	137	1828	34	34	47	0	0	0	0	-1	0.000085800
SRR11032664.7209	20043	179	121	8825	10	10	14	0	0	0	0	-1	0.000072840
SRR11032664.7307	25181	262	177	28055	69	69	81	0	0	0	0	-1	0.000115800
SRR11032664.7445	24451	238	161	21267	81	81	61	1	2	97	1	60	0.000123520
SRR11032664.7654	22655	222	150	32111	22	22	35	0	0	0	0	-1	0.000086120
SRR11032664.7838	26320	247	167	26268	58	58	39	0	0	0	0	-1	0.000109840
SRR11032664.8009	27451	257	174	48323	61	61	57	0	0	0	0	-1	0.000113440
SRR11032664.8088	26067	273	185	31413	70	70	63	0	0	0	0	-1	0.000119801
SRR11032664.8279	21878	222	150	21617	16	16	31	0	0	0	0	-1	0.000083960
SRR11032664.8529	20302	197	133	157	25	25	13	0	0	0	0	-1	0.000077280
SRR11032664.8733	24693	260	176	134631	101	101	37	1	2	139	1	60	0.000132360
SRR11032664.8874	23660	218	148	73087	42	42	37	0	0	0	0	-1	0.000092921
SRR11032664.8919	23662	215	146	137	0	0	0	0	0	0	0	-1	0.000079960
SRR11032664.9068	20013	177	120	67136	71	71	61	1	2	71	1	60	0.000101921
SRR11032664.9233	20901	218	148	15328	73	73	29	1	2	108	1	60	0.000132800
SRR11032664.9316	23529	225	152	135493	76	76	85	1	0	0	0	-1	0.000131000
SRR11032664.9453	24133	251	170	4174	64	64	39	0	0	0	0	-1	0.000103280
SRR11032664.9596	22202	215	146	17197	57	57	43	0	0	0	0	-1	0.000093440
SRR11032664.9757	24626	226	153	115553	66	66	83	0	0	0	0	-1	0.000102400
SRR11032664.9973	27031	251	170	128081	57	57	77	0	0	0	0	-1	0.000109361
SRR11032664.10081	25518	262	177	23408	61	61	79	0	0	0	0	-1	0.000115720
SRR11032664.10212	22683	250	169	2603	78	78	35	1	2	119	1	60	0.000122200
SRR11032664.10325	22148	177	120	62732	30	30	21	0	0	0	0	-1	0.000079800
SRR11032664.10394	26249	256	173	145700	86	86	135	0	0	0	0	-1	0.000115200
SRR11032664.10549	21219	210	142	80165	38	38	54	0	0	0	0	-1	0.000084800
SRR11032664.10819	27706	287	194	360	18	18	36	0	0	0	0	-1	0.000108600
SRR11032664.10957	26174	244	165	725	36	36	61	0	0	0	0	-1	0.000101840
SRR11032664.11125	25806	250	169	11185	110	110	71	1	2	111	1	60	0.000143760
SRR11032664.11262	23726	257	174	17582	37	37	49	0	0	0	0	-1	0.000100401
SRR11032664.11367	25289	253	171	1507	0	0	0	0	0	0	0	-1	0.000090600
SRR11032664.11466	24721	245	166	36569	58	58	35	0	0	0	0	-1	0.000104281
SRR11032664.11610	25511	258	175	294	0	0	0	0	0	0	0	-1	0.000094000
SRR11032664.11775	22447	219	148	179414	53	53	57	0	0	0	0	-1	0.000094561
SRR11032664.11975	27160	275	186	48198	37	37	27	0	0	0	0	-1	0.000107200
SRR11032664.12055	25662	318	215	101608	48	48	77	0	0	0	0	-1	0.000115160
SRR11032664.12238	24063	248	168	149850	41	41	53	0	0	0	0	-1	0.000099641
SRR11032664.12383	27160	297	201	92551	86	86	47	1	2	126	1	60	0.000143960
SRR11032664.12539	20458	205	139	2585	13	13	26	0	0	0	0	-1	0.000080000
SRR11032664.12748	27419	269	182	56286	36	36	31	0	0	0	0	-1	0.000105761
SRR11032664.12915	25637	256	173	148	0	0	0	0	0	0	0	-1	0.000093800
SRR11032664.13071	21997	195	132	518	27	27	37	0	0	0	0	-1	0.000128440
SRR11032664.13200	23516	220	149	79307	81	81	69	0	0	0	0	-1	0.000105640
SRR11032664.13325	20641	203	138	22268	64	64	49	1	2	83	1	60	0.000112680
SRR11032664.13549	21499	209	142	75722	49	49	31	2	3	85	1	60	0.000129000
SRR11032664.13683	21150	184	125	103937	138	138	233	0	0	0	0	-1	0.000099240
SRR11032664.13893	27452	252	171	138325	70	70	65	0	0	0	0	-1	0.000118880
SRR11032664.14029	26163	261	177	72952	79	79	59	0	0	0	0	-1	0.000113680
SRR11032664.14251	22990	250	169	168248	85	85	39	1	2	124	1	60	0.000125120
SRR11032664.14337	24178	244	165	1590	68	68	74	0	0	0	0	-1	0.000112801
SRR11032664.14455	21693	206	140	17594	51	51	47	0	0	0	0	-1	0.000097120
SRR11032664.14620	21216	227	154	43250	63	63	49	0	0	0	0	-1	0.000102561
SRR11032664.14854	22431	226	153	71520	29	29	36	0	0	0	0	-1	0.000088320
SRR11032664.14977	25367	249	169	6274	64	64	41	0	0	0	0	-1	0.000112160
SRR11032664.15146	23640	257	174	92276	101	101	57	1	2	129	1	60	0.000133080
SRR11032664.15339	24674	255	173	105599	143	143	121	1	2	156	1	60	0.000159640
SRR11032664.15485	20461	213	144	2455	17	17	21	0	0	0	0	-1	0.000080201
SRR11032664.15707	24196	229	155	99097	77	77	49	1	2	102	1	60	0.000126000
SRR11032664.15787	26249	273	185	11122	15	15	29	0	0	0	0	-1	0.000104161
SRR11032664.15976	20299	206	140	156519	159	159	120	2	3	101	1	60	0.000175201
SRR11032664.16275	21031	226	153	2585	24	24	31	0	0	0	0	-1	0.000094080
SRR11032664.16467	24322	241	163	77045	6	6	11	0	0	0	0	-1	0.000091320
SRR11032664.16566	23706	227	154	21476	56	56	33	0	0	0	0	-1	0.000100560
SRR11032664.16702	26373	256	173	22530	68	68	47	0	0	0	0	-1	0.000113321
SRR11032664.16977	23492	250	169	3397	89	89	69	0	0	0	0	-1	0.000113960
SRR11032664.17189	20324	209	142	36900	46	46	69	0	0	0	0	-1	0.000088841
SRR11032664.17400	20164	219	148	148161	80	80	25	1	2	127	1	60	0.000116640
SRR11032664.17526	21810	216	146	112350	93	93	100	1	2	89	1	60	0.000140440
SRR11032664.17648	27870	271	183	71317	64	64	47	0	0	0	0	-1	0.000116720
SRR11032664.17843	22712	207	140	20169	44	44	48	0	0	0	0	-1	0.000090721
SRR11032664.18111	20956	180	122	5277	52	52	29	1	0	0	0	-1	0.000095481
SRR11032664.18285	26551	293	198	103123	117	117	90	1	2	140	1	60	0.000166200
SRR11032664.18419	20690	203	138	396	32	32	43	0	0	0	0	-1	0.000081800
SRR11032664.18530	25787	259	175	62182	46	46	61	0	0	0	0	-1	0.000105601
SRR11032664.18681	20633	214	145	71766	40	40	47	0	0	0	0	-1	0.000085680
SRR11032664.18961	21645	227	154	86256	0	0	0	0	0	0	0	-1	0.000082520
SRR11032664.19159	20523	191	129	236	10	10	15	0	0	0	0	-1	0.000081200
SRR11032664.19259	27278	294	199	10855	107	107	53	1	2	153	1	60	0.000151200
SRR11032664.19523	20034	198	134	20664	33	33	58	0	0	0	0	-1	0.000081040
SRR11032664.19670	20626	195	132	86949	15	15	15	0	0	0	0	-1	0.000075280
SRR11032664.19905	21238	226	153	291	0	0	0	0	0	0	0	-1	0.000081960
SRR11032664.20029	22319	214	145	149778	84	84	77	1	2	87	1	60	0.000129840
SRR11032664.20207	24695	240	163	13970	66	66	57	0	0	0	0	-1	0.000122281
SRR11032664.20315	27013	264	179	72156	60	60	43	0	0	0	0	-1	0.000110800
SRR11032664.20547	25776	261	177	192716	90	90	96	0	0	0	0	-1	0.000121001
SRR11032664.20617	20505	208	141	115794	49	49	27	0	0	0	0	-1	0.000086240
SRR11032664.20715	22075	250	169	3886	99	99	23	1	2	146	1	60	0.000127841
SRR11032664.20916	24508	232	157	52919	4879	4879	775	7	5	101	1	0	0.000365240
SRR11032664.21068	24756	237	160	7063	56	56	51	0	0	0	0	-1	0.000141920
SRR11032664.21210	20735	216	146	45624	51	51	25	0	0	0	0	-1	0.000090080
SRR11032664.21371	24049	233	158	86999	106	106	107	1	2	103	1	60	0.000133881
SRR11032664.21505	23712	249	169	11534	49	49	35	0	0	0	0	-1	0.000115600
SRR11032664.21619	27298	259	175	180695	100	100	89	1	2	115	1	60	0.000152641
SRR11032664.21793	22338	216	146	208	0	0	0	0	0	0	0	-1	0.000080680
SRR11032664.21926	27947	255	173	19880	47	47	48	0	0	0	0	-1	0.000105480
SRR11032664.22070	24590	236	160	1018	12	12	22	0	0	0	0	-1	0.000092920
SRR11032664.22191	22006	230	156	82693	82	82	43	1	2	113	1	60	0.000117800
SRR11032664.22364	23472	246	167	101128	75	75	81	0	0	0	0	-1	0.000104721
SRR11032664.22478	23888	230	156	53850	16	16	11	0	0	0	0	-1	0.000094840
SRR11032664.22632	26150	259	175	6303	61	61	41	0	0	0	0	-1	0.000109160
SRR11032664.22758	21624	215	146	15191	25	25	25	0	0	0	0	-1	0.000083880
SRR11032664.22863	23551	236	160	63676	49	49	44	0	0	0	0	-1	0.000099760
SRR11032664.23095	20519	196	133	23803	4	4	7	0	0	0	0	-1	0.000073841
SRR11032664.23273	21094	218	148	25444	37	37	59	0	0	0	0	-1	0.000087640
SRR11032664.23425	27827	255	173	64161	73	73	55	0	0	0	0	-1	0.000125200
SRR11032664.23515	21967	205	139	74915	33	33	31	0	0	0	0	-1	0.000082401
SRR11032664.23683	27807	264	179	297	52	52	43	0	0	0	0	-1	0.000109400
SRR11032664.23847	21438	220	149	33878	51	51	77	0	0	0	0	-1	0.000090800
SRR11032664.23948	26904	266	180	25140	2	2	4	0	0	0	0	-1	0.000099680
SRR11032664.24101	20468	200	136	14033	63	63	60	0	0	0	0	-1	0.000092800
SRR11032664.24221	21054	224	152	62075	94	94	132	0	0	0	0	-1	0.000104560
SRR11032664.24394	25601	287	194	305251	162	162	120	1	2	147	1	60	0.000164481
SRR11032664.24565	27960	290	196	9544	47	47	63	0	0	0	0	-1	0.000112881
SRR11032664.24722	23647	244	165	153632	42	42	47	0	0	0	0	-1	0.000113640
SRR11032664.24903	24385	244	165	73270	72	72	55	1	2	100	1	60	0.000123160
SRR11032664.25044	24445	255	173	91332	66	66	23	1	2	109	1	60	0.000125680
SRR11032664.25271	20024	186	126	54939	38	38	55	0	0	0	0	-1	0.000080520
SRR11032664.25450	24163	240	163	54362	16	16	21	0	0	0	0	-1	0.000101601
SRR11032664.25574	25815	282	191	46574	51	51	58	0	0	0	0	-1	0.000116640
SRR11032664.25702	25604	255	173	695	8	8	16	0	0	0	0	-1	0.000095880
SRR11032664.25907	25742	275	186	79541	21	21	15	0	0	0	0	-1	0.000102040
SRR11032664.26026	21720	205	139	1269	0	0	0	0	0	0	0	-1	0.000075280
SRR11032664.26201	21576	193	131	2115	46	46	47	0	0	0	0	-1	0.000086561
SRR11032664.26381	24314	235	159	117157	62	62	25	1	2	105	1	60	0.000127880
SRR11032664.26577	24671	263	178	112043	118	118	88	2	3	134	1	60	0.000156480
SRR11032664.26691	24399	245	166	83690	47	47	45	0	0	0	0	-1	0.000101680
SRR11032664.26864	20952	191	129	24756	53	53	41	0	0	0	0	-1	0.000089440
SRR11032664.26987	25217	232	157	98150	91	91	63	2	3	101	1	60	0.000145601
SRR11032664.27189	22259	238	161	146034	78	78	75	0	0	0	0	-1	0.000164440
SRR11032664.27327	21152	204	138	17977	75	75	71	0	0	0	0	-1	0.000112560
SRR11032664.27466	20712	221	150	8565	17	17	34	0	0	0	0	-1	0.000092240
SRR11032664.27756	23618	228	154	26369	46	46	47	0	0	0	0	-1	0.000105880
SRR11032664.27909	22248	223	151	55504	81	81	51	1	2	101	1	60	0.000131800
SRR11032664.28088	21434	218	148	13914	66	66	45	0	0	0	0	-1	0.000099040
SRR11032664.28287	22875	211	143	156243	64	64	52	0	0	0	0	-1	0.000095800
SRR11032664.28348	21234	245	166	12767	73	73	47	2	3	104	1	60	0.000132080
SRR11032664.28479	20285	204	138	63625	33	33	29	0	0	0	0	-1	0.000082041
SRR11032664.28640	23601	235	159	12456	17	17	33	0	0	0	0	-1	0.000093240
SRR11032664.28800	20642	218	148	4121	65	65	23	1	2	110	1	60	0.000129001
SRR11032664.28988	21074	202	137	5533	13	13	19	0	0	0	0	-1	0.000078920
SRR11032664.29186	22027	222	150	358	51	51	45	0	0	0	0	-1	0.000093600
SRR11032664.29273	23725	254	172	40219	80	80	55	0	0	0	0	-1	0.000115601
SRR11032664.29379	20714	205	139	120633	130	130	99	2	3	87	1	60	0.000156761
SRR11032664.29526	25313	251	170	33212	21	21	42	0	0	0	0	-1	0.000100240
SRR11032664.29714	24657	275	186	22057	45	45	39	0	0	0	0	-1	0.000106680
SRR11032664.29865	25855	270	183	45789	72	72	45	0	0	0	0	-1	0.000119280
SRR11032664.30028	27727	248	168	150328	45	45	51	0	0	0	0	-1	0.000106040
SRR11032664.30177	23413	259	175	35579	64	64	37	0	0	0	0	-1	0.000112120
SRR11032664.30332	23390	234	158	69602	38	38	53	0	0	0	0	-1	0.000097481
SRR11032664.30486	24180	251	170	8528	57	57	39	0	0	0	0	-1	0.000103760
SRR11032664.30641	26372	269	182	142000	17	17	13	0	0	0	0	-1	0.000101240
SRR11032664.30808	20583	208	141	29929	65	65	51	0	0	0	0	-1	0.000092800
SRR11032664.30962	23430	230	156	13316	19	19	36	0	0	0	0	-1	0.000091721
SRR11032664.31189	21200	213	144	135471	63	63	86	0	0	0	0	-1	0.000091640
SRR11032664.31300	26722	269	182	152781	84	84	61	1	0	0	0	-1	0.000145881
SRR11032664.31407	25372	251	170	28260	73	73	35	1	2	107	1	60	0.000125361
SRR11032664.31527	23722	239	162	80530	5859	5859	725	7	8	121	1	0	0.000291561
SRR11032664.31632	25252	247	167	31763	3	3	6	0	0	0	0	-1	0.000091241
SRR11032664.31698	26390	233	158	82684	26	26	45	0	0	0	0	-1	0.000099880
SRR11032664.31865	26622	254	172	10303	92	92	75	1	2	115	1	60	0.000141041
SRR11032664.31973	24590	224	152	124795	102	102	73	1	2	110	1	60	0.000132801
SRR11032664.32114	25534	227	154	232	0	0	0	0	0	0	0	-1	0.000090560
SRR11032664.32270	25948	241	163	33398	0	0	0	0	0	0	0	-1	0.000091080
SRR11032664.32488	24696	266	180	34763	63	63	69	0	0	0	0	-1	0.000110080
SRR11032664.32614	24171	232	157	21413	38	38	43	0	0	0	0	-1	0.000095961
SRR11032664.32827	22671	212	144	244790	62	62	55	0	0	0	0	-1	0.000109280
SRR11032664.32967	22351	212	144	21771	65	65	37	1	2	95	1	60	0.000117720
SRR11032664.33087	24164	249	169	53803	76	76	89	0	0	0	0	-1	0.000109801
SRR11032664.33366	20477	210	142	259	32	32	13	0	0	0	0	-1	0.000081440
SRR11032664.33512	25220	250	169	66989	92	92	107	0	0	0	0	-1	0.000116880
SRR11032664.33665	23649	234	158	64582	69	69	45	1	2	97	1	60	0.000120561
SRR11032664.33797	23288	237	160	655	56	56	45	0	0	0	0	-1	0.000099000
SRR11032664.34008	23495	264	179	182625	104	104	69	1	2	118	1	60	0.000140040
SRR11032664.34125	26623	250	169	2644	0	0	0	0	0	0	0	-1	0.000094480
SRR11032664.34248	26996	274	185	276856	52	52	41	0	0	0	0	-1	0.000109400
SRR11032664.34407	24460	248	168	12711	42	42	41	0	0	0	0	-1	0.000099440
SRR11032664.34537	22711	232	157	131373	42	42	27	0	0	0	0	-1	0.000100960
SRR11032664.34713	20328	208	141	11948	8	8	10	0	0	0	0	-1	0.000079200
SRR11032664.34853	21200	226	153	566	32	32	37	0	0	0	0	-1	0.000087201
SRR11032664.34941	23629	242	164	45266	34	34	25	0	0	0	0	-1	0.000093720
SRR11032664.35139	20284	214	145	4283	64	64	45	1	2	90	1	60	0.000116480
SRR11032664.35310	22732	202	137	11481	40	40	46	0	0	0	0	-1	0.000087080
SRR11032664.35561	25103	263	178	247	6	6	12	0	0	0	0	-1	0.000097680
SRR11032664.35772	27826	256	173	43676	78	78	43	1	2	109	1	60	0.000152440
SRR11032664.35932	23625	253	171	45938	16	16	23	0	0	0	0	-1	0.000093840
SRR11032664.36027	24774	239	162	22157	38	38	44	0	0	0	0	-1	0.000099761
SRR11032664.36179	24384	249	169	28714	87	87	95	0	0	0	0	-1	0.000111360
SRR11032664.36398	23248	239	162	191523	88	88	103	0	0	0	0	-1	0.000111560
SRR11032664.36625	26993	250	169	114117	60	60	49	0	0	0	0	-1	0.000110480
SRR11032664.36765	27982	256	173	271265	112	112	117	1	2	103	1	60	0.000157560
SRR11032664.36837	21755	220	149	697	52	52	25	0	0	0	0	-1	0.000096800
SRR11032664.36981	21348	216	146	60938	35	35	49	0	0	0	0	-1	0.000086641
SRR11032664.37073	21668	267	181	5745	12	12	20	0	0	0	0	-1	0.000092920
SRR11032664.37205	23558	234	158	513	76	76	49	1	2	101	1	60	0.000121680
SRR11032664.37324	21515	211	143	5330	41	41	32	0	0	0	0	-1	0.000087160
SRR11032664.37493	20428	210	142	103013	68	68	63	0	0	0	0	-1	0.000093160
SRR11032664.37690	20656	221	150	193	3	3	6	0	0	0	0	-1	0.000078320
SRR11032664.37861	23245	218	148	26793	0	0	0	0	0	0	0	-1	0.000080801
SRR11032664.37993	21596	205	139	71128	38	38	31	0	0	0	0	-1	0.000086120
SRR11032664.38083	27292	275	186	22838	17	17	13	0	0	0	0	-1	0.000105201
SRR11032664.38218	25107	258	175	6224	71	71	142	0	0	0	0	-1	0.000112400
SRR11032664.38372	21412	220	149	143892	65	65	51	0	0	0	0	-1	0.000098680
SRR11032664.38530	20269	184	125	1272	23	23	19	0	0	0	0	-1	0.000075440
SRR11032664.38619	24047	269	182	175990	74	74	55	0	0	0	0	-1	0.000111280
SRR11032664.38756	27457	261	177	404	15	15	23	0	0	0	0	-1	0.000103400
SRR11032664.38854	26447	283	192	229540	100	100	75	1	0	0	0	-1	0.000152041
SRR11032664.38990	27537	265	179	139316	70	70	53	0	0	0	0	-1	0.000112800
SRR11032664.39204	21659	206	140	84605	60	60	47	0	0	0	0	-1	0.000092240
SRR11032664.39389	22586	211	143	216	9	9	18	0	0	0	0	-1	0.000093801
SRR11032664.39511	27115	274	185	38082	2	2	4	0	0	0	0	-1	0.000101840
SRR11032664.39637	23006	211	143	8028	61	61	61	0	0	0	0	-1	0.000095360
SRR11032664.39830	25724	250	169	44645	66	66	43	1	0	0	0	-1	0.000126200
SRR11032664.40006	26012	289	196	107491	87	87	65	0	0	0	0	-1	0.000127040
SRR11032664.40180	20875	189	128	115809	46	46	27	1	2	76	1	60	0.000100720
SRR11032664.40315	21477	200	136	56238	66	66	23	1	2	92	1	60	0.000108520
SRR11032664.40453	22991	222	150	10140	17	17	27	0	0	0	0	-1	0.000085800
SRR11032664.40572	26809	264	179	57079	77	77	49	1	2	111	1	60	0.000136001
SRR11032664.40647	24045	248	168	104794	68	68	43	1	2	100	1	60	0.000124960
SRR11032664.40761	22941	244	165	80401	37	37	53	0	0	0	0	-1	0.000095000
SRR11032664.40877	24366	266	180	339	0	0	0	0	0	0	0	-1	0.000093280
SRR11032664.41109	26560	271	183	150032	97	97	41	1	2	143	1	60	0.000140121
SRR11032664.41298	23322	229	155	68282	20	20	19	0	0	0	0	-1	0.000091480
SRR11032664.41444	21476	208	141	6276	25	25	25	0	0	0	0	-1	0.000088521
SRR11032664.41602	20870	221	150	60518	60	60	29	1	2	91	1	60	0.000119760
SRR11032664.41810	27576	240	163	45186	0	0	0	0	0	0	0	-1	0.000093400
SRR11032664.41971	27538	276	187	194897	66	66	41	0	0	0	0	-1	0.000120800
SRR11032664.42091	22473	225	152	3170	0	0	0	0	0	0	0	-1	0.000082441
SRR11032664.42269	26880	298	202	120743	99	99	53	2	3	140	1	60	0.000172281
SRR11032664.42428	22260	221	150	3960	32	32	31	0	0	0	0	-1	0.000087600
SRR11032664.42752	27537	287	194	151477	155	155	129	1	2	156	1	60	0.000164521
SRR11032664.42952	22335	228	154	93661	75	75	37	1	2	116	1	60	0.000121000
SRR11032664.43053	25910	257	174	188081	43	43	35	0	0	0	0	-1	0.000103000
SRR11032664.43197	24570	259	175	26511	79	79	31	1	2	123	1	60	0.000128360
SRR11032664.43310	23699	237	160	6401	14	14	28	0	0	0	0	-1	0.000091840
SRR11032664.43486	21089	211	143	8927	79	79	35	1	2	109	1	60	0.000113560
SRR11032664.43687	26686	286	194	138679	73	73	57	0	0	0	0	-1	0.000119000
SRR11032664.43831	20663	206	140	453	0	0	0	0	0	0	0	-1	0.000072920
SRR11032664.43953	23270	245	166	42553	24	24	48	0	0	0	0	-1	0.000094200
SRR11032664.44079	25881	262	177	125800	10	10	20	0	0	0	0	-1	0.000099041
SRR11032664.44250	27639	288	195	242127	96	96	99	0	0	0	0	-1	0.000130200
SRR11032664.44429	21426	202	137	219552	64	64	63	0	0	0	0	-1	0.000093360
SRR11032664.44557	24057	244	165	32460	60	60	51	0	0	0	0	-1	0.000103920
SRR11032664.44760	27241	299	202	57847	48	48	43	0	0	0	0	-1	0.000116040
SRR11032664.44930	21265	209	142	51863	23	23	21	0	0	0	0	-1	0.000082120
SRR11032664.45117	27087	259	175	119349	70	70	33	1	2	111	1	60	0.000134960
SRR11032664.45283	23813	217	147	133431	64	64	56	0	0	0	0	-1	0.000104601
SRR11032664.45422	22825	196	133	204183	73	73	21	1	2	101	1	60	0.000128920
SRR11032664.45567	20583	224	152	24339	9	9	18	0	0	0	0	-1	0.000082360
SRR11032664.45698	22345	208	141	52034	24	24	39	0	0	0	0	-1	0.000085081
SRR11032664.45849	27041	302	204	106026	141	141	119	1	2	146	1	60	0.000163641
SRR11032664.45995	21219	207	140	145832	50	50	27	0	0	0	0	-1	0.000097161
SRR11032664.46155	20492	182	123	113026	36	36	31	0	0	0	0	-1	0.000104960
SRR11032664.46297	22805	251	170	1889	0	0	0	0	0	0	0	-1	0.000088120
SRR11032664.46422	21294	207	140	11437	380	380	183	0	0	0	0	-1	0.000097920
SRR11032664.46553	21372	202	137	82102	58	58	28	2	4	86	1	60	0.000140361
SRR11032664.46644	26480	280	190	70325	76	76	87	0	0	0	0	-1	0.000117840
SRR11032664.46744	26055	265	179	1198	21	21	22	0	0	0	0	-1	0.000101920
SRR11032664.46894	25162	296	200	19846	99	99	37	1	2	152	1	60	0.000136761
SRR11032664.47002	22610	234	158	3286	54	54	32	0	0	0	0	-1	0.000101280
SRR11032664.47225	20597	185	125	1538	57	57	41	0	0	0	0	-1	0.000086360
SRR11032664.47310	20407	193	131	12730	29	29	30	0	0	0	0	-1	0.000078600
SRR11032664.47454	25409	242	164	3760	50	50	37	0	0	0	0	-1	0.000105160
SRR11032664.47583	22618	244	165	147637	60	60	31	2	3	103	1	60	0.000139480
SRR11032664.47747	26652	288	195	284022	68	68	55	0	0	0	0	-1	0.000120360
SRR11032664.48000	23291	202	137	56342	54	54	29	1	0	0	0	-1	0.000110121
SRR11032664.48085	21519	210	142	176424	55	55	53	0	0	0	0	-1	0.000092480
SRR11032664.48184	23258	248	168	221845	99	99	67	1	2	126	1	60	0.000129201
SRR11032664.48328	22399	215	146	7289	9	9	5	0	0	0	0	-1	0.000080920
SRR11032664.48484	24715	268	181	1966	0	0	0	0	0	0	0	-1	0.000104081
SRR11032664.48622	20737	179	121	811	34	34	17	0	0	0	0	-1	0.000079520
SRR11032664.48867	22723	243	165	11307	52	52	29	0	0	0	0	-1	0.000102320
SRR11032664.49000	20432	194	131	227	12	12	24	0	0	0	0	-1	0.000080640
SRR11032664.49153	23567	223	151	172170	14	14	15	0	0	0	0	-1	0.000086800
SRR11032664.49369	20453	210	142	120521	70	70	43	1	2	95	1	60	0.000118160
SRR11032664.49478	21574	200	136	129134	55	55	53	0	0	0	0	-1	0.000089360
SRR11032664.49678	21520	226	153	28357	3	3	6	0	0	0	0	-1	0.000086640
SRR11032664.49863	25087	239	162	65163	35	35	49	0	0	0	0	-1	0.000106040
SRR11032664.49946	25500	241	163	2382	94	94	53	2	3	126	1	60	0.000143681
SRR11032664.50089	26759	261	177	12213	0	0	0	0	0	0	0	-1	0.000097440
SRR11032664.50226	21295	210	142	124777	30	30	41	0	0	0	0	-1	0.000085240
SRR11032664.50372	25455	259	175	94303	67	67	53	0	0	0	0	-1	0.000112240
SRR11032664.50479	25511	257	174	18332	33	33	66	0	0	0	0	-1	0.000113640
SRR11032664.50554	27292	253	171	30986	139	139	269	0	0	0	0	-1	0.000127881
SRR11032664.50648	24291	237	160	138251	134	134	176	0	0	0	0	-1	0.000119880
SRR11032664.50726	26955	249	169	85458	1406	1406	2311	0	0	0	0	-1	0.000572521
SRR11032664.50805	26204	240	163	90874	1988	1988	2807	0	0	0	0	-1	0.000656802
SRR11032664.50972	20069	175	119	178916	47	47	15	1	2	76	1	60	0.000098600
SRR11032664.51195	27596	286	194	103909	64	64	49	0	0	0	0	-1	0.000121640
SRR11032664.51320	22907	247	167	87347	79	79	59	1	2	108	1	60	0.000123081
SRR11032664.51475	21201	207	140	304	2	2	4	0	0	0	0	-1	0.000078160
SRR11032664.51551	27649	274	185	145	0	0	0	0	0	0	0	-1	0.000102961
SRR11032664.51647	20010	186	126	42948	35	35	31	0	0	0	0	-1	0.000076000
SRR11032664.51816	27110	245	166	10006	69	69	49	0	0	0	0	-1	0.000116520
SRR11032664.52003	25647	268	181	165410	52	52	43	0	0	0	0	-1	0.000105600
SRR11032664.52122	20713	202	137	20806	66	66	40	2	3	93	1	60	0.000132320
SRR11032664.52307	21492	217	147	86497	70	70	63	0	0	0	0	-1	0.000099401
SRR11032664.52462	24415	244	165	57708	65	65	60	0	0	0	0	-1	0.000107841
SRR11032664.52611	22207	222	150	1231	29	29	51	0	0	0	0	-1	0.000089281
SRR11032664.52763	23927	259	175	57916	18	18	28	0	0	0	0	-1	0.000095920
SRR11032664.52856	26461	266	180	84011	83	83	63	1	2	113	1	60	0.000139240
SRR11032664.53047	23259	245	166	118938	53	53	76	0	0	0	0	-1	0.000099601
SRR11032664.53238	24391	236	160	38579	10	10	20	0	0	0	0	-1	0.000107280
SRR11032664.53369	25823	252	171	260121	55838	55838	10041	4	3	154	1	0	0.001875124
SRR11032664.54836	25060	259	175	2031	84	84	94	0	0	0	0	-1	0.000111320
SRR11032664.54947	23193	229	155	76226	1891	1891	2949	0	0	0	0	-1	0.000607762
SRR11032664.55031	21369	210	142	14695	238	238	454	0	0	0	0	-1	0.000136280
SRR11032664.55256	20202	219	148	25729	15	15	30	0	0	0	0	-1	0.000080961
SRR11032664.55395	21292	189	128	132	0	0	0	0	0	0	0	-1	0.000075480
SRR11032664.56668	26694	268	181	171	0	0	0	0	0	0	0	-1	0.000098801
SRR11032664.57805	26592	223	151	934	0	0	0	0	0	0	0	-1	0.000087840
SRR11032664.58390	21131	216	146	145	0	0	0	0	0	0	0	-1	0.000078400
SRR11032664.58998	21422	203	138	97	0	0	0	0	0	0	0	-1	0.000076520
SRR11032664.59603	24375	233	158	239	2	2	4	0	0	0	0	-1	0.000090360
SRR11032664.60426	26932	258	175	136	0	0	0	0	0	0	0	-1	0.000097520
SRR11032664.61220	25633	235	159	709	0	0	0	0	0	0	0	-1	0.000091881
SRR11032664.61805	22673	230	156	129	0	0	0	0	0	0	0	-1	0.000083481
SRR11032664.62383	27046	267	181	105	0	0	0	0	0	0	0	-1	0.000095480
SRR11032664.62788	21674	198	134	122	0	0	0	0	0	0	0	-1	0.000074840
SRR11032664.63161	24600	228	154	186	0	0	0	0	0	0	0	-1	0.000086801
SRR11032664.63857	20512	209	142	188	0	0	0	0	0	0	0	-1	0.000076120
SRR11032664.64448	26279	267	181	169	0	0	0	0	0	0	0	-1	0.000098560
SRR11032664.65111	23100	249	169	146	0	0	0	0	0	0	0	-1	0.000088760
SRR11032664.65682	24423	263	178	12402	0	0	0	0	0	0	0	-1	0.000091920
SRR11032664.66039	24914	245	166	251	0	0	0	0	0	0	0	-1	0.000093481
SRR11032664.67140	27770	276	187	285	4	4	8	0	0	0	0	-1	0.000104560
SRR11032759.13	24899	245	166	339317	48	48	45	0	0	0	0	-1	0.000101880
SRR11032759.171	27944	279	189	171296	110	110	43	1	2	158	1	60	0.000161960
SRR11032759.325	24163	253	171	35752	72	72	23	1	2	105	1	60	0.000121560
SRR11032759.441	22321	257	174	133154	68	68	43	1	2	105	1	60	0.000124160
SRR11032759.602	25686	241	163	170686	82	82	45	2	3	104	1	60	0.000195601
SRR11032759.670	23675	229	155	138997	87	87	37	1	2	122	1	60	0.000122640
SRR11032759.785	21517	215	146	27054	84	84	27	2	3	120	1	60	0.000135681
SRR11032759.900	20099	203	138	106701	95	95	49	1	2	110	1	60	0.000117681
SRR11032759.1021	22908	227	154	70649	100	100	77	1	2	114	1	60	0.000122481
SRR11032759.1116	25972	260	176	31377	73	73	45	1	2	107	1	60	0.000147680
SRR11032759.1249	22474	245	166	38348	68	68	75	0	0	0	0	-1	0.000100200
SRR11032759.1400	20916	227	154	72155	96	96	67	1	2	108	1	60	0.000121760
SRR11032759.1515	20293	205	139	68590	33	33	13	0	0	0	0	-1	0.000082400
SRR11032759.1603	20599	202	137	209285	106	106	75	2	3	123	1	60	0.000138000
SRR11032759.1702	21148	219	148	5579	999	999	300	7	5	110	1	0	0.000204480
SRR11032759.1848	24180	228	154	104668	67	67	129	0	0	0	0	-1	0.000096801
SRR11032759.1967	21152	181	123	83694	251	251	387	0	0	0	0	-1	0.000104160
SRR11032759.2087	23740	245	166	149892	215	215	126	1	2	150	1	60	0.000147121
SRR11032759.2192	22770	208	141	352320	166	166	239	1	2	100	1	60	0.000158720
SRR11032759.2264	20125	197	133	11420	7	7	8	0	0	0	0	-1	0.000073840
SRR11032759.2376	25426	261	177	659	106	106	35	2	3	154	1	60	0.000161720
SRR11032759.2473	20960	229	155	5795	65	65	45	1	2	99	1	60	0.000112720
SRR11032759.2608	20435	209	142	186382	56	56	33	1	2	88	1	60	0.000109640
SRR11032759.2728	23769	229	155	101107	112	112	77	1	2	123	1	60	0.000135521
SRR11032759.2892	24665	231	156	181503	120	120	65	2	3	144	1	60	0.000147761
SRR11032759.2988	27212	264	179	81055	110	110	104	1	2	117	1	60	0.000165400
SRR11032759.3146	20379	205	139	17675	86	86	49	1	2	99	1	60	0.000113760
SRR11032759.3252	23192	199	135	148167	73	73	43	2	3	86	1	60	0.000130640
SRR11032759.3483	24500	232	157	177057	93	93	35	1	2	129	1	60	0.000137521
SRR11032759.3662	24509	257	174	23214	96	96	39	1	2	137	1	60	0.000131201
SRR11032759.3789	23399	239	162	131659	58	58	41	0	0	0	0	-1	0.000108400
SRR11032759.3859	22066	214	145	84659	84	84	33	2	3	105	1	60	0.000138960
SRR11032759.3987	25538	248	168	144171	98	98	49	1	2	133	1	60	0.000135160
SRR11032759.4112	27751	324	219	150257	119	119	43	1	2	179	1	60	0.000158560
SRR11032759.4333	22058	201	136	58551	72	72	47	1	2	90	1	60	0.000116080
SRR11032759.4456	22351	258	175	30080	97	97	37	1	2	145	1	60	0.000123000
SRR11032759.4551	23004	237	160	262393	55	55	43	0	0	0	0	-1	0.000100080
SRR11032759.4677	26098	228	154	102318	33	33	15	0	0	0	0	-1	0.000099560
SRR11032759.4769	21026	218	148	14238	102	102	51	1	2	136	1	60	0.000128480
SRR11032759.4874	22264	208	141	138335	244	244	93	2	3	125	1	60	0.000185000
SRR11032759.4952	25396	239	162	20850	172	172	170	2	3	97	1	0	0.000159440
SRR11032759.5039	27433	269	182	216902	264	264	347	1	2	156	1	60	0.000206241
SRR11032759.5118	20949	181	123	9612	0	0	0	0	0	0	0	-1	0.000073000
SRR11032759.5205	25827	252	171	1843	0	0	0	0	0	0	0	-1	0.000096120
SRR11032759.5406	24502	276	187	2228	0	0	0	0	0	0	0	-1	0.000096520
SRR11032759.5488	24400	241	163	209	0	0	0	0	0	0	0	-1	0.000091801
SRR11032759.5569	20598	208	141	17572	106	106	75	1	2	121	1	60	0.000120560
SRR11032759.5697	26883	254	172	23127	150	150	107	1	2	163	1	60	0.000156681
SRR11032759.5790	21847	209	142	34460	88	88	45	1	2	110	1	60	0.000121161
SRR11032759.5886	27236	285	193	40302	96	96	62	2	3	131	1	60	0.000165961
SRR11032759.5995	22225	232	157	107315	129	129	75	2	3	143	1	60	0.000139880
SRR11032759.6127	24481	244	165	30618	105	105	39	1	2	145	1	60	0.000139080
SRR11032759.6254	26040	275	186	25859	148	148	89	1	2	172	1	60	0.000147360
SRR11032759.6378	21704	186	126	59676	76	76	54	2	3	87	1	60	0.000115880
SRR11032759.6562	24385	258	175	219073	59	59	79	0	0	0	0	-1	0.000108241
SRR11032759.6670	23397	198	134	4959	7	7	14	0	0	0	0	-1	0.000081960
SRR11032759.6785	20063	222	150	54303	4	4	8	0	0	0	0	-1	0.000078120
SRR11032759.6905	20735	227	154	76784	89	89	57	1	2	113	1	60	0.000116160
SRR11032759.7001	23755	257	174	129484	132	132	81	1	2	154	1	60	0.000138360
SRR11032759.7112	20865	187	127	4577	79	79	19	1	2	111	1	60	0.000101520
SRR11032759.7300	23133	260	176	53193	103	103	41	2	3	148	1	60	0.000145800
SRR11032759.7401	22778	208	141	111600	69	69	13	1	2	113	1	60	0.000108520
SRR11032759.7460	22506	229	155	73490	85	85	41	1	2	122	1	60	0.000119720
SRR11032759.7527	27436	256	173	47729	99	99	77	1	2	111	1	60	0.000140320
SRR11032759.7638	25464	258	175	88161	109	109	33	2	3	151	1	60	0.000151840
SRR11032759.7733	21225	227	154	47565	110	110	103	1	2	107	1	60	0.000123800
SRR11032759.7802	21173	195	132	6208	71	71	19	1	2	103	1	60	0.000119760
SRR11032759.7930	25874	245	166	163636	75	75	27	1	2	118	1	60	0.000129400
SRR11032759.8041	22106	224	152	118523	110	110	65	1	2	137	1	60	0.000131520
SRR11032759.8096	27186	251	170	10507	92	92	35	2	3	137	1	60	0.000151080
SRR11032759.8181	27436	289	196	113649	96	96	26	2	3	140	1	60	0.000160080
SRR11032759.8383	24776	238	161	3707	8	8	16	0	0	0	0	-1	0.000094640
SRR11032759.8474	24057	255	173	61184	114	114	51	1	2	147	1	60	0.000134121
SRR11032759.8633	21843	203	138	14390	94	94	63	1	2	115	1	60	0.000120560
SRR11032759.8750	21100	205	139	23298	63	63	45	1	0	0	0	-1	0.000111680
SRR11032759.8824	24345	253	171	184599	113	113	93	1	2	128	1	60	0.000144961
SRR11032759.8946	22291	247	167	61499	125	125	61	1	2	164	1	60	0.000128400
SRR11032759.9133	20483	203	138	124597	91	91	53	1	2	110	1	60	0.000116200
SRR11032759.9316	20954	216	146	145191	107	107	83	1	2	122	1	60	0.000132600
SRR11032759.9451	25742	274	185	24916	96	96	40	2	3	140	1	60	0.000150040
SRR11032759.9529	21497	236	160	44318	102	102	66	2	3	121	1	60	0.000144680
SRR11032759.9678	25431	274	185	26301	18	18	36	0	0	0	0	-1	0.000103840
SRR11032759.9797	25946	257	174	33850	87	87	31	1	2	140	1	60	0.000128880
SRR11032759.9954	26880	276	187	13956	39	39	49	0	0	0	0	-1	0.000110640
SRR11032759.10023	27841	274	185	214722	148	148	79	1	2	178	1	60	0.000153121
SRR11032759.10151	27193	255	173	169249	90	90	35	1	2	134	1	60	0.000138080
SRR11032759.10274	25891	271	183	7253	76	76	17	1	2	136	1	60	0.000144600
SRR11032759.10380	27453	234	158	21022	63	63	49	0	0	0	0	-1	0.000111240
SRR11032759.10525	23775	234	158	46280	121	121	83	1	2	130	1	60	0.000136560
SRR11032759.10636	24485	250	169	279153	160	160	145	1	2	155	1	60	0.000156080
SRR11032759.10750	27868	285	193	70574	59	59	55	0	0	0	0	-1	0.000115320
SRR11032759.10826	25066	222	150	88693	105	105	70	1	2	115	1	60	0.000134120
SRR11032759.10972	24901	281	190	123001	100	100	35	1	2	154	1	60	0.000130561
SRR11032759.11047	20928	170	115	86270	15	15	30	0	0	0	0	-1	0.000071000
SRR11032759.11216	25192	239	162	8124	101	101	37	1	2	137	1	60	0.000125200
SRR11032759.11271	22480	201	136	97930	191	191	260	1	2	108	1	60	0.000155840
SRR11032759.11424	23811	244	165	2040	122	122	83	1	2	132	1	60	0.000131120
SRR11032759.11552	26889	258	175	33989	46	46	43	0	0	0	0	-1	0.000108320
SRR11032759.11697	21709	233	158	44717	97	97	67	2	3	127	1	60	0.000139720
SRR11032759.11811	23250	212	144	30530	43	43	46	0	0	0	0	-1	0.000110680
SRR11032759.11937	27805	266	180	74695	78	78	65	0	0	0	0	-1	0.000121201
SRR11032759.12005	27112	294	199	98157	71	71	57	0	0	0	0	-1	0.000117560
SRR11032759.12117	23899	221	150	639	36	36	37	0	0	0	0	-1	0.000092520
SRR11032759.12222	25927	253	171	106522	156	156	163	2	3	132	1	60	0.000170800
SRR11032759.12303	20036	215	146	60621	111	111	85	1	2	119	1	60	0.000128720
SRR11032759.12477	25145	257	174	64242	121	121	91	2	3	133	1	60	0.000156921
SRR11032759.12600	23628	228	154	105010	70	70	45	1	2	98	1	60	0.000117160
SRR11032759.12723	25904	220	149	85063	90	90	71	1	2	91	1	60	0.000138480
SRR11032759.12821	25007	274	185	94643	106	106	89	1	2	123	1	60	0.000145441
SRR11032759.12899	25267	241	163	13457	93	93	56	2	3	117	1	60	0.000143840
SRR11032759.13003	21537	232	157	11059	108	108	97	1	2	109	1	60	0.000122361
SRR11032759.13150	20901	200	136	76389	82	82	59	1	2	100	1	60	0.000115360
SRR11032759.13245	27287	280	190	227893	133	133	71	2	3	160	1	60	0.000190240
SRR11032759.13333	21109	225	152	33291	71	71	23	1	2	124	1	60	0.000120960
SRR11032759.13466	20634	215	146	50148	81	81	33	1	2	114	1	60	0.000120960
SRR11032759.13626	24541	218	148	64002	140	140	96	2	4	140	1	60	0.000166840
SRR11032759.13770	22635	215	146	5574	28	28	35	0	0	0	0	-1	0.000085360
SRR11032759.13868	20108	206	140	113012	90	90	43	1	2	123	1	60	0.000115720
SRR11032759.13937	27499	261	177	196947	138	138	101	1	2	142	1	60	0.000155241
SRR11032759.14079	22039	238	161	87600	87	87	85	2	2	96	1	60	0.000131560
SRR11032759.14195	23538	231	156	254	0	0	0	0	0	0	0	-1	0.000087640
SRR11032759.14308	20735	198	134	140429	128	128	119	1	2	118	1	60	0.000125040
SRR11032759.14410	24373	235	159	96150	71	71	31	1	2	113	1	60	0.000122441
SRR11032759.14631	20333	199	135	14815	85	85	85	1	2	86	1	60	0.000118640
SRR11032759.14747	21964	229	155	14514	90	90	17	1	2	143	1	60	0.000119280
SRR11032759.14926	23865	266	180	6733	134	134	58	1	2	170	1	60	0.000139920
SRR11032759.15030	24143	222	150	67737	107	107	87	2	3	121	1	60	0.000165041
SRR11032759.15157	22848	253	171	64739	73	73	53	0	0	0	0	-1	0.000113120
SRR11032759.15230	24715	247	167	78965	101	101	27	1	2	155	1	60	0.000126600
SRR11032759.15346	22345	251	170	129926	102	102	95	1	2	110	1	60	0.000132080
SRR11032759.15455	23968	249	169	195501	107	107	121	1	0	0	0	-1	0.000140360
SRR11032759.15588	26609	265	179	48436	106	106	33	1	2	159	1	60	0.000137880
SRR11032759.15695	24911	274	185	78214	84	84	29	1	2	132	1	60	0.000136521
SRR11032759.15856	24634	253	171	118574	141	141	91	1	2	155	1	60	0.000143960
SRR11032759.15991	26331	252	171	21566	148	148	58	2	2	126	1	60	0.000154720
SRR11032759.16073	21365	229	155	28433	101	101	44	3	4	106	1	0	0.000146280
SRR11032759.16169	24389	246	167	161072	98	98	37	2	3	143	1	60	0.000142840
SRR11032759.16240	20908	225	152	152236	67	67	41	1	2	99	1	60	0.000138160
SRR11032759.16330	24269	225	152	111182	88	88	73	1	2	98	1	60	0.000142081
SRR11032759.16426	21092	202	137	17593	52	52	33	0	0	0	0	-1	0.000089841
SRR11032759.16575	20105	219	148	111926	54	54	53	0	0	0	0	-1	0.000094320
SRR11032759.16673	25515	266	180	299078	163	163	171	1	2	145	1	60	0.000158520
SRR11032759.16770	24696	249	169	1286	122	122	39	2	3	156	1	60	0.000143881
SRR11032759.16864	25079	247	167	12321	85	85	25	2	3	128	1	60	0.000140721
SRR11032759.16991	21949	234	158	74104	104	104	58	2	3	127	1	60	0.000138881
SRR11032759.17158	27116	248	168	43290	93	93	35	1	2	128	1	60	0.000134681
SRR11032759.17293	23885	243	165	127261	82	82	43	1	2	121	1	60	0.000126040
SRR11032759.17390	24369	261	177	104377	100	100	37	2	3	149	1	60	0.000161800
SRR11032759.17496	21513	230	156	17123	108	108	53	1	2	140	1	60	0.000123600
SRR11032759.17619	21340	214	145	206066	97	97	58	2	4	118	1	60	0.000143320
SRR11032759.17763	23595	249	169	178593	79	79	47	1	2	114	1	60	0.000124440
SRR11032759.17878	24646	262	177	15156	109	109	49	1	2	156	1	60	0.000129440
SRR11032759.17976	21526	206	140	49689	88	88	27	1	2	128	1	60	0.000101080
SRR11032759.18077	20140	191	129	36781	62	62	41	1	2	82	1	60	0.000104400
SRR11032759.18250	25576	240	163	76984	53	53	17	1	2	105	1	60	0.000114561
SRR11032759.18337	22582	230	156	23314	76	76	41	2	3	112	1	60	0.000195961
SRR11032759.18447	25941	263	178	16553	92	92	39	2	3	134	1	60	0.000147801
SRR11032759.18575	25783	236	160	3517	93	93	63	2	3	118	1	60	0.000142600
SRR11032759.18724	27386	262	177	115513	94	94	46	1	2	115	1	60	0.000142240
SRR11032759.18802	25998	257	174	33212	89	89	55	1	2	112	1	60	0.000138400
SRR11032759.18948	20260	225	152	877	46	46	50	0	0	0	0	-1	0.000091641
SRR11032759.19070	24659	213	144	117111	80	80	21	1	2	121	1	60	0.000121560
SRR11032759.19232	20337	196	133	4826	69	69	21	2	3	105	1	60	0.000119241
SRR11032759.19334	20587	196	133	114047	69	69	17	2	3	112	1	60	0.000114121
SRR11032759.19445	26643	272	184	6484	119	119	45	1	2	168	1	60	0.000142960
SRR11032759.19550	21063	292	198	91823	29733	29733	698	69	5	199	1	0	0.001380963
SRR11032759.19638	21092	222	150	150372	76	76	31	1	2	117	1	60	0.000123320
SRR11032759.19769	25928	273	185	353964	224	224	205	1	2	178	1	60	0.000192641
SRR11032759.19896	22427	241	163	4491	106	106	55	1	2	135	1	60	0.000127361
SRR11032759.20090	20319	215	146	224827	122	122	123	0	0	0	0	-1	0.000115001
SRR11032759.20187	24895	220	149	183795	132	132	116	2	4	101	1	60	0.000167920
SRR11032759.20290	22113	244	165	80335	45	45	45	0	0	0	0	-1	0.000096200
SRR11032759.20348	22007	221	150	25055	68	68	27	1	2	112	1	60	0.000316280
SRR11032759.20437	25372	245	166	205258	138	138	147	1	2	118	1	60	0.000146081
SRR11032759.20524	26011	274	185	17133	115	115	43	1	2	168	1	60	0.000152200
SRR11032759.20599	23119	228	154	29443	81	81	49	2	3	114	1	60	0.000134880
SRR11032759.20734	22293	238	161	109438	75	75	31	1	2	115	1	60	0.000114920
SRR11032759.20849	25486	245	166	210	0	0	0	0	0	0	0	-1	0.000094320
SRR11032759.20941	22394	207	140	428	63	63	13	2	3	110	1	60	0.000125840
SRR11032759.21158	22013	246	167	2015	28	28	42	0	0	0	0	-1	0.000093320
SRR11032759.21338	23883	211	143	77068	90	90	35	1	2	116	1	60	0.000123240
SRR11032759.21425	25768	256	173	889	73	73	27	1	2	127	1	60	0.000124880
SRR11032759.21537	27245	276	187	236517	111	111	65	1	2	152	1	60	0.000156241
SRR11032759.21640	26007	251	170	145270	109	109	39	1	2	152	1	60	0.000134481
SRR11032759.21772	23413	220	149	20473	6321	6321	412	7	3	113	1	0	0.000265280
SRR11032759.21867	22725	236	160	184244	104	104	91	1	2	112	1	60	0.000133720
SRR11032759.21930	23148	209	142	147858	75	75	53	1	2	95	1	60	0.000125520
SRR11032759.22074	24021	230	156	5032	21	21	30	0	0	0	0	-1	0.000144160
SRR11032759.22171	27962	280	190	339431	338	338	492	1	2	144	1	60	0.000220321
SRR11032759.22244	24525	246	167	138752	93	93	43	1	2	135	1	60	0.000128841
SRR11032759.22362	27148	258	175	118575	145	145	75	1	2	171	1	60	0.000145240
SRR11032759.22463	25712	254	172	71914	161	161	176	2	3	132	1	60	0.000172281
SRR11032759.22522	21086	203	138	178108	232	232	346	1	2	115	1	60	0.000163480
SRR11032759.22556	27044	284	192	117834	124	124	71	2	3	154	1	60	0.000170081
SRR11032759.22650	27720	285	193	133487	112	112	35	1	2	157	1	60	0.000161481
SRR11032759.22745	24681	269	182	95158	102	102	65	1	2	135	1	60	0.000138600
SRR11032759.22835	22571	233	158	2439	66	66	41	0	0	0	0	-1	0.000101640
SRR11032759.22963	20965	211	143	138433	143	143	136	2	3	129	1	60	0.000166320
SRR11032759.23072	24722	239	162	17855	106	106	35	1	2	133	1	60	0.000130200
SRR11032759.23301	25766	251	170	230	57	57	35	1	0	0	0	-1	0.000134560
SRR11032759.23500	26440	260	176	61049	142	142	119	1	2	142	1	60	0.000136480
SRR11032759.23624	21513	243	165	46816	97	97	63	1	2	124	1	60	0.000127600
SRR11032759.23721	23184	226	153	5385	85	85	38	2	3	122	1	60	0.000132520
SRR11032759.23799	20339	224	152	72488	121	121	67	1	2	139	1	60	0.000133480
SRR11032759.23944	23205	222	150	135639	103	103	118	0	0	0	0	-1	0.000117880
SRR11032759.24031	24499	278	188	77064	15559	15559	943	15	6	176	1	0	0.000530081
SRR11032759.24146	25856	269	182	60758	95	95	69	0	0	0	0	-1	0.000128880
SRR11032759.24247	24026	259	175	75154	138	138	75	1	2	163	1	60	0.000159080
SRR11032759.24336	21691	216	146	117217	55	55	27	1	2	89	1	60	0.000117200
SRR11032759.24451	20459	212	144	188346	83	83	39	2	3	118	1	60	0.000136280
SRR11032759.24576	22221	181	123	94116	53	53	37	0	0	0	0	-1	0.000089520
SRR11032759.24748	20615	206	140	75883	44	44	47	0	0	0	0	-1	0.000087721
SRR11032759.24855	24043	229	155	36260	42	42	31	0	0	0	0	-1	0.000096841
SRR11032759.24991	21835	201	136	110522	74	74	21	1	2	110	1	60	0.000113480
SRR11032759.25125	21155	210	142	141826	114	114	84	2	3	105	1	60	0.000147601
SRR11032759.25373	25736	268	181	274831	188	188	190	2	3	150	1	60	0.000178281
SRR11032759.25450	27001	255	173	101798	116	116	39	1	2	163	1	60	0.000139560
SRR11032759.25573	26797	235	159	85135	107	107	61	1	2	122	1	60	0.000134040
SRR11032759.25632	20318	195	132	146061	103	103	99	1	2	93	1	60	0.000119040
SRR11032759.25721	23914	214	145	150057	437	437	374	1	2	120	1	60	0.000190841
SRR11032759.25831	22537	244	165	51795	4	4	8	0	0	0	0	-1	0.000095480
SRR11032759.25947	24449	247	167	70192	82	82	29	1	2	125	1	60	0.000124840
SRR11032759.26035	23075	227	154	34712	119	119	111	1	2	111	1	60	0.000135360
SRR11032759.26162	27231	271	183	36710	113	113	27	1	2	159	1	60	0.000146680
SRR11032759.26265	24631	238	161	81113	123	123	71	1	2	140	1	60	0.000130520
SRR11032759.26408	23712	200	136	32232	7	7	9	0	0	0	0	-1	0.000082400
SRR11032759.26482	26069	248	168	30787	96	96	35	1	2	136	1	60	0.000134401
SRR11032759.26607	23962	231	156	50702	65	65	31	1	0	0	0	-1	0.000118840
SRR11032759.26786	27464	289	196	348374	227	227	283	1	2	159	1	60	0.000445881
SRR11032759.26868	20774	202	137	37572	89	89	72	2	3	93	1	60	0.000180640
SRR11032759.27001	21465	209	142	188567	74	74	20	2	3	115	1	60	0.000138720
SRR11032759.27131	24009	235	159	36295	104	104	61	1	2	122	1	60	0.000136040
SRR11032759.27227	25226	277	187	150408	83	83	29	1	2	136	1	60	0.000137160
SRR11032759.27331	23560	256	173	11389	40	40	45	0	0	0	0	-1	0.000100320
SRR11032759.27459	24176	225	152	8750	65	65	33	1	2	108	1	60	0.000121760
SRR11032759.27547	21323	228	154	82433	101	101	85	1	2	102	1	60	0.000129681
SRR11032759.27665	26332	283	192	111354	66	66	37	0	0	0	0	-1	0.000118880
SRR11032759.27812	20123	222	150	80847	80	80	19	1	2	127	1	60	0.000112600
SRR11032759.27881	22924	234	158	12712	71	71	17	1	2	117	1	60	0.000115800
SRR11032759.28003	26087	286	194	7811	320	320	249	2	2	126	1	60	0.000188801
SRR11032759.28193	22880	246	167	285504	139	139	111	1	2	148	1	60	0.000146120
SRR11032759.28359	23016	244	165	3150	101	101	59	1	2	124	1	60	0.000150680
SRR11032759.28498	27957	286	194	5459	123	123	51	2	3	166	1	60	0.000168961
SRR11032759.28628	26653	257	174	88199	98	98	57	1	2	120	1	60	0.000160040
SRR11032759.28686	24809	240	163	130187	101	101	33	1	2	142	1	60	0.000129920
SRR11032759.28809	23101	254	172	151175	136	136	171	1	2	117	1	60	0.000152200
SRR11032759.28962	24165	208	141	2376	20	20	21	0	0	0	0	-1	0.000088320
SRR11032759.29177	25619	246	167	46123	79	79	47	1	2	101	1	60	0.000135401
SRR11032759.29290	23146	241	163	96973	124	124	101	1	2	135	1	60	0.000143320
SRR11032759.29402	22022	229	155	24288	133	133	101	1	2	131	1	60	0.000135400
SRR11032759.29484	20850	225	152	126406	89	89	77	2	3	96	1	60	0.000140361
SRR11032759.29591	25666	262	177	3302	92	92	63	1	2	121	1	60	0.000139680
SRR11032759.29679	24023	310	210	77189	17972	17972	891	16	6	160	1	0	0.000586201
SRR11032759.29753	27298	258	175	63808	95	95	51	1	2	131	1	60	0.000147680
SRR11032759.29832	23501	232	157	36053	64	64	35	1	2	96	1	60	0.000122320
SRR11032759.30009	23847	246	167	89082	41	41	28	0	0	0	0	-1	0.000119200
SRR11032759.30161	24928	248	168	72596	96	96	51	1	2	124	1	60	0.000138760
SRR11032759.30271	20179	204	138	62702	60	60	47	0	0	0	0	-1	0.000092801
SRR11032759.30346	20403	226	153	97355	88	88	29	1	2	129	1	60	0.000114000
SRR11032759.30431	22925	237	160	93064	96	96	93	1	2	101	1	60	0.000128080
SRR11032759.30543	25391	250	169	30863	51	51	73	0	0	0	0	-1	0.000129600
SRR11032759.30643	22879	235	159	213576	114	114	91	1	2	127	1	60	0.000136560
SRR11032759.30766	27342	267	181	62670	127	127	133	1	2	118	1	60	0.000170440
SRR11032759.30887	27733	306	207	76051	108	108	41	1	2	156	1	60	0.000160160
SRR11032759.31014	22747	236	160	261108	79	79	31	1	2	121	1	60	0.000125560
SRR11032759.31137	21622	236	160	32698	79	79	27	2	3	126	1	60	0.000135600
SRR11032759.31234	27843	288	195	76588	21514	21514	1015	2	3	146	1	0	0.000352121
SRR11032759.31372	24741	236	160	134443	98	98	57	1	2	127	1	60	0.000132840
SRR11032759.31541	21393	195	132	84009	39	39	23	0	0	0	0	-1	0.000108001
SRR11032759.31759	25593	263	178	37632	47	47	81	0	0	0	0	-1	0.000111441
SRR11032759.31909	21155	213	144	1505	29	29	37	0	0	0	0	-1	0.000087321
SRR11032759.32028	27347	245	166	103491	129	129	107	1	2	116	1	60	0.000138920
SRR11032759.32136	25378	281	190	110348	147	147	85	2	3	175	1	60	0.000174200
SRR11032759.32205	20045	187	127	102902	90	90	35	1	2	118	1	60	0.000108081
SRR11032759.32298	20227	229	155	14965	118	118	78	2	3	136	1	60	0.000137240
SRR11032759.32441	25343	253	171	15082	68	68	49	0	0	0	0	-1	0.000122560
SRR11032759.32506	24499	268	181	9201	57	57	36	0	0	0	0	-1	0.000112880
SRR11032759.32631	20903	225	152	51094	99	99	97	1	2	101	1	60	0.000122320
SRR11032759.32784	20351	193	131	163817	41	41	23	1	0	0	0	-1	0.000098720
SRR11032759.32879	20682	192	130	17457	51	51	11	2	3	92	1	60	0.000113801
SRR11032759.32994	23382	224	152	193914	138	138	159	1	2	116	1	60	0.000153400
SRR11032759.33129	25997	277	187	8261	140	140	35	1	2	191	1	60	0.000145600
SRR11032759.33307	23943	259	175	70427	107	107	79	1	2	114	1	60	0.000146241
SRR11032759.33422	22796	232	157	6199	95	95	29	1	2	139	1	60	0.000123401
SRR11032759.33577	25229	228	154	60326	76	76	31	2	3	122	1	60	0.000137240
SRR11032759.33705	23811	235	159	58935	82	82	39	1	2	111	1	60	0.000126160
SRR11032759.33861	21378	222	150	13119	78	78	34	2	3	110	1	60	0.000143120
SRR11032759.34013	21783	235	159	98355	28	28	19	0	0	0	0	-1	0.000092800
SRR11032759.34070	20395	226	153	25312	84	84	35	1	2	120	1	60	0.000120720
SRR11032759.34172	24923	216	146	89017	372	372	125	4	4	112	1	0	0.000237801
SRR11032759.34279	20758	209	142	163125	307	307	144	2	3	133	1	0	0.000189121
SRR11032759.34420	20540	208	141	62846	107	107	59	1	2	132	1	60	0.000125400
SRR11032759.34513	21186	222	150	49027	105	105	73	1	2	124	1	60	0.000131440
SRR11032759.34624	21824	205	139	143731	92	92	43	1	2	124	1	60	0.000123520
SRR11032759.34717	21431	230	156	255058	189	189	256	2	3	111	1	60	0.000166121
SRR11032759.34820	25358	263	178	27952	0	0	0	0	0	0	0	-1	0.000097561
SRR11032759.34923	23182	225	152	12645	87	87	27	1	2	125	1	60	0.000131041
SRR11032759.35049	26755	266	180	95762	86	86	57	1	2	118	1	60	0.000142961
SRR11032759.35245	23438	196	133	28380	80	80	33	2	3	112	1	60	0.000135600
SRR11032759.35353	25553	249	169	184151	68	68	29	1	2	116	1	60	0.000128320
SRR11032759.35520	25394	245	166	225865	143	143	119	1	2	150	1	60	0.000151680
SRR11032759.35647	25539	255	173	270791	147	147	125	1	2	151	1	60	0.000150281
SRR11032759.35781	20536	207	140	68082	63	63	39	1	2	96	1	60	0.000114520
SRR11032759.35988	27647	289	196	10745	82	82	23	1	2	151	1	60	0.000142880
SRR11032759.36157	26380	265	179	310	10	10	20	0	0	0	0	-1	0.000112040
SRR11032759.36305	27920	261	177	69199	95	95	23	2	3	139	1	60	0.000151440
SRR11032759.36466	27221	283	192	24035	63	63	23	1	2	123	1	60	0.000139400
SRR11032759.36568	27550	273	185	235190	84	84	31	1	2	137	1	60	0.000152400
SRR11032759.36692	24986	248	168	144363	77	77	31	1	2	125	1	60	0.000126041
SRR11032759.36788	26351	245	166	257	0	0	0	0	0	0	0	-1	0.000094321
SRR11032759.36890	21781	221	150	40878	1987	1987	773	0	0	0	0	-1	0.000200641
SRR11032759.37038	25713	236	160	248817	98	98	41	2	3	122	1	60	0.000149360
SRR11032759.37186	22279	226	153	73900	144	144	80	1	2	148	1	60	0.000145080
SRR11032759.37291	21020	216	146	34311	123	123	123	1	2	119	1	60	0.000140840
SRR11032759.37393	23297	223	151	179911	59	59	39	0	0	0	0	-1	0.000106040
SRR11032759.37560	26293	248	168	2095	7	7	14	0	0	0	0	-1	0.000099040
SRR11032759.37726	20278	200	136	2413	6	6	12	0	0	0	0	-1	0.000081400
SRR11032759.37857	23501	239	162	185099	96	96	51	1	2	131	1	60	0.000127360
SRR11032759.37996	22553	219	148	217	0	0	0	0	0	0	0	-1	0.000085241
SRR11032759.38070	27594	252	171	221634	102	102	51	1	2	139	1	60	0.000145201
SRR11032759.38184	23710	245	166	1130	19	19	26	0	0	0	0	-1	0.000115641
SRR11032759.38295	23160	233	158	69376	89	89	27	1	2	135	1	60	0.000121560
SRR11032759.38423	26982	282	191	132414	98	98	37	1	2	143	1	60	0.000146720
SRR11032759.38511	22662	214	145	16403	93	93	51	1	2	106	1	60	0.000127560
SRR11032759.38674	20808	209	142	37830	30	30	36	0	0	0	0	-1	0.000086000
SRR11032759.38811	21707	250	169	71275	131	131	97	1	2	150	1	60	0.000139921
SRR11032759.38936	25442	248	168	332235	102	102	73	1	2	127	1	60	0.000146160
SRR11032759.39118	23379	238	161	39246	50	50	25	1	0	0	0	-1	0.000119920
SRR11032759.39240	20746	215	146	154113	78	78	31	1	2	115	1	60	0.000120680
SRR11032759.39392	25374	249	169	88943	32	32	41	0	0	0	0	-1	0.000104760
SRR11032759.39466	25242	261	177	180137	123	123	81	1	2	140	1	60	0.000148040
SRR11032759.39597	25341	237	160	447	19	19	31	0	0	0	0	-1	0.000110160
SRR11032759.39755	21559	221	150	19195	72	72	35	1	2	110	1	60	0.000123681
SRR11032759.39887	20869	186	126	13506	929	929	675	10	4	75	1	0	0.000301921
SRR11032759.39948	20256	177	120	3376	7	7	14	0	0	0	0	-1	0.000073160
SRR11032759.40073	21587	188	127	5704	39	39	25	0	0	0	0	-1	0.000088480
SRR11032759.40176	24760	255	173	127304	93	93	35	1	2	141	1	60	0.000133921
SRR11032759.40259	26665	234	158	65999	100	100	55	1	2	131	1	60	0.000130680
SRR11032759.40432	24759	254	172	45256	8	8	16	0	0	0	0	-1	0.000099400
SRR11032759.40604	27621	286	194	26714	114	114	56	1	2	157	1	60	0.000153280
SRR11032759.40720	25578	255	173	84913	153	153	139	1	2	142	1	60	0.000148761
SRR11032759.40881	26746	253	171	112817	52	52	29	1	0	0	0	-1	0.000130281
SRR11032759.41000	20687	198	134	37194	50	50	31	1	2	86	1	60	0.000127200
SRR11032759.41094	23574	183	124	48921	6207	6207	1222	4	6	88	1	0	0.000436721
SRR11032759.41247	21423	197	133	90899	2055	2055	3517	0	0	0	0	-1	0.000838322
SRR11032759.41342	20242	164	111	88671	31855	31855	7920	3	3	94	1	0	0.001237123
SRR11032759.41494	21150	238	161	143111	95	95	43	1	2	130	1	60	0.000124920
SRR11032759.41627	27028	287	194	216291	112	112	63	1	2	144	1	60	0.000155400
SRR11032759.41702	22138	213	144	228764	90	90	45	2	3	125	1	60	0.000154760
SRR11032759.41800	25177	253	171	57325	11	11	19	0	0	0	0	-1	0.000100200
SRR11032759.41976	20540	231	156	273084	152	152	123	2	3	150	1	60	0.000166880
SRR11032759.42044	23865	236	160	1638	119	119	61	2	3	140	1	60	0.000143801
SRR11032759.42134	20289	200	136	57978	97	97	47	1	2	118	1	60	0.000117360
SRR11032759.42265	27310	262	177	150948	167	167	173	1	2	145	1	60	0.000172841
SRR11032759.42369	22533	246	167	67047	105	105	65	1	2	142	1	60	0.000136760
SRR11032759.42551	20156	202	137	13025	81	81	65	1	2	89	1	60	0.000117480
SRR11032759.42702	20681	217	147	118650	104	104	91	1	2	109	1	60	0.000135001
SRR11032759.42871	23679	259	175	53787	73	73	47	0	0	0	0	-1	0.000113921
SRR11032759.42945	25332	252	171	53259	115	115	145	0	0	0	0	-1	0.000130840
SRR11032759.43021	25667	262	177	141989	128	128	119	1	2	136	1	60	0.000152600
SRR11032759.43076	26093	227	154	74752	121	121	91	1	2	133	1	60	0.000134080
SRR11032759.43207	24752	266	180	233494	41952	41952	2146	9	4	131	1	0	0.000838762
SRR11032759.43612	21506	204	138	3130	224	224	239	2	3	112	1	60	0.000215960
SRR11032759.43781	25197	230	156	47204	143	143	99	0	0	0	0	-1	0.000117400
SRR11032759.43924	21286	217	147	45489	0	0	0	0	0	0	0	-1	0.000081000
SRR11032759.44024	21258	193	131	23529	7	7	14	0	0	0	0	-1	0.000078960
SRR11032759.44155	21237	215	146	151	0	0	0	0	0	0	0	-1	0.000077560
SRR11032759.45885	21884	222	150	203	0	0	0	0	0	0	0	-1	0.000082200
SRR11032759.47696	21462	174	118	56	0	0	0	0	0	0	0	-1	0.000071761
SRR11032759.48369	20073	217	147	167	8	8	16	0	0	0	0	-1	0.000080360
SRR11032759.49424	20630	193	131	120	0	0	0	0	0	0	0	-1	0.000075080
SRR11032759.50258	26329	277	187	72	0	0	0	0	0	0	0	-1	0.000099360
SRR11032759.51092	24265	256	173	398	0	0	0	0	0	0	0	-1	0.000097240
SRR11032759.52122	20204	198	134	48	0	0	0	0	0	0	0	-1	0.000072360
SRR11032759.52808	22398	215	146	1011	2	2	4	0	0	0	0	-1	0.000082960
SRR11032759.55274	27385	267	181	142	0	0	0	0	0	0	0	-1	0.000099360
SRR11032759.56431	23072	235	159	47	0	0	0	0	0	0	0	-1	0.000084481
SRR11032668.98	23497	233	158	4479	0	0	0	0	0	0	0	-1	0.000089640
SRR11032668.345	21745	231	156	57242	11	11	20	0	0	0	0	-1	0.000087800
SRR11032668.480	20618	209	142	137489	66	66	27	1	2	103	1	60	0.000112481
SRR11032668.656	25494	245	166	10049	28	28	23	0	0	0	0	-1	0.000097720
SRR11032668.896	25268	246	167	70171	91	91	57	1	2	118	1	60	0.000139560
SRR11032668.1049	24279	254	172	67969	74	74	53	1	2	107	1	60	0.000133880
SRR11032668.1172	21562	214	145	72617	72	72	55	1	2	86	1	60	0.000142360
SRR11032668.1348	20861	218	148	173081	76	76	95	0	0	0	0	-1	0.000099881
SRR11032668.1504	23971	220	149	4440	35	35	69	0	0	0	0	-1	0.000091560
SRR11032668.1688	26981	256	173	60116	81	81	157	0	0	0	0	-1	0.000107480
SRR11032668.1908	20007	197	133	140	0	0	0	0	0	0	0	-1	0.000085720
SRR11032668.2067	20279	186	126	12290	31	31	43	0	0	0	0	-1	0.000079200
SRR11032668.2196	27902	291	197	146831	71	71	57	0	0	0	0	-1	0.000124280
SRR11032668.2390	23483	236	160	10319	59	59	63	0	0	0	0	-1	0.000105560
SRR11032668.2599	21290	217	147	338	36	36	21	0	0	0	0	-1	0.000087000
SRR11032668.2788	25889	254	172	4166	92	92	31	1	2	125	1	60	0.000142440
SRR11032668.2940	27412	250	169	29871	85	85	37	1	2	130	1	60	0.000132321
SRR11032668.3090	21751	221	150	38788	43	43	29	0	0	0	0	-1	0.000089440
SRR11032668.3264	24690	257	174	65772	73	73	25	1	2	122	1	60	0.000130161
SRR11032668.3477	20470	172	117	76111	53	53	23	1	2	71	1	60	0.000096880
SRR11032668.3668	27460	257	174	43974	123	123	101	1	2	132	1	60	0.000171360
SRR11032668.3826	25354	261	177	17645	26	26	41	0	0	0	0	-1	0.000102360
SRR11032668.3937	26563	270	183	194466	74	74	79	0	0	0	0	-1	0.000118801
SRR11032668.4049	24661	220	149	321	17	17	34	0	0	0	0	-1	0.000089880
SRR11032668.4277	26577	268	181	132590	44	44	19	0	0	0	0	-1	0.000110880
SRR11032668.4410	22441	199	135	188174	46	46	29	0	0	0	0	-1	0.000098521
SRR11032668.4547	21001	200	136	196743	44	44	29	0	0	0	0	-1	0.000087200
SRR11032668.4683	25982	249	169	187258	82	82	35	2	3	127	1	60	0.000148320
SRR11032668.4752	20350	209	142	95039	44	44	29	0	0	0	0	-1	0.000086640
SRR11032668.4930	27322	315	213	40017	37	37	61	0	0	0	0	-1	0.000138840
SRR11032668.5106	22537	220	149	138273	15	15	25	0	0	0	0	-1	0.000085921
SRR11032668.5232	23884	214	145	82565	58	58	49	0	0	0	0	-1	0.000099240
SRR11032668.5448	25391	283	192	13869	103	103	63	1	2	130	1	60	0.000141881
SRR11032668.5598	25140	255	173	132025	57	57	59	0	0	0	0	-1	0.000108441
SRR11032668.5770	21664	215	146	15558	81	81	33	2	3	105	1	60	0.000146560
SRR11032668.5935	25034	257	174	470	5	5	10	0	0	0	0	-1	0.000093840
SRR11032668.6118	24546	231	156	63434	86	86	39	1	2	119	1	60	0.000124480
SRR11032668.6420	25870	268	181	16646	83	83	33	1	2	127	1	60	0.000135400
SRR11032668.6589	24775	247	167	159442	110	110	83	1	2	123	1	60	0.000138440
SRR11032668.6754	26822	277	187	95720	65	65	39	0	0	0	0	-1	0.000119520
SRR11032668.6978	22335	223	151	131546	36	36	29	0	0	0	0	-1	0.000090481
SRR11032668.7090	21556	231	156	5894	33	33	35	0	0	0	0	-1	0.000090520
SRR11032668.7279	24834	249	169	594	0	0	0	0	0	0	0	-1	0.000093160
SRR11032668.7502	26679	279	189	92380	107	107	89	1	2	115	1	60	0.000151441
SRR11032668.7726	26468	253	171	54635	69	69	51	0	0	0	0	-1	0.000115041
SRR11032668.7812	22295	191	129	119509	78	78	69	1	2	81	1	60	0.000114800
SRR11032668.7936	21017	215	146	21239	62	62	69	0	0	0	0	-1	0.000094640
SRR11032668.8176	27121	279	189	99405	143	143	166	1	2	115	1	60	0.000161361
SRR11032668.8344	22064	195	132	64170	41	41	38	0	0	0	0	-1	0.000094960
SRR11032668.8414	26056	276	187	14141	78	78	55	0	0	0	0	-1	0.000122800
SRR11032668.8580	21115	205	139	9781	25	25	41	0	0	0	0	-1	0.000083281
SRR11032668.8734	27195	230	156	68357	95	95	79	1	2	98	1	60	0.000134960
SRR11032668.8881	21923	225	152	11310	0	0	0	0	0	0	0	-1	0.000084560
SRR11032668.9060	22720	220	149	6982	41	41	27	0	0	0	0	-1	0.000091961
SRR11032668.9175	22445	234	158	4126	59	59	45	0	0	0	0	-1	0.000101520
SRR11032668.9306	25908	263	178	194	0	0	0	0	0	0	0	-1	0.000096840
SRR11032668.9479	27035	241	163	57523	94	94	83	0	0	0	0	-1	0.000122241
SRR11032668.9620	21027	211	143	505	30	30	37	0	0	0	0	-1	0.000606841
SRR11032668.9719	27197	245	166	119704	150	150	264	0	0	0	0	-1	0.000307561
SRR11032668.9950	20001	202	137	776	51	51	33	0	0	0	0	-1	0.000091480
SRR11032668.10076	20130	190	129	10680	52	52	23	1	2	78	1	60	0.000106280
SRR11032668.10221	20798	208	141	170114	23	23	34	0	0	0	0	-1	0.000082281
SRR11032668.10367	20679	218	148	17161	66	66	65	0	0	0	0	-1	0.000097680
SRR11032668.10483	23166	251	170	8722	51	51	40	0	0	0	0	-1	0.000103360
SRR11032668.10680	21003	202	137	5014	76	76	53	1	2	92	1	60	0.000113640
SRR11032668.10841	23864	220	149	14586	64	64	33	1	2	104	1	60	0.000138640
SRR11032668.11023	23907	231	156	90982	84	84	83	0	0	0	0	-1	0.000118920
SRR11032668.11238	27714	315	213	63371	117	117	115	0	0	0	0	-1	0.000145961
SRR11032668.11428	26765	251	170	68717	56	56	79	0	0	0	0	-1	0.000110520
SRR11032668.11674	20227	214	145	32045	19	19	31	0	0	0	0	-1	0.000104680
SRR11032668.11781	22180	194	131	305	42	42	33	0	0	0	0	-1	0.000095841
SRR11032668.11891	27794	285	193	66239	68	68	37	0	0	0	0	-1	0.000121760
SRR11032668.12100	23503	248	168	603	35	35	39	0	0	0	0	-1	0.000100040
SRR11032668.12254	26632	271	183	20649	43	43	57	0	0	0	0	-1	0.000108000
SRR11032668.12425	20487	206	140	11394	63	63	52	0	0	0	0	-1	0.000095520
SRR11032668.12587	20964	207	140	159685	70	70	69	1	2	88	1	60	0.000137080
SRR11032668.12766	24341	244	165	1578	80	80	79	0	0	0	0	-1	0.000112800
SRR11032668.12921	23070	244	165	147411	101	101	51	1	2	135	1	60	0.000131201
SRR11032668.13112	23305	250	169	10757	39	39	43	0	0	0	0	-1	0.000100920
SRR11032668.13337	26434	277	187	1513	82	82	85	0	0	0	0	-1	0.000119441
SRR11032668.13480	21463	209	142	151191	59	59	55	0	0	0	0	-1	0.000096520
SRR11032668.13675	27482	293	198	332	0	0	0	0	0	0	0	-1	0.000106720
SRR11032668.13833	26832	256	173	56367	28	28	33	0	0	0	0	-1	0.000105601
SRR11032668.13986	24992	247	167	148416	44	44	21	0	0	0	0	-1	0.000102640
SRR11032668.14051	22110	232	157	127746	0	0	0	0	0	0	0	-1	0.000082361
SRR11032668.14185	21570	198	134	105319	27	27	25	0	0	0	0	-1	0.000081440
SRR11032668.14270	24629	262	177	1579	24	24	31	0	0	0	0	-1	0.000099761
SRR11032668.14444	27994	260	176	40132	27	27	38	0	0	0	0	-1	0.000120600
SRR11032668.14566	23272	238	161	39883	17	17	21	0	0	0	0	-1	0.000091480
SRR11032668.14735	22514	246	167	53319	84	84	33	1	2	116	1	60	0.000123921
SRR11032668.14818	20708	185	125	51504	142	142	173	1	2	85	1	60	0.000129520
SRR11032668.15114	23020	226	153	60327	86	86	81	0	0	0	0	-1	0.000110760
SRR11032668.15257	25133	252	171	142067	63	63	79	0	0	0	0	-1	0.000107960
SRR11032668.15426	26300	255	173	4775	82	82	53	1	2	114	1	60	0.000135001
SRR11032668.15544	27520	250	169	3049	33	33	31	0	0	0	0	-1	0.000105880
SRR11032668.15684	27798	279	189	66975	32	32	49	0	0	0	0	-1	0.000111440
SRR11032668.15929	22291	203	138	64310	44	44	49	0	0	0	0	-1	0.000088760
SRR11032668.16094	22683	230	156	146545	74	74	73	0	0	0	0	-1	0.000104040
SRR11032668.16284	26840	298	202	107348	47	47	35	0	0	0	0	-1	0.000114960
SRR11032668.16429	22677	233	158	509	65	65	47	0	0	0	0	-1	0.000113560
SRR11032668.16582	20514	210	142	895	0	0	0	0	0	0	0	-1	0.000076640
SRR11032668.16697	26295	281	190	99814	38	38	45	0	0	0	0	-1	0.000111280
SRR11032668.16965	27649	280	190	52021	66	66	49	0	0	0	0	-1	0.000118120
SRR11032668.17179	22983	229	155	32439	48	48	35	0	0	0	0	-1	0.000096680
SRR11032668.17410	26730	231	156	28718	44	44	55	0	0	0	0	-1	0.000102560
SRR11032668.17541	23060	259	175	102068	41	41	33	0	0	0	0	-1	0.000101841
SRR11032668.17697	25332	242	164	343	0	0	0	0	0	0	0	-1	0.000095840
SRR11032668.17849	26955	255	173	72362	108	108	55	1	2	137	1	60	0.000137600
SRR11032668.18030	24520	252	171	30670	38	38	25	0	0	0	0	-1	0.000102400
SRR11032668.18197	22752	247	167	83449	84	84	55	1	2	113	1	60	0.000126921
SRR11032668.18340	27896	278	188	141496	49	49	49	0	0	0	0	-1	0.000115880
SRR11032668.18540	25072	229	155	120	0	0	0	0	0	0	0	-1	0.000092080
SRR11032668.18667	22293	268	181	413	60	60	29	1	2	109	1	60	0.000245000
SRR11032668.18848	25152	239	162	18893	12	12	17	0	0	0	0	-1	0.000095640
SRR11032668.19016	23884	272	184	132092	124	124	111	2	3	133	1	60	0.000160281
SRR11032668.19178	21449	202	137	80024	94	94	92	2	4	88	1	60	0.000148720
SRR11032668.19396	22252	192	130	50973	61	61	61	0	0	0	0	-1	0.000096840
SRR11032668.19619	24425	243	165	218655	86	86	81	0	0	0	0	-1	0.000115880
SRR11032668.19714	22521	235	159	15430	30	30	41	0	0	0	0	-1	0.000093960
SRR11032668.19869	21087	240	163	197582	80	80	51	1	2	114	1	60	0.000125441
SRR11032668.19957	27747	311	210	2088	0	0	0	0	0	0	0	-1	0.000130000
SRR11032668.20136	25020	234	158	151873	75	75	53	1	2	98	1	60	0.000131080
SRR11032668.20349	25866	271	183	159742	71	71	59	0	0	0	0	-1	0.000116041
SRR11032668.20519	22980	215	146	7030	54	54	53	0	0	0	0	-1	0.000097040
SRR11032668.20631	26232	254	172	131540	96	96	59	1	2	119	1	60	0.000166880
SRR11032668.20762	23280	243	165	76271	6293	6293	1095	6	3	98	1	0	0.000343641
SRR11032668.20923	25146	253	171	44517	62	62	57	0	0	0	0	-1	0.000110001
SRR11032668.21163	21716	225	152	115	0	0	0	0	0	0	0	-1	0.000081040
SRR11032668.21292	20967	201	136	3525	75	75	67	1	0	0	0	-1	0.000130441
SRR11032668.21465	22882	225	152	72273	72	72	61	0	0	0	0	-1	0.000114840
SRR11032668.21638	21488	210	142	132345	12	12	21	0	0	0	0	-1	0.000083320
SRR11032668.21750	27542	284	192	33645	51	51	33	0	0	0	0	-1	0.000116680
SRR11032668.21900	22384	227	154	28924	0	0	0	0	0	0	0	-1	0.000083360
SRR11032668.22088	26511	264	179	160248	31	31	31	0	0	0	0	-1	0.000107600
SRR11032668.22219	27695	292	198	3461	70	70	51	0	0	0	0	-1	0.000124920
SRR11032668.22355	20180	180	122	71701	17	17	25	0	0	0	0	-1	0.000083120
SRR11032668.22556	25567	273	185	261054	195	195	197	1	2	171	1	60	0.000178240
SRR11032668.22777	27801	275	186	123722	10	10	12	0	0	0	0	-1	0.000107120
SRR11032668.22958	21834	233	158	199625	69	69	69	0	0	0	0	-1	0.000107001
SRR11032668.23188	26546	266	180	102656	36	36	57	0	0	0	0	-1	0.000107640
SRR11032668.23428	24051	251	170	3305	78	78	49	0	0	0	0	-1	0.000132440
SRR11032668.23514	23970	238	161	83891	59	59	47	0	0	0	0	-1	0.000104721
SRR11032668.23686	23457	229	155	134693	38	38	27	0	0	0	0	-1	0.000097880
SRR11032668.23881	21174	174	118	80012	30	30	36	0	0	0	0	-1	0.000079001
SRR11032668.24264	21559	199	135	166256	45	45	39	0	0	0	0	-1	0.000086320
SRR11032668.24372	23162	240	163	62037	57	57	47	0	0	0	0	-1	0.000101840
SRR11032668.24476	21573	230	156	6639	44	44	27	0	0	0	0	-1	0.000094080
SRR11032668.24566	27302	290	196	54359	58	58	49	0	0	0	0	-1	0.000124160
SRR11032668.24716	20137	217	147	369	27	27	35	0	0	0	0	-1	0.000083441
SRR11032668.24899	26558	257	174	147883	57	57	27	0	0	0	0	-1	0.000113641
SRR11032668.25176	26076	270	183	17348	64	64	41	0	0	0	0	-1	0.000116120
SRR11032668.25371	25313	234	158	70136	75	75	29	1	2	110	1	60	0.000124640
SRR11032668.25483	20425	199	135	5631	87	87	71	1	2	91	1	60	0.000118680
SRR11032668.25646	22290	204	138	13827	52	52	39	0	0	0	0	-1	0.000094600
SRR11032668.25753	20041	202	137	81471	29	29	27	0	0	0	0	-1	0.000081880
SRR11032668.25996	25475	259	175	5787	0	0	0	0	0	0	0	-1	0.000095880
SRR11032668.26177	20418	224	152	77449	41	41	45	0	0	0	0	-1	0.000086560
SRR11032668.26300	22951	237	160	53802	44	44	60	0	0	0	0	-1	0.000096360
SRR11032668.26414	22272	227	154	73675	85	85	37	1	2	127	1	60	0.000124521
SRR11032668.26560	22422	226	153	127711	34	34	38	0	0	0	0	-1	0.000093000
SRR11032668.26721	23147	240	163	1471	30	30	20	0	0	0	0	-1	0.000094520
SRR11032668.26802	21412	244	165	75422	16882	16882	1031	16	4	120	1	0	0.000474241
SRR11032668.27016	25666	232	157	91518	51	51	31	0	0	0	0	-1	0.000101520
SRR11032668.27163	21631	235	159	69483	38	38	47	0	0	0	0	-1	0.000101040
SRR11032668.27312	27652	263	178	49126	117	117	61	1	2	151	1	60	0.000149960
SRR11032668.27467	23564	221	150	1585	78	78	73	0	0	0	0	-1	0.000108720
SRR11032668.27636	21152	228	154	2430	19	19	34	0	0	0	0	-1	0.000088400
SRR11032668.27700	25665	236	160	32889	32	32	43	0	0	0	0	-1	0.000097920
SRR11032668.27810	26939	251	170	34776	40	40	71	0	0	0	0	-1	0.000107600
SRR11032668.28063	22040	222	150	1288	54	54	31	1	2	89	1	60	0.000125000
SRR11032668.28127	25321	246	167	131609	72	72	55	0	0	0	0	-1	0.000115520
SRR11032668.28246	21327	207	140	298	2	2	4	0	0	0	0	-1	0.000079280
SRR11032668.28363	23681	255	173	49330	110	110	108	2	4	108	1	60	0.000163200
SRR11032668.28556	26536	260	176	94913	51	51	61	0	0	0	0	-1	0.000110240
SRR11032668.28792	24113	250	169	125385	69	69	61	0	0	0	0	-1	0.000109080
SRR11032668.28910	22986	245	166	68805	71	71	61	0	0	0	0	-1	0.000106961
SRR11032668.29104	21376	244	165	5543	48	48	51	0	0	0	0	-1	0.000096720
SRR11032668.29264	22604	208	141	182161	33	33	33	0	0	0	0	-1	0.000090320
SRR11032668.29453	21669	237	160	220790	176	176	78	2	3	122	1	60	0.000158440
SRR11032668.29665	20190	196	133	68244	26	26	22	0	0	0	0	-1	0.000079801
SRR11032668.29745	25596	252	171	135005	80	80	69	0	0	0	0	-1	0.000114360
SRR11032668.29905	26241	264	179	286745	92	92	115	0	0	0	0	-1	0.000137680
SRR11032668.30006	22674	216	146	193744	48	48	39	0	0	0	0	-1	0.000094320
SRR11032668.30172	22024	230	156	122857	76	76	35	1	2	113	1	60	0.000120520
SRR11032668.30291	26783	258	175	71021	100	100	59	1	2	131	1	60	0.000140040
SRR11032668.30423	21824	184	125	63288	16	16	25	0	0	0	0	-1	0.000078360
SRR11032668.30513	21038	213	144	841	0	0	0	0	0	0	0	-1	0.000077880
SRR11032668.30645	20808	214	145	13495	39	39	17	1	2	89	1	60	0.000131640
SRR11032668.30786	21549	205	139	88625	187	187	288	0	0	0	0	-1	0.000110081
SRR11032668.30887	23763	233	158	210406	150	150	165	1	2	115	1	60	0.000151680
SRR11032668.31010	27203	263	178	17012	45	45	36	0	0	0	0	-1	0.000111320
SRR11032668.31226	22984	216	146	52479	19	19	22	0	0	0	0	-1	0.000087321
SRR11032668.31318	23746	235	159	1082	0	0	0	0	0	0	0	-1	0.000089400
SRR11032668.31440	20716	202	137	262530	258	258	394	2	3	100	1	60	0.000206361
SRR11032668.31518	20698	202	137	71266	43	43	59	0	0	0	0	-1	0.000105561
SRR11032668.31654	26016	251	170	120964	56	56	31	0	0	0	0	-1	0.000110600
SRR11032668.31892	23885	233	158	32125	0	0	0	0	0	0	0	-1	0.000089041
SRR11032668.32017	24535	245	166	6932	0	0	0	0	0	0	0	-1	0.000092640
SRR11032668.32116	23706	271	183	121164	94	94	41	2	3	139	1	60	0.000155160
SRR11032668.32291	25679	282	191	104682	77	77	42	2	4	125	1	60	0.000156600
SRR11032668.32423	21311	226	153	2034	27	27	31	0	0	0	0	-1	0.000089240
SRR11032668.32503	25972	264	179	27911	33	33	37	0	0	0	0	-1	0.000103120
SRR11032668.32668	22151	205	139	243006	63	63	59	0	0	0	0	-1	0.000108560
SRR11032668.32852	20698	213	144	89046	45	45	37	0	0	0	0	-1	0.000090280
SRR11032668.32987	21602	220	149	1102	30	30	23	0	0	0	0	-1	0.000088920
SRR11032668.33098	25207	277	187	2377	0	0	0	0	0	0	0	-1	0.000098880
SRR11032668.33335	21363	203	138	72247	35	35	24	0	0	0	0	-1	0.000084600
SRR11032668.33528	20672	198	134	209303	106	106	103	1	2	108	1	60	0.000136920
SRR11032668.33651	27858	278	188	149744	40	40	29	0	0	0	0	-1	0.000111560
SRR11032668.33901	21053	201	136	183143	68	68	81	0	0	0	0	-1	0.000094681
SRR11032668.34041	25931	230	156	302	32	32	27	0	0	0	0	-1	0.000098600
SRR11032668.34197	20032	240	163	18997	78	78	87	0	0	0	0	-1	0.000105280
SRR11032668.34380	27709	291	197	642	17	17	34	0	0	0	0	-1	0.000119680
SRR11032668.34476	20642	218	148	40006	16	16	21	0	0	0	0	-1	0.000083160
SRR11032668.34632	22706	241	163	164979	54	54	37	0	0	0	0	-1	0.000100440
SRR11032668.34926	23393	238	161	15024	77	77	143	0	0	0	0	-1	0.000108760
SRR11032668.35025	26262	236	160	26271	77	77	55	0	0	0	0	-1	0.000134080
SRR11032668.35209	20228	194	131	4398	25	25	19	0	0	0	0	-1	0.000079320
SRR11032668.35402	25712	219	148	44249	262	262	522	0	0	0	0	-1	0.000151960
SRR11032668.35452	22990	208	141	49311	405	405	757	0	0	0	0	-1	0.000194521
SRR11032668.35564	25827	199	135	91109	12330	12330	2685	3	3	89	1	0	0.000761082
SRR11032668.35683	23812	210	142	90450	1303	1303	2272	0	0	0	0	-1	0.000539961
SRR11032668.35857	24420	237	160	216352	43	43	61	0	0	0	0	-1	0.000099720
SRR11032668.36011	22113	226	153	2064	0	0	0	0	0	0	0	-1	0.000082440
SRR11032668.36169	26704	258	175	137159	84	84	51	1	2	113	1	60	0.000143441
SRR11032668.36293	21883	192	130	14008	21	21	35	0	0	0	0	-1	0.000081200
SRR11032668.36381	23179	208	141	77301	50	50	35	0	0	0	0	-1	0.000092440
SRR11032668.36624	23895	266	180	8994	0	0	0	0	0	0	0	-1	0.000092920
SRR11032668.36729	24606	241	163	118483	79	79	90	0	0	0	0	-1	0.000112241
SRR11032668.36868	21200	224	152	165849	77	77	64	1	2	96	1	60	0.000128760
SRR11032668.37128	22199	242	164	73519	97	97	53	1	2	126	1	60	0.000136200
SRR11032668.38794	24587	225	152	71679	917	917	715	0	0	0	0	-1	0.000168960
SRR11032668.39011	26304	264	179	23411	269	269	257	1	2	144	1	60	0.000176201
SRR11032668.39162	21421	211	143	30505	6	6	12	0	0	0	0	-1	0.000097880
SRR11032668.39528	24899	256	173	190	0	0	0	0	0	0	0	-1	0.000134200
SRR11032668.40641	20422	191	129	146	0	0	0	0	0	0	0	-1	0.000074561
SRR11032668.41442	23369	224	152	128	0	0	0	0	0	0	0	-1	0.000109280
SRR11032668.43794	21651	215	146	364	11	11	20	0	0	0	0	-1	0.000093280
SRR11032668.44617	27125	272	184	337	4	4	8	0	0	0	0	-1	0.000112080
SRR11032668.45533	22830	235	159	169	0	0	0	0	0	0	0	-1	0.000104160
SRR11032668.46274	25416	246	167	336	7	7	14	0	0	0	0	-1	0.000105161
SRR11032668.46819	22795	226	153	1146	0	0	0	0	0	0	0	-1	0.000094400
SRR11032668.47656	24168	247	167	437	14	14	28	0	0	0	0	-1	0.000097640
SRR11032668.48068	25251	246	167	108	0	0	0	0	0	0	0	-1	0.000134840
SRR11032668.49084	22044	195	132	130	0	0	0	0	0	0	0	-1	0.000083601
SRR11032668.49752	24797	241	163	324	0	0	0	0	0	0	0	-1	0.000108120
SRR11032668.51508	26412	245	166	174	0	0	0	0	0	0	0	-1	0.000094320
SRR11032668.52548	20354	192	130	193	9	9	18	0	0	0	0	-1	0.000076720
SRR11032668.53589	21120	229	155	138	0	0	0	0	0	0	0	-1	0.000080560
SRR11032659.76	20570	202	137	56973	16	16	20	0	0	0	0	-1	0.000079881
SRR11032659.227	20658	177	120	36589	15	15	23	0	0	0	0	-1	0.000084920
SRR11032659.300	22345	207	140	146	0	0	0	0	0	0	0	-1	0.000099120
SRR11032659.366	22359	239	162	33677	43	43	57	0	0	0	0	-1	0.000098280
SRR11032659.529	22764	231	156	79316	69	69	51	0	0	0	0	-1	0.000107680
SRR11032659.656	21222	217	147	84934	39	39	43	0	0	0	0	-1	0.000087560
SRR11032659.799	23750	213	144	380	35	35	37	0	0	0	0	-1	0.000088480
SRR11032659.948	22369	231	156	103590	74	74	63	0	0	0	0	-1	0.000107881
SRR11032659.1145	22528	223	151	79143	14	14	28	0	0	0	0	-1	0.000083800
SRR11032659.1317	20701	211	143	214002	42	42	61	0	0	0	0	-1	0.000086160
SRR11032659.1412	20948	229	155	16303	31	31	20	0	0	0	0	-1	0.000099321
SRR11032659.1574	21837	236	160	109741	79	79	89	0	0	0	0	-1	0.000119960
SRR11032659.1743	27584	294	199	86079	37	37	33	0	0	0	0	-1	0.000113081
SRR11032659.1867	24998	231	156	6190	38	38	43	0	0	0	0	-1	0.000098440
SRR11032659.1975	23901	253	171	37017	41	41	45	0	0	0	0	-1	0.000102280
SRR11032659.2067	22548	212	144	15698	49	49	64	0	0	0	0	-1	0.000092160
SRR11032659.2231	23828	229	155	14710	44	44	45	0	0	0	0	-1	0.000097240
SRR11032659.2295	25916	279	189	112600	63	63	37	0	0	0	0	-1	0.000132361
SRR11032659.2430	25145	252	171	113969	51	51	45	0	0	0	0	-1	0.000106840
SRR11032659.2615	23368	231	156	34778	72	72	23	2	3	110	1	60	0.000135440
SRR11032659.2825	21043	223	151	8279	3	3	6	0	0	0	0	-1	0.000083360
SRR11032659.2944	24648	229	155	156458	17	17	25	0	0	0	0	-1	0.000093600
SRR11032659.3085	27670	268	181	43394	0	0	0	0	0	0	0	-1	0.000102000
SRR11032659.3212	22625	232	157	3623	22	22	27	0	0	0	0	-1	0.000090640
SRR11032659.3333	23702	233	158	124672	47	47	44	0	0	0	0	-1	0.000100080
SRR11032659.3447	26758	249	169	771	62	62	51	0	0	0	0	-1	0.000115441
SRR11032659.3587	24929	272	184	8916	19	19	38	0	0	0	0	-1	0.000103240
SRR11032659.3650	24457	266	180	21623	21	21	33	0	0	0	0	-1	0.000101760
SRR11032659.3809	25257	254	172	94870	40	40	77	0	0	0	0	-1	0.000111001
SRR11032659.3924	25380	264	179	78832	84	84	39	1	2	124	1	60	0.000138160
SRR11032659.4077	24161	236	160	33759	51	51	69	0	0	0	0	-1	0.000101281
SRR11032659.4205	26590	276	187	375	21	21	29	0	0	0	0	-1	0.000106520
SRR11032659.4318	24768	238	161	27926	50	50	49	0	0	0	0	-1	0.000101481
SRR11032659.4457	26915	263	178	2367	39	39	37	0	0	0	0	-1	0.000105920
SRR11032659.4576	23389	251	170	206859	28	28	53	0	0	0	0	-1	0.000097360
SRR11032659.4710	21702	205	139	605	11	11	13	0	0	0	0	-1	0.000100600
SRR11032659.4829	23935	233	158	32781	26	26	43	0	0	0	0	-1	0.000095680
SRR11032659.4987	20633	186	126	395	10	10	20	0	0	0	0	-1	0.000075600
SRR11032659.5080	24945	273	185	9943	49	49	51	0	0	0	0	-1	0.000109040
SRR11032659.5215	22445	197	133	86287	35	35	25	0	0	0	0	-1	0.000088800
SRR11032659.5331	26103	243	165	144	0	0	0	0	0	0	0	-1	0.000093640
SRR11032659.5366	27617	270	183	4131	85	85	29	1	2	129	1	60	0.000138801
SRR11032659.5496	21012	184	125	45891	86	86	63	1	2	82	1	60	0.000158680
SRR11032659.5586	20742	206	140	133	0	0	0	0	0	0	0	-1	0.000075560
SRR11032659.5762	27561	294	199	74171	28	28	39	0	0	0	0	-1	0.000111400
SRR11032659.5838	21040	214	145	122962	44	44	25	0	0	0	0	-1	0.000089480
SRR11032659.5983	25548	267	181	56494	62	62	49	0	0	0	0	-1	0.000113761
SRR11032659.6134	22923	217	147	88220	65	65	45	1	0	0	0	-1	0.000125960
SRR11032659.6230	20708	221	150	96315	83	83	65	1	2	89	1	60	0.000129601
SRR11032659.6359	24107	265	179	41728	62	62	43	0	0	0	0	-1	0.000111840
SRR11032659.6443	22053	209	142	16313	16	16	23	0	0	0	0	-1	0.000083360
SRR11032659.6530	20858	212	144	23804	54	54	45	0	0	0	0	-1	0.000094521
SRR11032659.6646	25809	252	171	30143	59	59	45	0	0	0	0	-1	0.000110280
SRR11032659.6743	26426	264	179	127920	77	77	75	0	0	0	0	-1	0.000118200
SRR11032659.6888	21351	240	163	10765	60	60	65	0	0	0	0	-1	0.000098760
SRR11032659.7002	21323	207	140	88401	67	67	61	1	0	0	0	-1	0.000117080
SRR11032659.7076	20013	190	129	992	10	10	20	0	0	0	0	-1	0.000075361
SRR11032659.7162	27981	318	215	42083	49	49	69	0	0	0	0	-1	0.000123840
SRR11032659.7299	24675	255	173	74516	75	75	65	0	0	0	0	-1	0.000114641
SRR11032659.7402	20593	217	147	59306	40	40	49	0	0	0	0	-1	0.000088720
SRR11032659.7489	27402	310	210	31498	34	34	53	0	0	0	0	-1	0.000113440
SRR11032659.7627	24961	247	167	13416	62	62	36	0	0	0	0	-1	0.000109801
SRR11032659.7742	26576	251	170	172032	69	69	55	0	0	0	0	-1	0.000111520
SRR11032659.7815	22546	212	144	9329	19	19	36	0	0	0	0	-1	0.000085000
SRR11032659.7933	20616	219	148	414	17	17	34	0	0	0	0	-1	0.000088961
SRR11032659.8001	26742	278	188	26295	66	66	37	0	0	0	0	-1	0.000137120
SRR11032659.8102	26286	249	169	115558	104	104	141	0	0	0	0	-1	0.000120521
SRR11032659.8225	24296	260	176	22207	49	49	62	0	0	0	0	-1	0.000102720
SRR11032659.8285	23757	222	150	920	31	31	45	0	0	0	0	-1	0.000091120
SRR11032659.8434	27246	279	189	39775	133	133	127	2	3	127	1	60	0.000172041
SRR11032659.8605	23010	225	152	317	6	6	12	0	0	0	0	-1	0.000087720
SRR11032659.8700	21701	223	151	299	0	0	0	0	0	0	0	-1	0.000088921
SRR11032659.8899	26030	265	179	393	34	34	39	0	0	0	0	-1	0.000105480
SRR11032659.9020	22599	214	145	975	0	0	0	0	0	0	0	-1	0.000082840
SRR11032659.9140	22650	241	163	121462	48	48	35	0	0	0	0	-1	0.000097360
SRR11032659.9287	23898	241	163	92620	39	39	47	0	0	0	0	-1	0.000097160
SRR11032659.9394	27216	260	176	36635	48	48	53	0	0	0	0	-1	0.000109000
SRR11032659.9572	20122	210	142	14177	24	24	45	0	0	0	0	-1	0.000082640
SRR11032659.9748	27253	280	190	72538	87	87	63	0	0	0	0	-1	0.000127040
SRR11032659.9838	23981	254	172	14943	61	61	53	0	0	0	0	-1	0.000108280
SRR11032659.9949	24673	240	163	112563	50	50	67	0	0	0	0	-1	0.000104321
SRR11032659.10120	22013	226	153	23547	103	103	59	1	2	118	1	60	0.000124720
SRR11032659.10228	27187	265	179	95917	69	69	63	0	0	0	0	-1	0.000121080
SRR11032659.10361	21739	216	146	33927	24	24	41	0	0	0	0	-1	0.000087200
SRR11032659.10511	22459	251	170	200	6	6	2	0	0	0	0	-1	0.000091240
SRR11032659.10621	21385	221	150	381	61	61	45	0	0	0	0	-1	0.000096920
SRR11032659.10765	24361	247	167	13841	28	28	31	0	0	0	0	-1	0.000106001
SRR11032659.10834	21278	210	142	276	5	5	10	0	0	0	0	-1	0.000081880
SRR11032659.10954	21382	217	147	34577	41	41	47	0	0	0	0	-1	0.000088040
SRR11032659.11026	25722	274	185	163044	102	102	59	1	2	128	1	60	0.000152761
SRR11032659.11182	21363	221	150	47935	24	24	36	0	0	0	0	-1	0.000084801
SRR11032659.11304	21128	211	143	29637	46	46	45	0	0	0	0	-1	0.000088280
SRR11032659.11496	25286	269	182	90279	72	72	65	0	0	0	0	-1	0.000114800
SRR11032659.11634	20093	190	129	107237	56	56	29	1	2	85	1	60	0.000105401
SRR11032659.11741	21736	216	146	63145	23	23	18	0	0	0	0	-1	0.000085240
SRR11032659.11871	25807	274	185	23266	78	78	49	2	3	114	1	60	0.000163561
SRR11032659.11930	20166	187	127	12738	0	0	0	0	0	0	0	-1	0.000073840
SRR11032659.12105	25900	242	164	28492	25	25	29	0	0	0	0	-1	0.000098880
SRR11032659.12275	26441	249	169	43860	50	50	31	0	0	0	0	-1	0.000104721
SRR11032659.12384	27179	270	183	150280	42	42	49	0	0	0	0	-1	0.000109280
SRR11032659.12454	27674	258	175	10833	42	42	59	0	0	0	0	-1	0.000108040
SRR11032659.12582	23357	226	153	65530	63	63	51	0	0	0	0	-1	0.000102201
SRR11032659.12723	21019	197	133	10569	10	10	19	0	0	0	0	-1	0.000079240
SRR11032659.12865	25500	264	179	24389	53	53	41	0	0	0	0	-1	0.000110560
SRR11032659.12970	23451	240	163	232	22	22	31	0	0	0	0	-1	0.000094720
SRR11032659.13058	22204	219	148	107270	8	8	7	0	0	0	0	-1	0.000083561
SRR11032659.13267	22582	225	152	16385	82	82	28	2	3	120	1	60	0.000131160
SRR11032659.13358	25235	284	192	158373	62	62	79	0	0	0	0	-1	0.000112961
SRR11032659.13495	22626	240	163	102791	24	24	48	0	0	0	0	-1	0.000095040
SRR11032659.13638	20257	219	148	209585	113	113	153	2	3	88	1	60	0.000171001
SRR11032659.13726	24859	246	167	69482	0	0	0	0	0	0	0	-1	0.000091240
SRR11032659.13847	26828	287	194	19512	43	43	35	0	0	0	0	-1	0.000109921
SRR11032659.13957	22497	238	161	1016	3	3	3	0	0	0	0	-1	0.000088560
SRR11032659.14071	22967	228	154	67160	37	37	41	0	0	0	0	-1	0.000095120
SRR11032659.14177	22204	238	161	100912	53	53	58	0	0	0	0	-1	0.000099681
SRR11032659.14357	21072	206	140	69769	41	41	61	0	0	0	0	-1	0.000085440
SRR11032659.14449	20955	201	136	13651	0	0	0	0	0	0	0	-1	0.000077241
SRR11032659.14541	27750	281	190	605	0	0	0	0	0	0	0	-1	0.000105280
SRR11032659.14659	26411	262	177	9295	26	26	18	0	0	0	0	-1	0.000105201
SRR11032659.14739	27158	274	185	24654	46	46	51	0	0	0	0	-1	0.000113440
SRR11032659.14818	25049	246	167	15706	50	50	53	0	0	0	0	-1	0.000103560
SRR11032659.14944	20125	197	133	146980	126	126	153	1	2	103	1	60	0.000132481
SRR11032659.15081	25203	260	176	20119	47	47	45	0	0	0	0	-1	0.000105560
SRR11032659.15222	24148	243	165	91	0	0	0	0	0	0	0	-1	0.000087761
SRR11032659.15392	22684	225	152	176766	56	56	73	0	0	0	0	-1	0.000097720
SRR11032659.15549	23923	255	173	757	42	42	37	0	0	0	0	-1	0.000101681
SRR11032659.15701	21931	223	151	55918	35	35	39	0	0	0	0	-1	0.000088840
SRR11032659.15823	23051	266	180	73073	48	48	68	0	0	0	0	-1	0.000111360
SRR11032659.15991	23581	214	145	155559	70	70	77	0	0	0	0	-1	0.000099280
SRR11032659.16112	24158	215	146	9841	20	20	31	0	0	0	0	-1	0.000090120
SRR11032659.16193	26020	252	171	26835	27	27	32	0	0	0	0	-1	0.000099320
SRR11032659.16287	20722	197	133	189	0	0	0	0	0	0	0	-1	0.000075721
SRR11032659.16402	24057	224	152	123180	52	52	49	0	0	0	0	-1	0.000097520
SRR11032659.16541	26455	269	182	105793	48	48	37	0	0	0	0	-1	0.000112400
SRR11032659.16631	20911	217	147	11389	30	30	39	0	0	0	0	-1	0.000086440
SRR11032659.16708	25457	264	179	87529	88	88	73	0	0	0	0	-1	0.000122520
SRR11032659.16940	22182	231	156	570	16	16	32	0	0	0	0	-1	0.000087400
SRR11032659.17040	25046	236	160	22886	50	50	51	0	0	0	0	-1	0.000102880
SRR11032659.17170	25826	264	179	6765	37	37	74	0	0	0	0	-1	0.000105600
SRR11032659.17241	21314	225	152	1320	26	26	33	0	0	0	0	-1	0.000089480
SRR11032659.17323	26583	267	181	4684	17	17	15	0	0	0	0	-1	0.000102160
SRR11032659.17457	26922	263	178	43742	19	19	38	0	0	0	0	-1	0.000096920
SRR11032659.17613	24454	234	158	6571	13	13	26	0	0	0	0	-1	0.000093240
SRR11032659.17704	26129	254	172	142517	93	93	65	1	2	112	1	60	0.000142561
SRR11032659.17814	20208	212	144	731	27	27	48	0	0	0	0	-1	0.000083040
SRR11032659.17897	23829	221	150	72204	35	35	53	0	0	0	0	-1	0.000093200
SRR11032659.17991	27802	282	191	960	0	0	0	0	0	0	0	-1	0.000126401
SRR11032659.18113	23973	238	161	111039	83	83	92	0	0	0	0	-1	0.000110080
SRR11032659.18214	23226	249	169	1643	49	49	53	0	0	0	0	-1	0.000100601
SRR11032659.18351	21440	242	164	134604	112	112	129	2	3	112	1	60	0.000156640
SRR11032659.18461	27680	292	198	28053	24	24	30	0	0	0	0	-1	0.000110960
SRR11032659.18660	27826	272	184	44334	47	47	29	0	0	0	0	-1	0.000113841
SRR11032659.18771	24170	226	153	105774	37	37	35	0	0	0	0	-1	0.000115080
SRR11032659.18913	20800	188	127	17387	21	21	19	0	0	0	0	-1	0.000080161
SRR11032659.19045	21238	197	133	3203	20	20	19	0	0	0	0	-1	0.000080000
SRR11032659.19229	23829	237	160	2214	41	41	49	0	0	0	0	-1	0.000099280
SRR11032659.19368	26981	252	171	165069	54	54	35	0	0	0	0	-1	0.000111160
SRR11032659.19514	22848	227	154	141939	96	96	77	1	2	112	1	60	0.000132360
SRR11032659.19663	21525	234	158	12351	0	0	0	0	0	0	0	-1	0.000083320
SRR11032659.19889	21557	225	152	3108	39	39	26	0	0	0	0	-1	0.000090841
SRR11032659.20003	21232	204	138	54758	92	92	176	0	0	0	0	-1	0.000109600
SRR11032659.20098	20137	190	129	5193	38	38	41	0	0	0	0	-1	0.000082520
SRR11032659.20269	22675	226	153	237871	93	93	107	0	0	0	0	-1	0.000108560
SRR11032659.20407	21298	187	127	160784	44	44	33	0	0	0	0	-1	0.000087040
SRR11032659.20617	24191	231	156	199475	70	70	77	0	0	0	0	-1	0.000106680
SRR11032659.20726	23922	280	190	111323	55	55	61	0	0	0	0	-1	0.000108280
SRR11032659.20800	26474	274	185	235879	56	56	81	0	0	0	0	-1	0.000111161
SRR11032659.20937	24855	246	167	168532	30	30	37	0	0	0	0	-1	0.000099760
SRR11032659.21077	26530	282	191	134670	33	33	66	0	0	0	0	-1	0.000113160
SRR11032659.21282	26638	248	168	7021	17	17	25	0	0	0	0	-1	0.000100040
SRR11032659.21337	20819	198	134	205576	64	64	60	0	0	0	0	-1	0.000093960
SRR11032659.21436	20949	202	137	5739	4	4	8	0	0	0	0	-1	0.000078120
SRR11032659.21551	22038	197	133	48472	59	59	55	0	0	0	0	-1	0.000092880
SRR11032659.21617	21457	200	136	165892	22	22	21	0	0	0	0	-1	0.000080880
SRR11032659.21705	25148	249	169	134250	33	33	52	0	0	0	0	-1	0.000100440
SRR11032659.21815	23018	244	165	201354	46	46	53	0	0	0	0	-1	0.000098800
SRR11032659.21964	21228	207	140	13589	8	8	13	0	0	0	0	-1	0.000078800
SRR11032659.22114	24724	244	165	180696	52	52	41	0	0	0	0	-1	0.000103480
SRR11032659.22316	25917	283	192	169146	64	64	49	0	0	0	0	-1	0.000113800
SRR11032659.22439	25547	240	163	923	0	0	0	0	0	0	0	-1	0.000091280
SRR11032659.22595	20208	201	136	35561	81	81	55	1	2	93	1	60	0.000114200
SRR11032659.22710	26761	233	158	214405	88	88	69	1	0	0	0	-1	0.000137761
SRR11032659.22815	25142	239	162	26307	27	27	54	0	0	0	0	-1	0.000098280
SRR11032659.22976	27759	264	179	7339	262	262	522	0	0	0	0	-1	0.000173841
SRR11032659.23096	23862	222	150	20865	26	26	46	0	0	0	0	-1	0.000090800
SRR11032659.23199	23333	220	149	26546	18	18	16	0	0	0	0	-1	0.000088201
SRR11032659.23352	26424	267	181	7887	84	84	65	0	0	0	0	-1	0.000120760
SRR11032659.23496	23314	229	155	22266	55	55	101	0	0	0	0	-1	0.000107321
SRR11032659.23690	23973	242	164	9847	48	48	58	0	0	0	0	-1	0.000100960
SRR11032659.23785	20221	210	142	8368	49	49	53	0	0	0	0	-1	0.000086721
SRR11032659.23899	25718	251	170	68055	34	34	37	0	0	0	0	-1	0.000100520
SRR11032659.24015	25184	261	177	3403	25	25	50	0	0	0	0	-1	0.000100041
SRR11032659.24701	22291	196	133	30926	4	4	8	0	0	0	0	-1	0.000077160
SRR11032659.24877	20573	182	123	21521	111	111	97	2	3	75	1	0	0.000137241
SRR11032659.25035	25875	246	167	85	0	0	0	0	0	0	0	-1	0.000092320
SRR11032659.29150	26703	270	183	34	0	0	0	0	0	0	0	-1	0.000105240
SRR11032659.31185	25591	229	155	586	24	24	48	0	0	0	0	-1	0.000097880
SRR11032659.31855	22424	234	158	428	18	18	36	0	0	0	0	-1	0.000090160
SRR11032659.32146	24643	229	155	115	0	0	0	0	0	0	0	-1	0.000090840
SRR11032659.33003	23075	220	149	11993	0	0	0	0	0	0	0	-1	0.000084001
SRR11032659.33480	22821	201	136	333	10	10	20	0	0	0	0	-1	0.000084080
SRR11032659.34328	24922	240	163	365	5	5	10	0	0	0	0	-1	0.000092400
SRR11032659.35012	25252	299	202	289	0	0	0	0	0	0	0	-1	0.000098001
SRR11032659.35938	21408	212	144	56	0	0	0	0	0	0	0	-1	0.000074960
SRR11032659.37143	24066	269	182	271	0	0	0	0	0	0	0	-1	0.000093080
SRR11032659.38515	24522	261	177	154	0	0	0	0	0	0	0	-1	0.000093560
SRR11032659.40316	26225	253	171	496	0	0	0	0	0	0	0	-1	0.000092321
SRR11032659.42166	23855	217	147	111	0	0	0	0	0	0	0	-1	0.000083720
SRR11032659.44683	26063	239	162	215	0	0	0	0	0	0	0	-1	0.000091480
SRR11032659.45864	24334	237	160	135	0	0	0	0	0	0	0	-1	0.000088801
SRR11032659.46947	27299	280	190	467	8	8	16	0	0	0	0	-1	0.000106000
SRR11032667.64	25150	256	173	107060	96	96	55	1	2	119	1	60	0.000139161
SRR11032667.213	20610	209	142	198946	80	80	31	1	2	116	1	60	0.000120161
SRR11032667.370	21929	253	171	88152	79	79	29	1	2	121	1	60	0.000123721
SRR11032667.493	24903	219	148	75878	62	62	38	2	3	91	1	60	0.000146080
SRR11032667.613	21185	231	156	4674	63	63	73	0	0	0	0	-1	0.000098920
SRR11032667.733	22745	229	155	39587	51	51	28	0	0	0	0	-1	0.000100720
SRR11032667.872	27351	272	184	35018	122	122	91	1	2	145	1	60	0.000157560
SRR11032667.1030	23504	232	157	76995	37	37	27	0	0	0	0	-1	0.000095800
SRR11032667.1167	27627	283	192	94318	9763	9763	1075	2	3	120	1	0	0.000296561
SRR11032667.1294	21185	205	139	3344	54	54	68	0	0	0	0	-1	0.000090400
SRR11032667.1461	27578	277	187	221950	93	93	57	1	2	133	1	60	0.000145760
SRR11032667.1673	25608	236	160	92464	90	90	29	1	2	132	1	60	0.000127280
SRR11032667.1800	21383	219	148	123621	85	85	23	2	3	134	1	60	0.000138240
SRR11032667.1941	25154	261	177	16602	85	85	57	1	2	114	1	60	0.000132881
SRR11032667.2171	23180	225	152	14038	52	52	45	0	0	0	0	-1	0.000097760
SRR11032667.2252	26115	262	177	159	0	0	0	0	0	0	0	-1	0.000103561
SRR11032667.2419	24821	238	161	73070	58	58	33	0	0	0	0	-1	0.000108241
SRR11032667.2540	23397	242	164	362045	478	478	798	1	2	145	1	60	0.000288481
SRR11032667.2683	20008	163	111	31517	34	34	49	0	0	0	0	-1	0.000076440
SRR11032667.2775	22713	227	154	822	0	0	0	0	0	0	0	-1	0.000084721
SRR11032667.2890	22287	235	159	195270	115	115	93	1	2	122	1	60	0.000133480
SRR11032667.2986	24328	220	149	133562	73	73	27	1	2	108	1	60	0.000131600
SRR11032667.3084	21669	251	170	97853	466	466	235	2	3	126	1	60	0.000218280
SRR11032667.3215	21114	220	149	56733	39	39	33	0	0	0	0	-1	0.000086000
SRR11032667.3398	21743	220	149	15974	96	96	31	1	2	140	1	60	0.000126240
SRR11032667.3565	26608	270	183	26502	106	106	41	1	2	150	1	60	0.000139320
SRR11032667.3695	24645	278	188	63647	36	36	47	0	0	0	0	-1	0.000107400
SRR11032667.3844	21345	209	142	22412	56	56	29	1	2	86	1	60	0.000113080
SRR11032667.3987	21264	219	148	100926	97	97	71	1	2	120	1	60	0.000130240
SRR11032667.4142	24252	225	152	6726	69	69	47	1	2	93	1	60	0.000120441
SRR11032667.4250	20793	211	143	73880	122	122	77	1	2	135	1	60	0.000130600
SRR11032667.4457	21389	205	139	14165	45	45	37	0	0	0	0	-1	0.000097840
SRR11032667.4657	24082	230	156	77377	46	46	41	0	0	0	0	-1	0.000099481
SRR11032667.4796	22749	243	165	22177	78	78	23	2	3	127	1	60	0.000132961
SRR11032667.4928	23746	243	165	140417	78	78	23	1	2	128	1	60	0.000125160
SRR11032667.5073	27989	254	172	22908	52	52	54	0	0	0	0	-1	0.000110920
SRR11032667.5210	20767	214	145	11741	10	10	20	0	0	0	0	-1	0.000081040
SRR11032667.5362	23853	257	174	70480	118	118	57	1	2	153	1	60	0.000138560
SRR11032667.5494	23557	235	159	9231	46	46	48	0	0	0	0	-1	0.000099000
SRR11032667.5602	24236	226	153	33927	11	11	18	0	0	0	0	-1	0.000096240
SRR11032667.5780	25970	270	183	191993	135	135	135	1	2	146	1	60	0.000157000
SRR11032667.5876	25273	242	164	2780	89	89	29	1	2	136	1	60	0.000126000
SRR11032667.6074	20005	232	157	1980	8	8	16	0	0	0	0	-1	0.000084640
SRR11032667.6228	20599	201	136	26188	76	76	51	1	2	102	1	60	0.000117080
SRR11032667.6361	22867	229	155	12467	72	72	51	0	0	0	0	-1	0.000109401
SRR11032667.6478	26152	261	177	32512	90	90	31	1	2	136	1	60	0.000134121
SRR11032667.6632	23877	245	166	51211	46	46	59	0	0	0	0	-1	0.000100721
SRR11032667.6834	20475	206	140	19796	74	74	31	1	2	108	1	60	0.000116281
SRR11032667.6968	21189	182	123	62343	33	33	66	0	0	0	0	-1	0.000080560
SRR11032667.7180	27158	275	186	150214	147	147	109	1	2	166	1	60	0.000147160
SRR11032667.7461	20978	183	124	73935	43	43	27	0	0	0	0	-1	0.000084240
SRR11032667.7622	23349	253	171	95478	40	40	56	0	0	0	0	-1	0.000100680
SRR11032667.7797	24404	241	163	24024	139	139	79	1	2	158	1	60	0.000159280
SRR11032667.7962	23217	241	163	251306	138	138	130	2	4	127	1	60	0.000164281
SRR11032667.8088	20186	198	134	10250	124	124	81	1	2	125	1	60	0.000121200
SRR11032667.8281	23773	252	171	43200	95	95	53	1	2	123	1	60	0.000134640
SRR11032667.8377	27887	286	194	74771	72	72	51	0	0	0	0	-1	0.000125440
SRR11032667.8637	26362	232	157	8736	30	30	45	0	0	0	0	-1	0.000101800
SRR11032667.8795	21135	225	152	118	0	0	0	0	0	0	0	-1	0.000090321
SRR11032667.8960	21162	191	129	112405	35	35	27	0	0	0	0	-1	0.000084040
SRR11032667.9153	20015	213	144	7435	83	83	85	2	3	97	1	60	0.000135000
SRR11032667.9243	20512	213	144	437	53	53	43	0	0	0	0	-1	0.000092800
SRR11032667.9417	22026	226	153	86658	116	116	85	1	2	123	1	60	0.000129001
SRR11032667.9535	23848	234	158	78781	102	102	47	1	2	131	1	60	0.000123960
SRR11032667.9709	24401	238	161	98598	69	69	83	0	0	0	0	-1	0.000108560
SRR11032667.9826	23322	230	156	68624	84	84	20	2	3	131	1	60	0.000130200
SRR11032667.9965	20220	219	148	108699	93	93	37	1	2	133	1	60	0.000126720
SRR11032667.10136	26326	277	187	123154	90	90	57	2	3	121	1	60	0.000179281
SRR11032667.10301	26569	266	180	142140	126	126	83	1	2	147	1	60	0.000151401
SRR11032667.10414	24276	226	153	133335	99	99	79	1	2	106	1	60	0.000144721
SRR11032667.10611	20052	185	125	27629	13	13	15	0	0	0	0	-1	0.000122721
SRR11032667.10774	22038	213	144	445	28	28	33	0	0	0	0	-1	0.000089680
SRR11032667.10841	25922	260	176	249260	171	171	179	1	2	135	1	60	0.000169920
SRR11032667.10997	23665	239	162	214399	95	95	96	1	2	104	1	60	0.000140520
SRR11032667.11115	24386	231	156	201202	119	119	107	1	2	119	1	60	0.000143601
SRR11032667.11326	26189	275	186	168539	80	80	69	0	0	0	0	-1	0.000126881
SRR11032667.11520	24602	271	183	119626	154	154	115	1	2	164	1	60	0.000189000
SRR11032667.11608	25144	253	171	166782	105	105	51	1	2	134	1	60	0.000145841
SRR11032667.11705	21663	225	152	27470	11	11	17	0	0	0	0	-1	0.000088841
SRR11032667.11814	27611	243	165	95843	50	50	59	0	0	0	0	-1	0.000108480
SRR11032667.12034	24012	237	160	219	0	0	0	0	0	0	0	-1	0.000090600
SRR11032667.12142	24901	262	177	337	0	0	0	0	0	0	0	-1	0.000096120
SRR11032667.12306	23333	334	226	86159	30421	30421	882	7	5	217	1	0	0.000480601
SRR11032667.12400	24625	243	165	49611	61	61	43	0	0	0	0	-1	0.000109640
SRR11032667.12515	20343	214	145	161741	100	100	71	2	2	108	1	60	0.000149641
SRR11032667.12633	26001	267	181	396	2	2	4	0	0	0	0	-1	0.000099241
SRR11032667.12747	26920	273	185	95448	95	95	31	1	2	142	1	60	0.000143280
SRR11032667.12854	25664	246	167	227	4	4	8	0	0	0	0	-1	0.000094760
SRR11032667.13080	21395	224	152	92414	31	31	23	0	0	0	0	-1	0.000090400
SRR11032667.13205	21852	239	162	54947	71	71	56	0	0	0	0	-1	0.000105480
SRR11032667.13247	22555	245	166	62385	87	87	29	1	2	136	1	60	0.000123400
SRR11032667.13399	24282	220	149	215423	68	68	37	2	3	108	1	60	0.000153240
SRR11032667.13598	24677	248	168	27703	169	169	156	2	3	134	1	60	0.000166680
SRR11032667.13765	24923	270	183	132612	100	100	97	0	0	0	0	-1	0.000172880
SRR11032667.14025	27817	305	206	97634	54	54	73	0	0	0	0	-1	0.000119120
SRR11032667.14097	27351	279	189	1049	19	19	31	0	0	0	0	-1	0.000109841
SRR11032667.14201	26578	237	160	25259	87	87	47	1	2	117	1	60	0.000133001
SRR11032667.14339	20950	209	142	24570	76	76	60	0	0	0	0	-1	0.000100081
SRR11032667.14471	26699	283	192	32830	62	62	47	0	0	0	0	-1	0.000115120
SRR11032667.14629	24466	237	160	87063	90	90	33	1	2	131	1	60	0.000143681
SRR11032667.14722	27704	282	191	20837	103	103	44	1	2	153	1	60	0.000148961
SRR11032667.14803	21287	212	144	82709	61	61	51	0	0	0	0	-1	0.000098081
SRR11032667.14884	22001	208	141	32657	76	76	45	1	2	104	1	60	0.000122320
SRR11032667.15047	21903	229	155	48156	376	376	224	1	2	120	1	60	0.000188720
SRR11032667.15209	20316	202	137	55709	31	31	35	0	0	0	0	-1	0.000083520
SRR11032667.15366	21313	185	125	91818	44	44	35	0	0	0	0	-1	0.000091400
SRR11032667.15499	25447	258	175	183873	147	147	138	2	3	129	1	60	0.000173720
SRR11032667.15650	24266	233	158	133797	66	66	39	1	2	105	1	60	0.000125960
SRR11032667.15806	20547	228	154	103183	46	46	25	0	0	0	0	-1	0.000096520
SRR11032667.16013	25229	265	179	62228	86	86	53	1	2	122	1	60	0.000145000
SRR11032667.16311	21525	221	150	153228	167	167	90	1	2	105	1	60	0.000152121
SRR11032667.16479	21005	214	145	44761	35	35	35	0	0	0	0	-1	0.000086440
SRR11032667.16648	24844	252	171	70472	88	88	39	2	3	110	1	60	0.000148040
SRR11032667.16759	21494	231	156	15778	74	74	31	1	2	116	1	60	0.000117640
SRR11032667.16870	22516	217	147	23306	89	89	45	1	2	121	1	60	0.000127001
SRR11032667.16997	25118	261	177	38593	61	61	27	0	0	0	0	-1	0.000115761
SRR11032667.17118	24250	248	168	27389	89	89	170	0	0	0	0	-1	0.000130400
SRR11032667.17290	22518	197	133	73585	110	110	89	1	2	106	1	60	0.000126720
SRR11032667.17467	21120	217	147	14041	20	20	39	0	0	0	0	-1	0.000087840
SRR11032667.17578	21463	233	158	205	6	6	12	0	0	0	0	-1	0.000089800
SRR11032667.17696	26310	244	165	199	0	0	0	0	0	0	0	-1	0.000106241
SRR11032667.17788	23587	229	155	1760	100	100	53	1	2	140	1	60	0.000126561
SRR11032667.17900	20494	195	132	2540	46	46	35	0	0	0	0	-1	0.000085840
SRR11032667.18118	26863	293	198	17219	57	57	35	0	0	0	0	-1	0.000119960
SRR11032667.18218	27255	275	186	533	36	36	45	0	0	0	0	-1	0.000111481
SRR11032667.18328	21033	230	156	4204	79	79	27	1	2	127	1	60	0.000114600
SRR11032667.18472	25508	248	168	107658	117	117	63	1	2	147	1	60	0.000142241
SRR11032667.18656	20533	247	167	77127	119	119	215	0	0	0	0	-1	0.000112400
SRR11032667.18789	23962	251	170	180131	124	124	61	2	3	147	1	60	0.000155800
SRR11032667.18890	27905	288	195	177	0	0	0	0	0	0	0	-1	0.000105800
SRR11032667.19115	23790	267	181	13699	7	7	14	0	0	0	0	-1	0.000094641
SRR11032667.19318	23236	241	163	172286	72	72	67	0	0	0	0	-1	0.000110041
SRR11032667.19471	21541	189	128	111561	59	59	33	1	2	92	1	60	0.000109560
SRR11032667.19611	23280	241	163	94288	17	17	23	0	0	0	0	-1	0.000094320
SRR11032667.19735	26168	240	163	83925	102	102	57	1	2	132	1	60	0.000140160
SRR11032667.19819	21707	207	140	8275	97	97	85	2	3	94	1	60	0.000149240
SRR11032667.20007	21121	203	138	484	62	62	35	1	2	87	1	60	0.000109360
SRR11032667.20198	20086	160	109	447	69	69	75	0	0	0	0	-1	0.000089920
SRR11032667.20287	25585	249	169	32252	53	53	69	0	0	0	0	-1	0.000105921
SRR11032667.20583	27738	269	182	58998	73	73	51	0	0	0	0	-1	0.000122961
SRR11032667.20760	27179	234	158	43154	76	76	57	1	0	0	0	-1	0.000126960
SRR11032667.20880	21546	198	134	146367	121	121	93	1	2	128	1	60	0.000122881
SRR11032667.21038	25925	215	146	78135	55	55	29	1	0	0	0	-1	0.000134440
SRR11032667.21217	23948	253	171	63822	52	52	43	0	0	0	0	-1	0.000106080
SRR11032667.21350	21289	142	96	54129	2551	2551	326	14	5	71	1	0	0.000260160
SRR11032667.21487	22176	224	152	631	83	83	47	1	2	101	1	60	0.000124800
SRR11032667.21629	24368	254	172	159419	99	99	41	1	2	129	1	60	0.000135000
SRR11032667.21832	23720	254	172	119398	40	40	43	0	0	0	0	-1	0.000103280
SRR11032667.21926	22629	224	152	214304	82	82	23	1	2	130	1	60	0.000126241
SRR11032667.22027	22683	225	152	13633	0	0	0	0	0	0	0	-1	0.000085160
SRR11032667.22170	23484	228	154	83124	48	48	29	0	0	0	0	-1	0.000099760
SRR11032667.22318	20358	213	144	96374	22103	22103	1070	168	5	94	1	0	0.003395568
SRR11032667.22423	25945	290	196	195730	132	132	104	2	3	154	1	60	0.000176320
SRR11032667.22549	23156	214	145	158753	52	52	27	0	0	0	0	-1	0.000098920
SRR11032667.22688	20094	206	140	185342	69	69	27	1	2	106	1	60	0.000127080
SRR11032667.22881	26488	274	185	152249	48	48	43	0	0	0	0	-1	0.000111200
SRR11032667.23043	21108	188	127	18239	52	52	25	1	2	79	1	60	0.000108280
SRR11032667.23229	24548	249	169	15546	82	82	31	1	2	130	1	60	0.000128841
SRR11032667.23370	21667	212	144	80845	85	85	37	1	2	117	1	60	0.000123681
SRR11032667.23504	20154	168	114	151455	118	118	103	1	2	113	1	60	0.000119921
SRR11032667.23705	22692	235	159	88830	33	33	34	0	0	0	0	-1	0.000095041
SRR11032667.23841	23219	235	159	12907	40	40	35	0	0	0	0	-1	0.000097760
SRR11032667.24025	25796	247	167	39694	106	106	45	1	2	147	1	60	0.000168880
SRR11032667.24133	27070	272	184	76559	112	112	51	1	2	145	1	60	0.000143200
SRR11032667.24232	23643	224	152	70557	117	117	81	1	2	127	1	60	0.000142000
SRR11032667.24336	21007	209	142	150566	68	68	39	1	2	97	1	60	0.000107720
SRR11032667.24440	25467	259	175	310310	78	78	121	0	0	0	0	-1	0.000137440
SRR11032667.24563	24514	225	152	21412	40	40	47	0	0	0	0	-1	0.000096961
SRR11032667.24745	20507	185	125	850	73	73	25	1	2	98	1	60	0.000104960
SRR11032667.24997	26448	280	190	224146	62	62	45	0	0	0	0	-1	0.000116720
SRR11032667.25093	27299	265	179	117397	90	90	31	1	2	144	1	60	0.000141640
SRR11032667.25224	27154	273	185	19998	120	120	235	0	0	0	0	-1	0.000139040
SRR11032667.25450	23101	215	146	105374	66	66	35	1	2	95	1	60	0.000120760
SRR11032667.25593	20572	220	149	111405	80	80	37	1	2	111	1	60	0.000120480
SRR11032667.25750	20037	189	128	75259	68	68	128	0	0	0	0	-1	0.000089760
SRR11032667.25881	25990	265	179	75815	374	374	734	0	0	0	0	-1	0.000208121
SRR11032667.25991	20958	215	146	26968	8	8	8	0	0	0	0	-1	0.000083520
SRR11032667.26064	21750	225	152	214810	100	100	35	1	2	137	1	60	0.000137481
SRR11032667.26175	25250	225	152	111412	96	96	53	2	3	119	1	60	0.000144240
SRR11032667.26365	21062	193	131	36407	64	64	39	2	3	93	1	60	0.000127041
SRR11032667.26628	22236	227	154	48326	114	114	65	1	2	134	1	60	0.000131361
SRR11032667.26771	21768	207	140	74190	98	98	85	1	2	112	1	60	0.000133920
SRR11032667.26908	22909	272	184	42285	99	99	37	1	2	143	1	60	0.000147640
SRR11032667.27082	27180	295	200	160195	45	45	89	0	0	0	0	-1	0.000115400
SRR11032667.28196	25827	268	181	55317	191	191	187	2	3	121	1	0	0.000180120
SRR11032667.28376	26165	275	186	110360	329	329	410	1	0	0	0	-1	0.000200681
SRR11032667.28447	20593	212	144	432	13	13	26	0	0	0	0	-1	0.000082641
SRR11032667.29047	22176	227	154	588	0	0	0	0	0	0	0	-1	0.000084680
SRR11032667.30068	20871	208	141	232	0	0	0	0	0	0	0	-1	0.000078720
SRR11032667.31647	22205	225	152	845	0	0	0	0	0	0	0	-1	0.000082400
SRR11032667.33076	27757	268	181	253	0	0	0	0	0	0	0	-1	0.000100761
SRR11032667.33919	24003	231	156	200	0	0	0	0	0	0	0	-1	0.000087840
SRR11032667.35831	27811	288	195	420	0	0	0	0	0	0	0	-1	0.000105360
SRR11032667.38390	24426	247	167	299	0	0	0	0	0	0	0	-1	0.000090760
SRR11032667.41063	24892	256	173	153	0	0	0	0	0	0	0	-1	0.000094001
SRR11032667.42484	21071	222	150	241	1	1	2	0	0	0	0	-1	0.000079001
SRR11032667.43236	24340	232	157	885	13	13	26	0	0	0	0	-1	0.000092360
SRR11032667.44985	26112	235	159	186	0	0	0	0	0	0	0	-1	0.000109560
SRR11032667.46404	23658	224	152	295	0	0	0	0	0	0	0	-1	0.000091680
SRR11032698.123	27745	290	196	278001	98	98	23	1	2	155	1	60	0.000151201
SRR11032698.303	22404	225	152	147930	74	74	63	1	2	94	1	60	0.000131481
SRR11032698.441	20125	201	136	25689	52	52	29	1	2	83	1	60	0.000104641
SRR11032698.621	21229	215	146	58482	76	76	23	1	2	120	1	60	0.000121160
SRR11032698.728	23363	267	181	68603	20	20	29	0	0	0	0	-1	0.000098240
SRR11032698.834	24485	255	173	130434	92	92	45	1	2	126	1	60	0.000175320
SRR11032698.1070	22232	200	136	28760	93	93	109	0	0	0	0	-1	0.000107680
SRR11032698.1253	24533	235	159	170747	311	311	280	2	3	103	1	60	0.000209001
SRR11032698.1410	26026	236	160	91124	5109	5109	722	4	4	97	1	0	0.000235120
SRR11032698.1528	22681	189	128	86616	66	66	130	0	0	0	0	-1	0.000090960
SRR11032698.1861	27358	293	198	95262	60	60	63	0	0	0	0	-1	0.000124880
SRR11032698.2027	25097	220	149	24032	121	121	82	1	2	134	1	60	0.000137080
SRR11032698.2231	26497	286	194	91093	36	36	66	0	0	0	0	-1	0.000114440
SRR11032698.2317	24228	270	183	4172	86	86	37	1	2	135	1	60	0.000128321
SRR11032698.2466	26972	276	187	20214	76	76	54	1	0	0	0	-1	0.000141121
SRR11032698.2665	25237	254	172	47430	55	55	57	0	0	0	0	-1	0.000116921
SRR11032698.2805	23691	238	161	17072	82	82	49	1	2	108	1	60	0.000126121
SRR11032698.3031	22489	234	158	163043	76	76	47	1	2	114	1	60	0.000126200
SRR11032698.3217	20549	179	121	11609	65	65	19	1	2	101	1	60	0.000108761
SRR11032698.3387	20421	202	137	28353	66	66	39	1	2	89	1	60	0.000109760
SRR11032698.3543	27468	269	182	27868	75	75	51	2	3	109	1	60	0.000147361
SRR11032698.3665	24083	233	158	40528	27	27	46	0	0	0	0	-1	0.000096640
SRR11032698.3821	21826	223	151	42284	52	52	33	0	0	0	0	-1	0.000092000
SRR11032698.4034	22714	226	153	16300	43	43	11	0	0	0	0	-1	0.000101240
SRR11032698.4206	22917	225	152	1912	73	73	49	1	2	99	1	60	0.000121761
SRR11032698.4393	26774	256	173	9785	104	104	51	1	2	140	1	60	0.000148480
SRR11032698.4506	22378	212	144	38022	79	79	36	2	3	101	1	60	0.000144160
SRR11032698.4633	27337	250	169	52856	103	103	57	1	2	123	1	60	0.000140480
SRR11032698.4814	23985	252	171	50840	91	91	55	1	2	120	1	60	0.000136320
SRR11032698.5095	24189	246	167	45820	114	114	55	1	2	141	1	60	0.000133200
SRR11032698.5254	23304	245	166	27711	99	99	65	1	2	129	1	60	0.000133920
SRR11032698.5371	24376	207	140	67504	73	73	55	1	2	91	1	60	0.000127400
SRR11032698.5600	22367	235	159	13692	68	68	35	1	2	110	1	60	0.000118720
SRR11032698.5723	23664	234	158	18887	69	69	41	2	3	94	1	60	0.000152600
SRR11032698.5909	20265	209	142	8665	92	92	51	1	2	115	1	60	0.000119200
SRR11032698.5956	25869	265	179	68347	93	93	41	1	2	130	1	60	0.000135320
SRR11032698.6230	27626	271	183	134022	53	53	49	0	0	0	0	-1	0.000113400
SRR11032698.6346	20367	201	136	4690	48	48	39	0	0	0	0	-1	0.000089480
SRR11032698.6622	22253	217	147	173642	115	115	71	1	2	131	1	60	0.000148480
SRR11032698.6721	25772	254	172	100883	14	14	28	0	0	0	0	-1	0.000099960
SRR11032698.6893	24100	220	149	110387	41	41	35	0	0	0	0	-1	0.000094320
SRR11032698.7059	21743	236	160	1011	9	9	18	0	0	0	0	-1	0.000088400
SRR11032698.7189	27440	270	183	107205	69	69	53	0	0	0	0	-1	0.000121400
SRR11032698.7343	23830	226	153	113923	697	697	666	0	0	0	0	-1	0.000152680
SRR11032698.7579	21094	214	145	20575	68	68	37	1	2	88	1	60	0.000130280
SRR11032698.7799	25567	235	159	36534	73	73	40	0	0	0	0	-1	0.000116040
SRR11032698.7943	21773	221	150	54212	34	34	43	0	0	0	0	-1	0.000090080
SRR11032698.8201	20805	192	130	1938	59	59	25	2	3	83	1	60	0.000127120
SRR11032698.8387	21369	188	127	187131	116	116	135	1	2	94	1	60	0.000126440
SRR11032698.8594	20676	204	138	46235	80	80	55	1	2	98	1	60	0.000119560
SRR11032698.8724	27120	277	187	313214	113	113	72	2	3	137	1	60	0.000180200
SRR11032698.8867	21337	241	163	32108	109	109	69	1	2	133	1	60	0.000128721
SRR11032698.9045	23788	228	154	1861	0	0	0	0	0	0	0	-1	0.000089041
SRR11032698.9164	25890	254	172	39279	68	68	59	0	0	0	0	-1	0.000115081
SRR11032698.9392	22060	195	132	3804	51	51	33	0	0	0	0	-1	0.000091160
SRR11032698.9505	23256	247	167	177004	52	52	41	0	0	0	0	-1	0.000102600
SRR11032698.9662	25106	224	152	76775	77	77	35	1	2	92	1	60	0.000128280
SRR11032698.9845	24319	274	185	168388	33	33	37	0	0	0	0	-1	0.000105520
SRR11032698.9998	27731	270	183	1506	62	62	39	0	0	0	0	-1	0.000117120
SRR11032698.10274	24282	228	154	57764	91	91	65	1	2	105	1	60	0.000131160
SRR11032698.10376	22383	217	147	35245	83	83	41	1	2	99	1	60	0.000194241
SRR11032698.10571	22001	235	159	112282	44	44	25	0	0	0	0	-1	0.000099120
SRR11032698.10771	20181	178	121	91671	65	65	31	2	3	92	1	60	0.000111200
SRR11032698.10898	23180	267	181	49109	79	79	25	1	2	119	1	60	0.000134320
SRR11032698.11037	24486	243	165	161652	71	71	33	1	2	101	1	60	0.000126040
SRR11032698.11207	23166	207	140	11593	95	95	61	1	2	105	1	60	0.000126680
SRR11032698.11418	27789	280	190	175799	134	134	111	1	2	142	1	60	0.000166440
SRR11032698.11547	23339	220	149	85545	70	70	41	1	2	97	1	60	0.000126881
SRR11032698.11656	24847	244	165	38376	104	104	65	1	2	130	1	60	0.000134361
SRR11032698.11839	24007	226	153	235803	100	100	79	1	2	105	1	60	0.000137481
SRR11032698.12062	24133	225	152	232411	95	95	47	1	2	124	1	60	0.000136760
SRR11032698.12143	21807	236	160	3594	43	43	27	0	0	0	0	-1	0.000096161
SRR11032698.12216	24098	250	169	193982	75	75	21	1	2	120	1	60	0.000125960
SRR11032698.12454	21005	191	129	912	13	13	14	0	0	0	0	-1	0.000079401
SRR11032698.12596	26065	233	158	140	9	9	12	0	0	0	0	-1	0.000099880
SRR11032698.12785	23771	215	146	74939	81	81	89	0	0	0	0	-1	0.000111281
SRR11032698.13012	23669	232	157	55632	107	107	75	1	2	119	1	60	0.000131681
SRR11032698.13108	25849	249	169	20755	87	87	35	1	2	119	1	60	0.000141320
SRR11032698.13209	24417	254	172	58047	69	69	77	0	0	0	0	-1	0.000111760
SRR11032698.13341	24658	258	175	115443	119	119	67	1	2	134	1	60	0.000160600
SRR11032698.13600	26578	248	168	50034	109	109	51	1	2	144	1	60	0.000137200
SRR11032698.13788	26412	240	163	106668	46	46	43	0	0	0	0	-1	0.000103920
SRR11032698.13948	22619	211	143	28659	49	49	25	0	0	0	0	-1	0.000096680
SRR11032698.14103	22862	248	168	72189	91	91	41	1	2	130	1	60	0.000125480
SRR11032698.14332	27179	271	183	1719	16	16	29	0	0	0	0	-1	0.000107520
SRR11032698.14463	25953	264	179	51627	96	96	59	1	2	126	1	60	0.000137240
SRR11032698.14676	20291	245	166	112780	71	71	31	2	3	111	1	60	0.000136080
SRR11032698.14859	22685	209	142	8703	57	57	27	1	2	90	1	60	0.000126800
SRR11032698.15003	22502	222	150	95949	79	79	43	1	2	113	1	60	0.000130680
SRR11032698.15144	25289	267	181	117542	95	95	67	1	2	121	1	60	0.000148361
SRR11032698.15273	26064	243	165	121043	95	95	58	2	4	117	1	60	0.000173040
SRR11032698.15487	23512	244	165	238879	95	95	63	1	2	119	1	60	0.000134480
SRR11032698.15632	21196	208	141	113113	95	95	41	1	2	129	1	60	0.000125160
SRR11032698.15907	25091	250	169	36563	100	100	69	1	2	117	1	60	0.000140680
SRR11032698.16063	25968	277	187	111892	65	65	53	0	0	0	0	-1	0.000117480
SRR11032698.16181	22636	249	169	178577	94	94	41	1	2	132	1	60	0.000131521
SRR11032698.16315	21272	208	141	89523	50	50	29	0	0	0	0	-1	0.000092121
SRR11032698.16410	22171	221	150	1884	0	0	0	0	0	0	0	-1	0.000082760
SRR11032698.16536	26065	245	166	89811	78	78	49	1	0	0	0	-1	0.000134161
SRR11032698.16728	27881	285	193	78199	9	9	18	0	0	0	0	-1	0.000108560
SRR11032698.16794	23994	249	169	67699	44	44	86	0	0	0	0	-1	0.000093480
SRR11032698.16925	20258	218	148	15170	104	104	85	1	2	113	1	60	0.000130401
SRR11032698.17155	21699	222	150	13693	35	35	25	0	0	0	0	-1	0.000089561
SRR11032698.17442	27826	273	185	34661	83	83	37	1	2	132	1	60	0.000140080
SRR11032698.17579	21487	213	144	9199	0	0	0	0	0	0	0	-1	0.000101760
SRR11032698.17776	20644	207	140	191807	114	114	77	1	2	119	1	60	0.000133440
SRR11032698.17953	21399	224	152	843	10	10	20	0	0	0	0	-1	0.000085560
SRR11032698.18111	27644	277	187	70849	67	67	56	0	0	0	0	-1	0.000123640
SRR11032698.18239	27006	245	166	743	0	0	0	0	0	0	0	-1	0.000095961
SRR11032698.18564	23655	227	154	80719	68	68	59	0	0	0	0	-1	0.000106680
SRR11032698.18796	25057	265	179	57227	16	16	19	0	0	0	0	-1	0.000099640
SRR11032698.19095	26146	271	183	270302	102	102	69	1	2	127	1	60	0.000151600
SRR11032698.19306	22277	216	146	240	4	4	8	0	0	0	0	-1	0.000082080
SRR11032698.19370	23742	248	168	39014	124	124	173	0	0	0	0	-1	0.000121920
SRR11032698.19570	27977	308	208	20590	78	78	59	0	0	0	0	-1	0.000129680
SRR11032698.19731	20018	223	151	63828	58	58	55	0	0	0	0	-1	0.000096001
SRR11032698.19941	25825	242	164	271110	118	118	95	1	2	122	1	60	0.000147481
SRR11032698.20119	21608	223	151	8902	58	58	28	0	0	0	0	-1	0.000101160
SRR11032698.20341	27229	274	185	166245	99	99	27	1	2	143	1	60	0.000144841
SRR11032698.20425	26792	263	178	113326	103	103	27	2	3	141	1	60	0.000163401
SRR11032698.20631	26397	275	186	34619	81	81	45	1	2	122	1	60	0.000143760
SRR11032698.20826	23350	239	162	28234	93	93	65	1	2	111	1	60	0.000130840
SRR11032698.20929	22448	219	148	33642	90	90	39	1	2	122	1	60	0.000143600
SRR11032698.21101	27973	282	191	23595	29	29	15	0	0	0	0	-1	0.000109961
SRR11032698.21216	25135	261	177	83890	80	80	39	1	2	114	1	60	0.000136401
SRR11032698.21370	20943	212	144	74825	65	65	45	1	2	91	1	60	0.000119640
SRR11032698.21670	21160	184	125	224827	153	153	216	1	2	89	1	60	0.000138160
SRR11032698.21823	21322	194	131	33193	66	66	19	1	2	104	1	60	0.000109840
SRR11032698.21955	26108	262	177	50009	84	84	41	1	2	133	1	60	0.000144840
SRR11032698.22114	24275	244	165	138	10	10	4	0	0	0	0	-1	0.000094000
SRR11032698.22282	26769	283	192	203834	131	131	71	1	2	162	1	60	0.000156880
SRR11032698.22426	27768	273	185	3994	114	114	93	1	2	132	1	60	0.000149960
SRR11032698.22639	24969	245	166	1893	62	62	19	1	2	108	1	60	0.000123321
SRR11032698.22878	26813	254	172	77538	61	61	31	0	0	0	0	-1	0.000117401
SRR11032698.23038	25476	250	169	126899	82	82	27	1	2	133	1	60	0.000133241
SRR11032698.23307	27592	256	173	102129	5189	5189	956	2	0	0	0	-1	0.000350400
SRR11032698.23410	22521	200	136	78721	124	124	99	2	3	115	1	60	0.000153680
SRR11032698.23681	21586	215	146	275578	85	85	51	1	2	113	1	60	0.000130840
SRR11032698.23890	22525	216	146	179927	149	149	179	1	2	115	1	60	0.000150360
SRR11032698.24080	26832	252	171	36170	71	71	51	1	2	104	1	60	0.000139001
SRR11032698.24280	23999	251	170	12911	0	0	0	0	0	0	0	-1	0.000092440
SRR11032698.24417	27101	257	174	139044	86	86	43	1	2	119	1	60	0.000146360
SRR11032698.24594	26956	275	186	98888	105	105	53	1	2	138	1	60	0.000148480
SRR11032698.24838	23219	238	161	18024	41	41	64	0	0	0	0	-1	0.000109280
SRR11032698.24955	21672	212	144	103978	59	59	21	1	2	101	1	60	0.000118241
SRR11032698.25072	27445	265	179	4454	88	88	29	1	2	128	1	60	0.000141401
SRR11032698.25218	20034	209	142	24256	76	76	47	1	2	98	1	60	0.000115841
SRR11032698.25344	23497	218	148	141578	92	92	68	2	3	104	1	60	0.000157921
SRR11032698.25541	22185	233	158	135591	93	93	23	1	2	143	1	60	0.000125680
SRR11032698.25736	21424	203	138	31681	84	84	37	1	2	110	1	60	0.000122721
SRR11032698.25948	26626	254	172	827	75	75	33	1	2	117	1	60	0.000131081
SRR11032698.26204	24541	212	144	141196	98	98	85	1	2	103	1	60	0.000134201
SRR11032698.26357	22991	228	154	186	38	38	19	0	0	0	0	-1	0.000099761
SRR11032698.26529	26115	261	177	107941	88	88	49	1	2	133	1	60	0.000137001
SRR11032698.26662	27570	252	171	44349	28	28	29	0	0	0	0	-1	0.000112360
SRR11032698.26933	24347	259	175	230746	128	128	117	1	2	129	1	60	0.000155761
SRR11032698.27134	20722	210	142	46392	39	39	17	0	0	0	0	-1	0.000087441
SRR11032698.27339	24204	245	166	124547	95	95	67	2	3	114	1	60	0.000159361
SRR11032698.27582	25990	237	160	129187	73	73	33	2	3	112	1	60	0.000146400
SRR11032698.27705	20590	194	131	64212	83	83	53	1	2	104	1	60	0.000113401
SRR11032698.27894	27545	281	190	1141	21	21	29	0	0	0	0	-1	0.000109440
SRR11032698.28077	21404	238	161	195294	164	164	145	2	0	0	0	-1	0.000154440
SRR11032698.28185	24662	235	159	201898	41889	41889	1761	48	4	111	1	0	0.001732044
SRR11032698.28523	20071	213	144	6257	0	0	0	0	0	0	0	-1	0.000078200
SRR11032698.28674	25974	266	180	51178	91	91	178	0	0	0	0	-1	0.000122160
SRR11032698.33112	20301	204	138	170	3	3	6	0	0	0	0	-1	0.000081840
SRR11032698.34285	22476	213	144	233	0	0	0	0	0	0	0	-1	0.000080480
SRR11032698.37932	21784	232	157	144	0	0	0	0	0	0	0	-1	0.000086360
SRR11032698.39278	26791	300	203	340	0	0	0	0	0	0	0	-1	0.000104520
SRR11032698.42090	23528	240	163	369	16	16	32	0	0	0	0	-1	0.000093281
SRR11032698.45706	26485	262	177	247	0	0	0	0	0	0	0	-1	0.000099560
SRR11032755.74	21349	229	155	157559	80	80	23	1	2	122	1	60	0.000125401
SRR11032755.242	23260	243	165	75884	0	0	0	0	0	0	0	-1	0.000091160
SRR11032755.356	23191	229	155	152024	89	89	61	1	2	104	1	60	0.000127200
SRR11032755.519	22257	234	158	286	0	0	0	0	0	0	0	-1	0.000087241
SRR11032755.592	26048	258	175	4604	57	57	63	0	0	0	0	-1	0.000111001
SRR11032755.722	24443	221	150	2337	56	56	31	1	0	0	0	-1	0.000143001
SRR11032755.847	26728	272	184	68893	144	144	72	1	2	176	1	60	0.000150681
SRR11032755.984	24568	264	179	41240	134	134	92	1	2	160	1	60	0.000147000
SRR11032755.1112	24464	243	165	299753	12982	12982	12817	0	0	0	0	-1	0.001717644
SRR11032755.1260	22958	225	152	81696	72	72	140	0	0	0	0	-1	0.000093960
SRR11032755.1458	26730	258	175	139829	96	96	97	0	0	0	0	-1	0.000121121
SRR11032755.1657	20249	218	148	61043	111	111	79	1	2	129	1	60	0.000133240
SRR11032755.1756	27425	268	181	4270	68	68	63	0	0	0	0	-1	0.000118760
SRR11032755.1876	25392	259	175	180080	113	113	99	1	2	112	1	60	0.000144320
SRR11032755.2007	23026	247	167	154792	104	104	67	1	2	126	1	60	0.000138721
SRR11032755.2099	26141	289	196	542	0	0	0	0	0	0	0	-1	0.000113640
SRR11032755.2248	22174	207	140	4403	63	63	23	1	2	88	1	60	0.000121880
SRR11032755.2402	25437	277	187	43755	74	74	44	2	3	121	1	60	0.000151080
SRR11032755.2577	24006	236	160	24116	68	68	35	1	2	99	1	60	0.000123840
SRR11032755.2731	21945	233	158	214079	133	133	83	1	2	149	1	60	0.000136400
SRR11032755.2918	26042	238	161	107093	94	94	75	1	2	98	1	60	0.000152680
SRR11032755.3067	26338	234	158	227697	77	77	25	1	2	125	1	60	0.000132601
SRR11032755.3198	24436	228	154	133030	185	185	138	1	2	117	1	60	0.000155400
SRR11032755.3291	26673	251	170	139582	76	76	105	0	0	0	0	-1	0.000115960
SRR11032755.3399	20399	201	136	80352	85	85	71	1	2	93	1	60	0.000119840
SRR11032755.3496	20698	216	146	182591	141	141	111	1	2	142	1	60	0.000141480
SRR11032755.3584	23004	198	134	13808	74	74	25	1	2	104	1	60	0.000116200
SRR11032755.3737	20939	228	154	110652	122	122	141	1	2	99	1	60	0.000137000
SRR11032755.3866	26737	262	177	70673	117	117	63	1	2	148	1	60	0.000143160
SRR11032755.3969	24868	237	160	60865	81	81	69	1	0	0	0	-1	0.000134920
SRR11032755.4147	23221	249	169	425	27	27	54	0	0	0	0	-1	0.000098240
SRR11032755.4246	25500	246	167	7761	136	136	109	1	2	136	1	60	0.000162760
SRR11032755.4509	21978	164	111	82481	39	39	47	0	0	0	0	-1	0.000080560
SRR11032755.4690	20013	201	136	38215	73	73	29	1	2	104	1	60	0.000110601
SRR11032755.4824	27675	284	192	16811	88	88	64	2	3	115	1	60	0.000160800
SRR11032755.4994	24147	252	171	119122	92	92	39	2	3	137	1	60	0.000146240
SRR11032755.5162	26888	297	201	163240	115	115	25	1	2	180	1	60	0.000148801
SRR11032755.5302	21016	184	125	282986	49	49	45	0	0	0	0	-1	0.000090920
SRR11032755.5406	21808	225	152	1483	68	68	55	0	0	0	0	-1	0.000108400
SRR11032755.5568	23834	229	155	128238	109	109	57	1	2	136	1	60	0.000130080
SRR11032755.5814	25509	249	169	167719	129	129	136	1	2	114	1	60	0.000151921
SRR11032755.5946	24672	238	161	33896	94	94	43	1	2	133	1	60	0.000128920
SRR11032755.6184	23079	230	156	2475	47	47	35	0	0	0	0	-1	0.000095360
SRR11032755.6406	21074	205	139	214533	127	127	89	1	2	132	1	60	0.000133560
SRR11032755.6540	24755	273	185	130442	91	91	31	1	2	148	1	60	0.000134320
SRR11032755.6681	22370	222	150	2566	89	89	39	1	2	116	1	60	0.000124881
SRR11032755.6774	21548	209	142	43316	77	77	53	1	2	92	1	60	0.000122281
SRR11032755.6852	21122	209	142	2628	67	67	43	0	0	0	0	-1	0.000105560
SRR11032755.6954	20784	216	146	903	66	66	37	1	2	99	1	60	0.000118920
SRR11032755.7131	21273	225	152	99355	73	73	33	1	2	104	1	60	0.000121320
SRR11032755.7279	23898	228	154	12810	129	129	131	1	2	113	1	60	0.000137761
SRR11032755.7382	21314	204	138	25356	90	90	31	1	2	117	1	60	0.000115241
SRR11032755.7554	22436	265	179	120908	54	54	47	0	0	0	0	-1	0.000105240
SRR11032755.7717	21322	229	155	71693	81	81	79	0	0	0	0	-1	0.000113000
SRR11032755.7827	23655	243	165	246673	259	259	406	1	2	121	1	60	0.000192360
SRR11032755.7900	24132	255	173	69534	123	123	71	2	3	149	1	60	0.000155880
SRR11032755.8125	21053	237	160	8525	103	103	27	1	2	150	1	60	0.000121241
SRR11032755.8272	22396	217	147	60694	80	80	63	1	2	97	1	60	0.000130560
SRR11032755.8433	21828	204	138	160729	138	138	131	1	2	120	1	60	0.000136240
SRR11032755.8634	22591	233	158	29888	84	84	57	1	2	95	1	60	0.000126760
SRR11032755.8811	22757	221	150	186349	116	116	119	1	2	109	1	60	0.000142401
SRR11032755.8913	27217	275	186	191672	104	104	109	0	0	0	0	-1	0.000129401
SRR11032755.9051	26983	295	200	175688	135	135	76	2	3	164	1	60	0.000179401
SRR11032755.9127	23482	247	167	92800	119	119	81	1	2	141	1	60	0.000136480
SRR11032755.9270	21273	224	152	21807	79	79	49	2	3	106	1	60	0.000148080
SRR11032755.9376	25385	242	164	4862	110	110	49	2	3	147	1	60	0.000146080
SRR11032755.9462	20751	211	143	153793	23	23	35	0	0	0	0	-1	0.000082880
SRR11032755.9547	20522	226	153	333	23	23	32	0	0	0	0	-1	0.000092600
SRR11032755.9737	22899	246	167	16564	64	64	67	0	0	0	0	-1	0.000105800
SRR11032755.9850	21778	236	160	93535	42	42	49	0	0	0	0	-1	0.000099320
SRR11032755.10004	24305	232	157	111302	87	87	25	1	2	125	1	60	0.000122160
SRR11032755.10179	25309	254	172	72852	124	124	69	1	2	144	1	60	0.000140521
SRR11032755.10339	23535	193	131	6025	364	364	227	1	2	99	1	60	0.000175560
SRR11032755.10448	21603	212	144	228910	117	117	73	1	2	125	1	60	0.000139641
SRR11032755.10564	20408	224	152	485	10	10	19	0	0	0	0	-1	0.000083040
SRR11032755.10715	20077	182	123	71516	56	56	23	1	2	88	1	60	0.000100440
SRR11032755.10811	23137	236	160	44913	98	98	55	1	2	128	1	60	0.000126320
SRR11032755.10999	24703	225	152	7157	92	92	30	2	3	128	1	60	0.000133360
SRR11032755.11161	24792	256	173	209	0	0	0	0	0	0	0	-1	0.000097041
SRR11032755.11308	22387	209	142	4662	66	66	61	0	0	0	0	-1	0.000106800
SRR11032755.11473	20731	218	148	32073	99	99	53	2	3	122	1	60	0.000141840
SRR11032755.11681	26969	265	179	89078	136	136	73	1	2	163	1	60	0.000157480
SRR11032755.11802	20568	194	131	138993	75	75	31	1	2	107	1	60	0.000115281
SRR11032755.11979	24244	260	176	39347	109	109	23	1	2	167	1	60	0.000134161
SRR11032755.12084	22358	236	160	125118	161	161	136	1	2	128	1	60	0.000177401
SRR11032755.12169	20982	192	130	172612	280	280	437	1	2	112	1	60	0.000175721
SRR11032755.12361	23869	264	179	45676	91	91	43	1	2	124	1	60	0.000136200
SRR11032755.12493	20346	187	127	16398	44	44	9	1	2	81	1	60	0.000102840
SRR11032755.12599	27933	374	253	111005	12218	12218	1377	2	2	229	1	60	0.000382521
SRR11032755.12720	27673	298	202	273718	191	191	143	1	2	151	1	60	0.000180200
SRR11032755.12878	22369	259	175	27280	98	98	91	0	0	0	0	-1	0.000137360
SRR11032755.13144	23983	243	165	14699	74	74	49	0	0	0	0	-1	0.000117561
SRR11032755.13259	23197	231	156	129085	67	67	35	1	2	104	1	60	0.000126001
SRR11032755.13489	22858	217	147	98654	53	53	23	1	0	0	0	-1	0.000122201
SRR11032755.13612	27247	293	198	191097	62	62	33	0	0	0	0	-1	0.000122481
SRR11032755.13752	24569	268	181	148	0	0	0	0	0	0	0	-1	0.000099120
SRR11032755.13857	21761	221	150	10779	40	40	13	1	2	90	1	60	0.000117480
SRR11032755.13991	24108	220	149	17308	75	75	41	1	2	105	1	60	0.000134840
SRR11032755.14200	20138	197	133	39387	75	75	35	1	2	100	1	60	0.000111000
SRR11032755.14302	23771	251	170	110120	150	150	93	2	3	157	1	60	0.000157601
SRR11032755.14412	24408	263	178	47821	100	100	27	1	2	153	1	60	0.000136960
SRR11032755.14525	22969	261	177	20353	102	102	63	2	3	130	1	60	0.000154080
SRR11032755.14602	20942	208	141	24229	72	72	73	0	0	0	0	-1	0.000097041
SRR11032755.14764	26758	269	182	107453	82	82	51	1	2	117	1	60	0.000144880
SRR11032755.14834	26606	264	179	6357	101	101	23	2	3	159	1	60	0.000163680
SRR11032755.14964	20059	208	141	29465	101	101	59	1	2	116	1	60	0.000120520
SRR11032755.15175	25134	233	158	44553	89	89	29	1	2	128	1	60	0.000126880
SRR11032755.15371	23300	252	171	2194	164	164	204	2	3	103	1	0	0.000172121
SRR11032755.15503	24424	220	149	31977	83	83	29	1	2	116	1	60	0.000130560
SRR11032755.15630	20291	183	124	170680	59	59	47	0	0	0	0	-1	0.000088960
SRR11032755.15821	25234	280	190	149908	111	111	91	1	2	134	1	60	0.000171360
SRR11032755.16014	20698	204	138	278	0	0	0	0	0	0	0	-1	0.000079000
SRR11032755.16109	20117	199	135	4530	0	0	0	0	0	0	0	-1	0.000073440
SRR11032755.16272	23692	244	165	36963	102	102	49	1	2	140	1	60	0.000140320
SRR11032755.16411	20885	194	131	374	0	0	0	0	0	0	0	-1	0.000075000
SRR11032755.16519	20443	200	136	5491	0	0	0	0	0	0	0	-1	0.000094880
SRR11032755.16687	25288	243	165	23244	115	115	83	1	2	128	1	60	0.000139080
SRR11032755.16873	26908	267	181	188701	57	57	25	0	0	0	0	-1	0.000135441
SRR11032755.17033	25116	242	164	195778	131	131	111	1	2	122	1	60	0.000143881
SRR11032755.17141	20385	207	140	6082	67	67	39	1	2	94	1	60	0.000125760
SRR11032755.17251	20691	188	127	37454	13	13	15	0	0	0	0	-1	0.000077520
SRR11032755.17452	27298	256	173	106535	112	112	41	1	2	150	1	60	0.000143160
SRR11032755.17642	24546	247	167	29534	124	124	103	1	2	134	1	60	0.000161440
SRR11032755.17818	21831	216	146	97881	137	137	78	1	2	127	1	60	0.000138680
SRR11032755.18043	25002	232	157	39414	61	61	21	2	3	99	1	60	0.000132840
SRR11032755.18230	25557	233	158	7377	69	69	51	1	2	99	1	60	0.000126920
SRR11032755.18420	21267	213	144	2907	0	0	0	0	0	0	0	-1	0.000102001
SRR11032755.18570	25503	250	169	1060	89	89	29	1	2	136	1	60	0.000134321
SRR11032755.18705	27427	299	202	216089	92	92	35	1	2	144	1	60	0.000155601
SRR11032755.18843	24210	242	164	112203	126	126	141	1	2	112	1	60	0.000147240
SRR11032755.18916	27730	273	185	31893	101	101	29	2	3	152	1	60	0.000158320
SRR11032755.19064	25528	249	169	32377	108	108	37	1	2	153	1	60	0.000131800
SRR11032755.19227	20206	211	143	14597	98	98	91	1	2	102	1	60	0.000130080
SRR11032755.19406	26180	251	170	181735	82	82	23	2	3	131	1	60	0.000145801
SRR11032755.19661	24318	232	157	109624	103	103	51	1	2	132	1	60	0.000135840
SRR11032755.19765	21043	214	145	81222	63	63	35	1	2	95	1	60	0.000123440
SRR11032755.19998	20335	214	145	78806	13693	13693	1344	7	4	96	1	0	0.000385041
SRR11032755.20173	24721	222	150	57931	72	72	25	1	2	113	1	60	0.000134480
SRR11032755.20283	24182	250	169	13446	68	68	49	1	0	0	0	-1	0.000130360
SRR11032755.20483	23381	234	158	131140	127	127	81	1	2	142	1	60	0.000142441
SRR11032755.20655	25350	262	177	218518	203	203	227	1	2	167	1	60	0.000177601
SRR11032755.20857	22079	227	154	35270	75	75	33	1	2	113	1	60	0.000117600
SRR11032755.20966	22317	241	163	181919	90	90	59	1	2	116	1	60	0.000131280
SRR11032755.21170	27128	277	187	181129	184	184	205	1	2	150	1	60	0.000178200
SRR11032755.21304	22124	233	158	79239	86	86	27	1	2	134	1	60	0.000124120
SRR11032755.21482	27396	291	197	173038	71	71	51	0	0	0	0	-1	0.000125761
SRR11032755.21555	25610	271	183	38959	161	161	97	1	2	186	1	60	0.000157201
SRR11032755.21653	24380	238	161	8288	31	31	19	0	0	0	0	-1	0.000098640
SRR11032755.21823	23148	211	143	22648	66	66	17	1	2	107	1	60	0.000118800
SRR11032755.21947	20743	211	143	129841	139	139	157	1	2	117	1	60	0.000149640
SRR11032755.22118	23328	243	165	53614	93	93	27	1	2	144	1	60	0.000128480
SRR11032755.22275	26063	272	184	104440	120	120	101	2	3	123	1	60	0.000168200
SRR11032755.22478	20110	198	134	303	0	0	0	0	0	0	0	-1	0.000077000
SRR11032755.22623	20588	218	148	21373	80	80	29	1	2	119	1	60	0.000118640
SRR11032755.22741	26881	246	167	15316	72	72	53	1	2	110	1	60	0.000148200
SRR11032755.22804	26211	323	219	104513	6905	6905	728	6	4	152	1	0	0.000372721
SRR11032755.22957	20918	187	127	75618	51	51	34	0	0	0	0	-1	0.000091840
SRR11032755.23091	20808	212	144	56828	80	80	31	1	2	115	1	60	0.000119720
SRR11032755.23280	23230	212	144	83557	61	61	108	0	0	0	0	-1	0.000099560
SRR11032755.23438	20942	204	138	923	89	89	109	2	3	91	1	60	0.000166800
SRR11032755.23575	21545	200	136	200213	61	61	27	1	2	96	1	60	0.000109720
SRR11032755.23728	24394	210	142	103751	102	102	71	1	2	110	1	60	0.000133000
SRR11032755.23876	26141	266	180	7142	0	0	0	0	0	0	0	-1	0.000102640
SRR11032755.24082	23806	217	147	31013	71	71	39	1	2	97	1	60	0.000121960
SRR11032755.24199	21661	219	148	258308	151	151	135	1	2	139	1	60	0.000150600
SRR11032755.24340	22309	257	174	79921	89	89	73	1	2	110	1	60	0.000134760
SRR11032755.24478	27380	271	183	91553	92	92	63	1	2	127	1	60	0.000152280
SRR11032755.24605	27140	260	176	135791	104	104	35	1	2	152	1	60	0.000143921
SRR11032755.24857	26414	281	190	360996	112	112	113	1	2	130	1	60	0.000159400
SRR11032755.25014	22428	224	152	129332	21	21	33	0	0	0	0	-1	0.000097360
SRR11032755.25141	26515	251	170	261570	65	65	50	0	0	0	0	-1	0.000116921
SRR11032755.25299	22615	217	147	217834	128	128	131	1	2	111	1	60	0.000127360
SRR11032755.25437	22554	237	160	39300	66	66	61	0	0	0	0	-1	0.000105880
SRR11032755.25616	20333	205	139	334651	258	258	425	1	2	89	1	60	0.000202840
SRR11032755.25727	20034	196	133	95805	84	84	29	1	2	116	1	60	0.000110360
SRR11032755.25892	21736	213	144	87526	457	457	372	2	2	111	1	60	0.000206840
SRR11032755.26059	27050	273	185	118672	88	88	71	0	0	0	0	-1	0.000137921
SRR11032755.26208	21313	187	127	129435	65	65	33	1	2	86	1	60	0.000109360
SRR11032755.26387	25359	208	141	84621	14012	14012	3077	2	3	96	1	0	0.000789202
SRR11032755.26492	21125	189	128	61119	51	51	46	0	0	0	0	-1	0.000089080
SRR11032755.26692	24124	258	175	131434	94	94	35	1	2	136	1	60	0.000132800
SRR11032755.26790	21588	218	148	702	7	7	14	0	0	0	0	-1	0.000083760
SRR11032755.26874	20734	178	121	228039	125	125	124	2	3	107	1	60	0.000132560
SRR11032755.27073	24811	240	163	53952	24	24	18	0	0	0	0	-1	0.000096441
SRR11032755.27218	20547	182	123	39553	69	69	22	2	3	96	1	60	0.000116360
SRR11032755.27483	27421	287	194	185720	228	228	140	1	2	171	1	60	0.000176640
SRR11032755.27623	22431	209	142	198455	28197	28197	2349	3	4	106	1	0	0.000568722
SRR11032755.28020	27054	266	180	19135	1430	1430	397	0	0	0	0	-1	0.000150600
SRR11032755.28169	25989	303	205	95835	70	70	138	0	0	0	0	-1	0.000115320
SRR11032755.28226	25200	248	168	63326	245	245	478	0	0	0	0	-1	0.000177800
SRR11032755.28965	21783	237	160	92	0	0	0	0	0	0	0	-1	0.000088280
SRR11032755.31821	22587	242	164	220	0	0	0	0	0	0	0	-1	0.000088321
SRR11032755.33620	20785	205	139	1906	3	3	6	0	0	0	0	-1	0.000081240
SRR11032755.36412	26365	284	192	573	3	3	6	0	0	0	0	-1	0.000105640
SRR11032755.38030	25284	256	173	277	0	0	0	0	0	0	0	-1	0.000094720
SRR11032755.38495	27697	276	187	13758	24	24	48	0	0	0	0	-1	0.000113160
SRR11032755.39462	25984	262	177	2337	120	120	240	0	0	0	0	-1	0.000129280
SRR11032755.40380	22634	215	146	754	0	0	0	0	0	0	0	-1	0.000082600
SRR11032755.42922	21114	215	146	394	0	0	0	0	0	0	0	-1	0.000081280
SRR11032719.107	22286	218	148	106036	35	35	45	0	0	0	0	-1	0.000090320
SRR11032719.289	21759	230	156	239475	91	91	87	1	2	103	1	60	0.000132240
SRR11032719.435	21566	221	150	26599	101	101	97	1	2	95	1	60	0.000136720
SRR11032719.550	22213	210	142	54289	22	22	24	0	0	0	0	-1	0.000085560
SRR11032719.791	21983	208	141	100619	84	84	76	1	0	0	0	-1	0.000147761
SRR11032719.954	24446	237	160	2255	6	6	12	0	0	0	0	-1	0.000093041
SRR11032719.1171	27207	261	177	94594	614	614	559	0	0	0	0	-1	0.000145601
SRR11032719.1319	27658	267	181	81064	364	364	340	0	0	0	0	-1	0.000186440
SRR11032719.1380	21648	219	148	182530	181	181	269	1	2	100	1	60	0.000158720
SRR11032719.1470	23662	251	170	39551	0	0	0	0	0	0	0	-1	0.000093880
SRR11032719.1615	24016	251	170	207539	84	84	49	1	2	114	1	60	0.000134400
SRR11032719.1825	20214	205	139	155919	102	102	79	1	2	106	1	60	0.000121040
SRR11032719.1996	26271	253	171	51687	100	100	61	1	2	125	1	60	0.000138601
SRR11032719.2137	22382	197	133	56015	53	53	23	1	2	93	1	60	0.000106520
SRR11032719.2351	20071	200	136	467	32	32	23	0	0	0	0	-1	0.000083160
SRR11032719.2664	22820	212	144	161560	55	55	25	1	2	90	1	60	0.000119161
SRR11032719.2872	23129	235	159	24437	28	28	47	0	0	0	0	-1	0.000094201
SRR11032719.2966	23533	261	177	25833	30	30	24	0	0	0	0	-1	0.000098440
SRR11032719.3150	26549	263	178	72356	65	65	19	1	2	127	1	60	0.000165481
SRR11032719.3365	26307	260	176	160841	55	55	29	1	0	0	0	-1	0.000128560
SRR11032719.3443	21982	233	158	175394	83	83	43	1	2	109	1	60	0.000124000
SRR11032719.3705	23188	229	155	59004	70	70	25	1	2	108	1	60	0.000132321
SRR11032719.3812	20028	220	149	2027	50	50	35	0	0	0	0	-1	0.000088920
SRR11032719.4003	24663	242	164	12664	84	84	55	1	2	108	1	60	0.000131560
SRR11032719.4206	26878	285	193	35216	91	91	61	1	2	122	1	60	0.000165801
SRR11032719.4441	27910	254	172	26466	34	34	55	0	0	0	0	-1	0.000109920
SRR11032719.4578	25588	226	153	1220	80	80	47	1	2	108	1	60	0.000122800
SRR11032719.4663	23950	246	167	75378	68	68	46	2	3	100	1	60	0.000148681
SRR11032719.4837	25371	231	156	146107	91	91	61	2	3	109	1	60	0.000144921
SRR11032719.5052	24140	213	144	166484	23	23	35	0	0	0	0	-1	0.000090120
SRR11032719.5211	21929	241	163	14576	54	54	51	0	0	0	0	-1	0.000099320
SRR11032719.5351	20057	190	129	44826	71	71	56	2	3	94	1	60	0.000129720
SRR11032719.5557	21915	244	165	49992	143	143	147	1	2	131	1	60	0.000142000
SRR11032719.5683	26572	265	179	75030	94	94	49	1	2	124	1	60	0.000142120
SRR11032719.5904	20643	216	146	45889	6	6	12	0	0	0	0	-1	0.000089240
SRR11032719.6053	24989	265	179	16304	84	84	53	1	2	115	1	60	0.000136040
SRR11032719.6194	21373	224	152	49596	76	76	57	1	2	91	1	60	0.000130881
SRR11032719.6381	21553	212	144	43655	124	124	107	1	2	122	1	60	0.000154081
SRR11032719.6475	21312	209	142	127541	32	32	45	0	0	0	0	-1	0.000086001
SRR11032719.6663	20249	207	140	135641	163	163	206	1	2	104	1	60	0.000148361
SRR11032719.6775	24712	246	167	68226	82	82	55	1	2	114	1	60	0.000134841
SRR11032719.6901	26110	276	187	42512	58	58	60	0	0	0	0	-1	0.000113361
SRR11032719.7094	21279	158	107	97332	670	670	801	0	0	0	0	-1	0.000157401
SRR11032719.7200	25856	238	161	160392	49	49	43	0	0	0	0	-1	0.000105680
SRR11032719.7372	23712	214	145	10845	17	17	32	0	0	0	0	-1	0.000089600
SRR11032719.7590	21990	214	145	2489	75	75	28	2	3	114	1	60	0.000136520
SRR11032719.7766	22860	234	158	1875	100	100	66	2	3	131	1	60	0.000144440
SRR11032719.7947	21833	173	117	26119	64	64	37	1	2	80	1	60	0.000104440
SRR11032719.8054	20084	196	133	59137	43	43	51	0	0	0	0	-1	0.000083840
SRR11032719.8199	21451	218	148	5036	47	47	31	0	0	0	0	-1	0.000090040
SRR11032719.8350	20069	220	149	105521	38	38	29	0	0	0	0	-1	0.000086280
SRR11032719.8647	24226	239	162	27917	46	46	41	0	0	0	0	-1	0.000099280
SRR11032719.8780	23032	243	165	17732	69	69	69	0	0	0	0	-1	0.000108001
SRR11032719.8934	23053	225	152	185	0	0	0	0	0	0	0	-1	0.000087280
SRR11032719.9029	25467	244	165	201	0	0	0	0	0	0	0	-1	0.000095400
SRR11032719.9207	27529	261	177	140453	576	576	215	5	3	139	1	0	0.000297440
SRR11032719.9385	23673	220	149	78716	22	22	25	0	0	0	0	-1	0.000092720
SRR11032719.9560	23119	237	160	1884	66	66	23	1	2	117	1	60	0.000124520
SRR11032719.9833	26526	273	185	39241	0	0	0	0	0	0	0	-1	0.000099920
SRR11032719.10041	22605	206	140	79528	48	48	30	0	0	0	0	-1	0.000092160
SRR11032719.10177	27719	259	175	223	0	0	0	0	0	0	0	-1	0.000121280
SRR11032719.10372	23484	195	132	10002	40	40	33	0	0	0	0	-1	0.000090681
SRR11032719.10485	22019	237	160	46852	109	109	81	1	2	134	1	60	0.000134040
SRR11032719.10547	20996	204	138	64803	52	52	29	1	0	0	0	-1	0.000111800
SRR11032719.10711	20008	188	127	151147	61	61	31	1	2	90	1	60	0.000104521
SRR11032719.10855	20289	206	140	322	37	37	47	0	0	0	0	-1	0.000084480
SRR11032719.11053	24109	241	163	69025	69	69	31	1	2	113	1	60	0.000128520
SRR11032719.11301	27567	292	198	80669	68	68	55	0	0	0	0	-1	0.000125800
SRR11032719.11475	25786	245	166	23629	42	42	38	0	0	0	0	-1	0.000103161
SRR11032719.11709	22990	247	167	17331	47	47	55	0	0	0	0	-1	0.000107641
SRR11032719.11920	27614	287	194	105334	98	98	120	0	0	0	0	-1	0.000133401
SRR11032719.12069	26524	260	176	54046	51	51	57	0	0	0	0	-1	0.000109000
SRR11032719.12290	20752	203	138	12646	183	183	362	0	0	0	0	-1	0.000125960
SRR11032719.12402	23334	236	160	164365	91	91	83	1	2	102	1	60	0.000135120
SRR11032719.12551	27100	265	179	37732	99	99	121	0	0	0	0	-1	0.000132960
SRR11032719.12652	25218	276	187	93287	110	110	77	2	3	138	1	60	0.000166240
SRR11032719.12788	22175	222	150	72574	95	95	53	1	2	120	1	60	0.000133600
SRR11032719.13089	27717	270	183	30264	72	72	41	1	0	0	0	-1	0.000142120
SRR11032719.13275	23174	249	169	7752	0	0	0	0	0	0	0	-1	0.000091280
SRR11032719.13491	26089	232	157	81184	77	77	39	1	2	117	1	60	0.000132840
SRR11032719.13686	23996	248	168	35565	5	5	10	0	0	0	0	-1	0.000094200
SRR11032719.13896	24266	239	162	43605	83	83	61	1	2	107	1	60	0.000134520
SRR11032719.14064	25035	231	156	35020	94	94	67	1	2	117	1	60	0.000132320
SRR11032719.14222	25942	230	156	2894	44	44	33	0	0	0	0	-1	0.000100560
SRR11032719.14387	27241	293	198	299	0	0	0	0	0	0	0	-1	0.000105561
SRR11032719.14573	27216	260	176	104152	53	53	31	0	0	0	0	-1	0.000114081
SRR11032719.14760	22659	235	159	200462	144	144	159	1	2	115	1	60	0.000148521
SRR11032719.14907	23636	251	170	139648	80	80	33	1	2	115	1	60	0.000130200
SRR11032719.15021	23205	241	163	129306	45	45	19	0	0	0	0	-1	0.000097520
SRR11032719.15156	21286	230	156	46546	25	25	25	0	0	0	0	-1	0.000100800
SRR11032719.15302	23761	255	173	108436	124	124	87	1	2	145	1	60	0.000143120
SRR11032719.15401	25857	271	183	74750	8	8	12	0	0	0	0	-1	0.000102121
SRR11032719.15556	21307	195	132	48519	33	33	15	0	0	0	0	-1	0.000084560
SRR11032719.15753	21903	193	131	81851	17	17	24	0	0	0	0	-1	0.000081080
SRR11032719.15932	24469	235	159	70644	18	18	21	0	0	0	0	-1	0.000120321
SRR11032719.16027	22492	189	128	86977	47	47	43	0	0	0	0	-1	0.000131840
SRR11032719.16164	26417	262	177	116792	89	89	27	1	2	134	1	60	0.000138480
SRR11032719.16264	27503	273	185	454	0	0	0	0	0	0	0	-1	0.000102240
SRR11032719.16353	22736	214	145	338	24	24	35	0	0	0	0	-1	0.000086680
SRR11032719.16578	27613	278	188	31273	71	71	29	1	2	122	1	60	0.000139881
SRR11032719.16707	26431	235	159	718	68	68	28	2	3	106	1	60	0.000132320
SRR11032719.16894	27919	283	192	139661	128	128	125	1	2	114	1	60	0.000157680
SRR11032719.17093	27574	280	190	18512	44	44	21	0	0	0	0	-1	0.000114400
SRR11032719.17374	22373	248	168	80548	37	37	23	0	0	0	0	-1	0.000097880
SRR11032719.17567	20845	211	143	70337	65	65	39	1	2	91	1	60	0.000118560
SRR11032719.17749	23868	258	175	153675	87	87	43	1	2	127	1	60	0.000136800
SRR11032719.17946	20305	236	160	7206	82	82	67	1	2	100	1	60	0.000125201
SRR11032719.18077	27658	276	187	1803	35	35	29	0	0	0	0	-1	0.000109520
SRR11032719.18247	27268	274	185	129510	106	106	105	0	0	0	0	-1	0.000134360
SRR11032719.18415	27060	256	173	9611	56	56	41	0	0	0	0	-1	0.000112681
SRR11032719.18564	25971	271	183	44766	78	78	81	0	0	0	0	-1	0.000118960
SRR11032719.18688	21011	216	146	43083	35	35	25	0	0	0	0	-1	0.000086960
SRR11032719.18851	27379	262	177	76501	90	90	103	0	0	0	0	-1	0.000124560
SRR11032719.19029	20121	205	139	135180	78	78	51	1	2	98	1	60	0.000118601
SRR11032719.19224	21750	214	145	228	0	0	0	0	0	0	0	-1	0.000081160
SRR11032719.19380	20317	207	140	14444	46	46	24	0	0	0	0	-1	0.000089961
SRR11032719.19470	25073	238	161	36867	0	0	0	0	0	0	0	-1	0.000101240
SRR11032719.19595	20069	189	128	37414	31	31	28	0	0	0	0	-1	0.000081400
SRR11032719.19775	21744	214	145	722	26	26	28	0	0	0	0	-1	0.000086720
SRR11032719.19926	27523	259	175	135318	106	106	97	1	0	0	0	-1	0.000144800
SRR11032719.20042	23035	216	146	13412	32	32	45	0	0	0	0	-1	0.000092800
SRR11032719.20172	26148	240	163	248	22	22	31	0	0	0	0	-1	0.000104760
SRR11032719.20339	24591	230	156	5561	47	47	55	0	0	0	0	-1	0.000099521
SRR11032719.20473	21001	181	123	17887	15	15	30	0	0	0	0	-1	0.000075240
SRR11032719.20594	27666	269	182	16730	68	68	51	0	0	0	0	-1	0.000121200
SRR11032719.20687	26445	276	187	69590	115	115	93	1	2	136	1	60	0.000148160
SRR11032719.20800	24258	216	146	111717	65	65	41	1	2	96	1	60	0.000127120
SRR11032719.21036	22070	244	165	162501	50	50	31	0	0	0	0	-1	0.000099920
SRR11032719.21222	24553	245	166	111558	92	92	45	1	2	126	1	60	0.000131080
SRR11032719.21320	21320	224	152	237420	50	50	54	0	0	0	0	-1	0.000093881
SRR11032719.21525	23087	226	153	71423	74	74	39	1	2	102	1	60	0.000118920
SRR11032719.21652	21530	211	143	19796	56	56	61	0	0	0	0	-1	0.000092720
SRR11032719.21756	20630	189	128	53565	30	30	27	0	0	0	0	-1	0.000080440
SRR11032719.21856	25611	248	168	145943	108	108	107	1	2	116	1	60	0.000145601
SRR11032719.22006	23863	242	164	134435	125	125	129	1	2	113	1	60	0.000142281
SRR11032719.22164	26049	250	169	110269	29	29	33	0	0	0	0	-1	0.000103840
SRR11032719.22306	21441	216	146	182532	249	249	284	1	2	96	1	60	0.000180600
SRR11032719.22405	26970	278	188	123812	53033	53033	1128	141	6	172	1	0	0.003362968
SRR11032719.22634	25858	257	174	152390	72	72	29	1	2	122	1	60	0.000134720
SRR11032719.22777	27106	276	187	64852	105	105	65	2	3	140	1	60	0.000191521
SRR11032719.22896	27674	281	190	71454	8	8	14	0	0	0	0	-1	0.000108480
SRR11032719.23056	26057	247	167	35782	2442	2442	610	4	4	107	1	0	0.000232361
SRR11032719.23204	24322	241	163	145793	60	60	63	0	0	0	0	-1	0.000115841
SRR11032719.23352	25752	299	202	40257	109	109	61	1	2	144	1	60	0.000155601
SRR11032719.23743	21615	208	141	99304	40	40	37	0	0	0	0	-1	0.000090521
SRR11032719.23938	26856	280	190	10557	86	86	41	1	2	131	1	60	0.000167401
SRR11032719.24136	23913	251	170	67470	74	74	32	2	3	114	1	60	0.000137921
SRR11032719.24387	25421	253	171	450	33	33	21	0	0	0	0	-1	0.000102200
SRR11032719.24534	24112	257	174	312659	68	68	67	0	0	0	0	-1	0.000110800
SRR11032719.24647	25159	273	185	58230	19	19	31	0	0	0	0	-1	0.000106800
SRR11032719.24769	26783	278	188	38475	41	41	46	0	0	0	0	-1	0.000115320
SRR11032719.24876	25764	263	178	80143	28	28	33	0	0	0	0	-1	0.000104200
SRR11032719.25046	25620	246	167	49660	75	75	67	0	0	0	0	-1	0.000123801
SRR11032719.25184	26699	282	191	5141	86	86	112	0	0	0	0	-1	0.000122841
SRR11032719.25335	24599	236	160	12826	74	74	35	1	2	104	1	60	0.000126960
SRR11032719.25441	21630	207	140	97029	19	19	23	0	0	0	0	-1	0.000081361
SRR11032719.25581	23613	242	164	582	0	0	0	0	0	0	0	-1	0.000089200
SRR11032719.25686	24485	218	148	19643	57	57	45	0	0	0	0	-1	0.000100200
SRR11032719.25805	23109	215	146	33555	113	113	87	1	2	125	1	60	0.000134320
SRR11032719.25969	27345	256	173	54520	6047	6047	1765	2	3	116	1	60	0.000549241
SRR11032719.26118	20384	170	115	86517	24860	24860	8414	3	4	98	1	0	0.001394603
SRR11032719.26282	23083	288	195	162304	86	86	49	1	2	134	1	60	0.000137280
SRR11032719.26436	22611	226	153	144286	84	84	56	0	0	0	0	-1	0.000112120
SRR11032719.26546	24974	224	152	18153	26	26	23	0	0	0	0	-1	0.000092840
SRR11032719.26639	25668	254	172	163716	37	37	42	0	0	0	0	-1	0.000102840
SRR11032719.26785	22107	239	162	153	0	0	0	0	0	0	0	-1	0.000089521
SRR11032719.26916	23208	213	144	204	14	14	28	0	0	0	0	-1	0.000089880
SRR11032719.27041	24742	260	176	5000	111	111	100	2	3	105	1	60	0.000156760
SRR11032719.27199	23777	236	160	8432	144	144	90	1	2	122	1	60	0.000155560
SRR11032719.27324	22454	208	141	771	94	94	67	0	0	0	0	-1	0.000111560
SRR11032719.27908	25773	247	167	871	4	4	8	0	0	0	0	-1	0.000097720
SRR11032719.28087	22935	249	169	7891	20	20	40	0	0	0	0	-1	0.000094960
SRR11032719.28768	24963	266	180	166	0	0	0	0	0	0	0	-1	0.000096840
SRR11032719.29473	20337	227	154	216	0	0	0	0	0	0	0	-1	0.000083040
SRR11032719.30866	21689	206	140	86	0	0	0	0	0	0	0	-1	0.000096800
SRR11032719.32064	22571	272	184	771	2	2	4	0	0	0	0	-1	0.000119120
SRR11032719.32828	25151	267	181	194	0	0	0	0	0	0	0	-1	0.000113041
SRR11032719.33134	22904	230	156	100	0	0	0	0	0	0	0	-1	0.000093720
SRR11032719.33409	21577	223	151	950	37	37	74	0	0	0	0	-1	0.000096561
SRR11032719.33907	22216	216	146	445	14	14	28	0	0	0	0	-1	0.000087000
SRR11032719.34181	27136	281	190	14392	106	106	212	0	0	0	0	-1	0.000151960
SRR11032719.34501	21728	194	131	781	66	66	132	0	0	0	0	-1	0.000105880
SRR11032719.34837	20230	202	137	104	0	0	0	0	0	0	0	-1	0.000080080
SRR11032719.35461	21655	198	134	336	0	0	0	0	0	0	0	-1	0.000076640
SRR11032719.35993	24460	261	177	1717	9	9	18	0	0	0	0	-1	0.000095920
SRR11032719.36817	24934	275	186	306	2	2	4	0	0	0	0	-1	0.000098120
SRR11032719.37752	26585	284	192	255	0	0	0	0	0	0	0	-1	0.000101241
SRR11032719.39163	27276	264	179	74	0	0	0	0	0	0	0	-1	0.000097640
SRR11032719.39779	23630	256	173	62	0	0	0	0	0	0	0	-1	0.000089600
SRR11032719.40367	20166	195	132	243	2	2	4	0	0	0	0	-1	0.000076081
SRR11032719.42747	27266	276	187	136	0	0	0	0	0	0	0	-1	0.000100000
SRR11032702.166	20493	219	148	115714	38	38	31	0	0	0	0	-1	0.000088120
SRR11032702.283	26296	264	179	100748	63	63	24	2	3	108	1	60	0.000152320
SRR11032702.395	21895	207	140	125140	27	27	27	0	0	0	0	-1	0.000085360
SRR11032702.478	23140	234	158	39521	62	62	55	0	0	0	0	-1	0.000104041
SRR11032702.687	26770	254	172	649	76	76	25	1	2	115	1	60	0.000149761
SRR11032702.854	21121	217	147	278	0	0	0	0	0	0	0	-1	0.000080440
SRR11032702.1000	27094	297	201	12345	53	53	19	0	0	0	0	-1	0.000118280
SRR11032702.1164	22013	195	132	89042	5696	5696	831	13	0	0	0	-1	0.000332920
SRR11032702.1259	24724	189	128	87343	673	673	544	0	0	0	0	-1	0.000141160
SRR11032702.1449	24172	241	163	117542	62	62	36	1	0	0	0	-1	0.000129920
SRR11032702.1529	23574	234	158	32383	87	87	65	1	2	101	1	60	0.000128160
SRR11032702.1694	26941	272	184	3562	22	22	29	0	0	0	0	-1	0.000105520
SRR11032702.1797	20512	215	146	64504	53	53	47	0	0	0	0	-1	0.000087080
SRR11032702.1986	26349	278	188	17844	109	109	27	1	2	158	1	60	0.000150400
SRR11032702.2076	20273	205	139	43699	67	67	39	1	2	101	1	60	0.000118960
SRR11032702.2211	21935	239	162	69165	65	65	37	0	0	0	0	-1	0.000103680
SRR11032702.2382	26892	251	170	28381	38	38	22	0	0	0	0	-1	0.000104401
SRR11032702.2496	22079	213	144	41584	52	52	43	0	0	0	0	-1	0.000095760
SRR11032702.2727	20972	206	140	95245	65	65	49	0	0	0	0	-1	0.000098681
SRR11032702.2821	27853	252	171	696	83	83	55	1	2	105	1	60	0.000138481
SRR11032702.2968	24396	264	179	49252	112	112	53	1	2	144	1	60	0.000140961
SRR11032702.3095	26002	266	180	73173	105	105	57	1	2	130	1	60	0.000142440
SRR11032702.3267	26344	247	167	186953	101	101	63	1	2	126	1	60	0.000144520
SRR11032702.3413	22128	198	134	15593	78	78	57	1	2	99	1	60	0.000117040
SRR11032702.3542	27739	279	189	254637	117	117	111	1	2	130	1	60	0.000167720
SRR11032702.3687	26884	294	199	41496	65	65	39	0	0	0	0	-1	0.000122880
SRR11032702.3908	22934	243	165	2476	60	60	57	0	0	0	0	-1	0.000125800
SRR11032702.3977	23071	218	148	123819	81	81	53	1	2	103	1	60	0.000130800
SRR11032702.4073	23905	209	142	3413	99	99	71	2	3	112	1	60	0.000145440
SRR11032702.4209	20390	221	150	30532	4	4	8	0	0	0	0	-1	0.000089840
SRR11032702.4352	23992	245	166	102164	55	55	61	0	0	0	0	-1	0.000102601
SRR11032702.4570	25350	272	184	54821	50	50	29	0	0	0	0	-1	0.000120441
SRR11032702.4723	25999	238	161	97710	36	36	31	0	0	0	0	-1	0.000100800
SRR11032702.4890	20458	195	132	23722	42	42	46	0	0	0	0	-1	0.000082680
SRR11032702.5051	24087	264	179	41370	67	67	31	1	2	116	1	60	0.000133720
SRR11032702.5244	24657	256	173	68154	78	78	47	1	2	107	1	60	0.000127000
SRR11032702.5353	23521	216	146	114245	95	95	109	1	2	92	1	60	0.000160240
SRR11032702.5522	25629	260	176	82306	65	65	53	0	0	0	0	-1	0.000114841
SRR11032702.5585	21192	246	167	9358	56	56	53	0	0	0	0	-1	0.000100640
SRR11032702.5663	22770	219	148	29138	91	91	39	1	2	129	1	60	0.000132720
SRR11032702.5947	23127	235	159	125354	104	104	65	1	2	127	1	60	0.000130600
SRR11032702.6077	21377	202	137	87968	82	82	64	2	3	91	1	60	0.000136521
SRR11032702.6245	27921	298	202	223277	124	124	101	1	2	133	1	60	0.000167441
SRR11032702.6460	25341	248	168	57920	79	79	91	0	0	0	0	-1	0.000111401
SRR11032702.6589	20334	225	152	10475	67	67	45	0	0	0	0	-1	0.000106200
SRR11032702.6722	20760	252	171	1258	90	90	41	1	2	124	1	60	0.000126480
SRR11032702.6875	20361	222	150	137876	104	104	95	1	2	107	1	60	0.000135720
SRR11032702.7078	25148	250	169	99734	109	109	107	1	2	115	1	60	0.000154720
SRR11032702.7220	22341	228	154	85751	92	92	77	2	3	104	1	60	0.000133400
SRR11032702.7381	24835	227	154	30880	79	79	33	1	2	115	1	60	0.000123440
SRR11032702.7505	22966	262	177	3187	33	33	43	0	0	0	0	-1	0.000100720
SRR11032702.7644	20319	212	144	24483	28	28	33	0	0	0	0	-1	0.000084840
SRR11032702.7832	20239	205	139	125824	75	75	68	0	0	0	0	-1	0.000104120
SRR11032702.7955	27411	281	190	83215	95	95	78	0	0	0	0	-1	0.000151200
SRR11032702.8091	27272	282	191	144609	147	147	113	1	2	152	1	60	0.000163080
SRR11032702.8196	20189	211	143	22245	80	80	51	1	2	105	1	60	0.000122400
SRR11032702.8368	25719	284	192	231768	141	141	163	1	2	114	1	60	0.000175520
SRR11032702.8561	21757	219	148	6322	62	62	37	0	0	0	0	-1	0.000098040
SRR11032702.8632	27087	257	174	92578	113	113	61	1	2	140	1	60	0.000140200
SRR11032702.8795	27580	284	192	81200	102	102	93	1	2	129	1	60	0.000156880
SRR11032702.8943	23771	239	162	185675	142	142	159	1	2	120	1	60	0.000142240
SRR11032702.9107	20892	224	152	534	4	4	8	0	0	0	0	-1	0.000080960
SRR11032702.9214	24440	238	161	165703	67	67	53	0	0	0	0	-1	0.000112040
SRR11032702.9302	24628	232	157	53046	63	63	47	0	0	0	0	-1	0.000104120
SRR11032702.9402	21980	230	156	283131	129	129	141	1	2	114	1	60	0.000140960
SRR11032702.9564	23959	256	173	75222	103	103	37	1	2	153	1	60	0.000129200
SRR11032702.9695	23816	219	148	125847	76	76	37	1	2	94	1	60	0.000132600
SRR11032702.9989	26855	244	165	56216	103	103	55	2	3	128	1	60	0.000153000
SRR11032702.10085	27138	256	173	167916	72	72	43	1	2	106	1	60	0.000135560
SRR11032702.10190	20655	212	144	90794	62	62	25	1	2	98	1	60	0.000117760
SRR11032702.10300	22717	240	163	1117	32	32	41	0	0	0	0	-1	0.000095640
SRR11032702.10424	22324	214	145	110883	55	55	29	1	2	95	1	60	0.000118560
SRR11032702.10536	21766	220	149	151703	90	90	37	1	2	127	1	60	0.000131120
SRR11032702.10742	22165	208	141	72793	77	77	97	0	0	0	0	-1	0.000103800
SRR11032702.10930	23256	236	160	175442	117	117	71	1	2	132	1	60	0.000134521
SRR11032702.11033	21878	216	146	3908	83	83	69	1	2	103	1	60	0.000128361
SRR11032702.11152	22933	230	156	161779	88	88	33	2	3	127	1	60	0.000145281
SRR11032702.11260	21841	232	157	23531	77	77	61	1	2	102	1	60	0.000125600
SRR11032702.11380	24088	217	147	17979	105	105	101	2	3	93	1	60	0.000155160
SRR11032702.11584	24683	247	167	935	37	37	55	0	0	0	0	-1	0.000100280
SRR11032702.11671	25906	228	154	7474	23	23	17	0	0	0	0	-1	0.000097120
SRR11032702.11818	22367	239	162	27048	12	12	24	0	0	0	0	-1	0.000090680
SRR11032702.11986	20171	193	131	56575	78	78	35	2	3	100	1	60	0.000123720
SRR11032702.12138	23647	249	169	85518	46	46	45	0	0	0	0	-1	0.000101080
SRR11032702.12306	25354	385	260	86152	27344	27344	737	5	3	251	1	0	0.000412161
SRR11032702.12440	27796	273	185	123793	47	47	49	0	0	0	0	-1	0.000110561
SRR11032702.12603	25801	267	181	179371	101	101	81	1	2	120	1	60	0.000168520
SRR11032702.12737	25412	254	172	127181	127	127	96	2	3	141	1	60	0.000166280
SRR11032702.12877	24119	228	154	46346	56	56	45	0	0	0	0	-1	0.000103400
SRR11032702.13038	25802	248	168	34191	78	78	69	0	0	0	0	-1	0.000125561
SRR11032702.13205	27625	293	198	129666	43	43	25	0	0	0	0	-1	0.000116041
SRR11032702.13306	25343	251	170	76181	48	48	64	0	0	0	0	-1	0.000106760
SRR11032702.13441	24409	242	164	88013	55	55	43	0	0	0	0	-1	0.000124480
SRR11032702.13573	24688	260	176	17507	2198	2198	779	3	3	131	1	0	0.000239320
SRR11032702.13744	23793	239	162	112049	102	102	45	1	2	134	1	60	0.000128720
SRR11032702.13868	25664	252	171	4432	103	103	33	1	2	152	1	60	0.000135320
SRR11032702.14020	20236	235	159	258	6	6	12	0	0	0	0	-1	0.000085560
SRR11032702.14250	25388	241	163	77360	98	98	39	1	2	134	1	60	0.000131000
SRR11032702.14438	24370	261	177	9692	96	96	47	1	2	135	1	60	0.000136120
SRR11032702.14550	27135	261	177	128002	134	134	107	2	3	140	1	60	0.000171000
SRR11032702.14759	26688	269	182	223913	107	107	81	1	2	112	1	60	0.000156600
SRR11032702.14897	21081	276	187	75619	18408	18408	1096	4	5	175	1	0	0.000352081
SRR11032702.15137	27433	305	206	47531	77	77	39	1	2	124	1	60	0.000160640
SRR11032702.15255	25608	252	171	119101	89	89	53	1	2	106	1	60	0.000140041
SRR11032702.15387	21974	210	142	111168	44	44	19	0	0	0	0	-1	0.000095880
SRR11032702.15465	25062	248	168	216972	68	68	41	1	2	112	1	60	0.000150760
SRR11032702.15599	21546	211	143	147484	93	93	77	1	2	102	1	60	0.000136640
SRR11032702.15757	26608	271	183	149798	97	97	81	0	0	0	0	-1	0.000131040
SRR11032702.15898	22071	247	167	88340	5108	5108	617	8	4	102	1	0	0.000331080
SRR11032702.16026	20982	212	144	137815	101	101	113	1	2	91	1	60	0.000135720
SRR11032702.16103	25872	276	187	1018	29	29	39	0	0	0	0	-1	0.000127280
SRR11032702.16279	26350	265	179	247183	124	124	97	1	2	136	1	60	0.000152720
SRR11032702.16438	27888	285	193	80885	67	67	61	0	0	0	0	-1	0.000121600
SRR11032702.16555	23328	226	153	50971	13	13	20	0	0	0	0	-1	0.000090961
SRR11032702.16698	20089	204	138	42341	24	24	23	0	0	0	0	-1	0.000084160
SRR11032702.16781	25440	265	179	11160	53	53	29	1	0	0	0	-1	0.000127280
SRR11032702.16886	23451	237	160	11883	54	54	21	2	3	111	1	60	0.000126720
SRR11032702.17037	21384	211	143	29808	42	42	31	0	0	0	0	-1	0.000087600
SRR11032702.17151	20085	198	134	117960	74	74	37	1	2	100	1	60	0.000119801
SRR11032702.17262	26918	279	189	283064	91	91	95	0	0	0	0	-1	0.000124160
SRR11032702.17387	23267	237	160	91273	116	116	91	2	3	118	1	60	0.000158720
SRR11032702.17585	21524	210	142	160236	65	65	72	0	0	0	0	-1	0.000097760
SRR11032702.17778	23396	237	160	41455	88	88	39	2	3	129	1	60	0.000137680
SRR11032702.17956	21976	217	147	79312	42	42	25	0	0	0	0	-1	0.000134480
SRR11032702.18088	26309	274	185	170891	77	77	43	2	3	122	1	60	0.000154360
SRR11032702.18323	27522	285	193	85448	97	97	58	2	3	119	1	60	0.000161760
SRR11032702.18521	23102	227	154	57590	72	72	49	2	3	93	1	60	0.000133240
SRR11032702.18651	20093	172	117	21872	65	65	49	1	2	73	1	60	0.000101560
SRR11032702.18868	26870	284	192	19128	132	132	115	1	2	120	1	60	0.000161600
SRR11032702.18958	23447	232	157	8675	32	32	47	0	0	0	0	-1	0.000096240
SRR11032702.19090	22052	220	149	103368	31	31	32	0	0	0	0	-1	0.000088800
SRR11032702.19273	21671	228	154	64351	76	76	37	2	3	107	1	60	0.000130120
SRR11032702.19429	26169	269	182	71571	45	45	27	0	0	0	0	-1	0.000107920
SRR11032702.19536	27410	279	189	32486	55	55	51	0	0	0	0	-1	0.000116080
SRR11032702.19668	23974	246	167	25744	111	111	53	1	2	138	1	60	0.000131800
SRR11032702.19758	20604	213	144	37252	45	45	45	0	0	0	0	-1	0.000089040
SRR11032702.19980	23438	196	133	34082	67	67	57	0	0	0	0	-1	0.000098880
SRR11032702.20172	24129	251	170	29589	77	77	29	1	2	123	1	60	0.000122121
SRR11032702.20363	22764	202	137	17165	86	86	59	1	2	103	1	60	0.000190561
SRR11032702.20453	23130	218	148	88852	69	69	41	1	2	101	1	60	0.000125320
SRR11032702.20606	20960	203	138	116336	97	97	75	1	2	98	1	60	0.000140480
SRR11032702.20782	26911	270	183	28909	81	81	23	2	3	143	1	60	0.000153961
SRR11032702.20852	23600	242	164	16015	53	53	61	0	0	0	0	-1	0.000104040
SRR11032702.20991	24372	262	177	34000	21	21	15	0	0	0	0	-1	0.000099280
SRR11032702.21157	26736	242	164	50484	55	55	40	0	0	0	0	-1	0.000128081
SRR11032702.21379	25621	249	169	113603	56	56	71	0	0	0	0	-1	0.000106961
SRR11032702.21536	22557	199	135	248234	64	64	69	0	0	0	0	-1	0.000095201
SRR11032702.21648	20937	202	137	178967	59	59	11	1	2	101	1	60	0.000113361
SRR11032702.21746	26732	282	191	30722	60	60	33	0	0	0	0	-1	0.000118200
SRR11032702.21819	27394	288	195	271256	112	112	65	1	2	146	1	60	0.000161840
SRR11032702.21928	26792	233	158	178696	65	65	43	0	0	0	0	-1	0.000115360
SRR11032702.22072	21097	193	131	7006	142	142	132	3	4	85	1	60	0.000160360
SRR11032702.22248	22934	235	159	46784	68	68	35	1	2	113	1	60	0.000120400
SRR11032702.22391	25037	270	183	143023	169	169	119	2	3	117	1	60	0.000170480
SRR11032702.22535	20278	193	131	89658	51	51	39	1	0	0	0	-1	0.000107400
SRR11032702.22734	20082	195	132	113811	13	13	26	0	0	0	0	-1	0.000078160
SRR11032702.22874	24798	220	149	88844	86	86	49	1	2	99	1	60	0.000131921
SRR11032702.22988	20879	220	149	110407	58	58	20	0	0	0	0	-1	0.000101761
SRR11032702.23142	22163	208	141	72398	98	98	49	2	3	100	1	60	0.000164000
SRR11032702.23313	21243	220	149	108852	93	93	77	1	2	111	1	60	0.000128160
SRR11032702.23461	22636	214	145	34956	74	74	115	0	0	0	0	-1	0.000104920
SRR11032702.23554	20420	197	133	49649	54	54	37	0	0	0	0	-1	0.000089960
SRR11032702.23730	27635	284	192	128780	122	122	103	1	2	137	1	60	0.000159480
SRR11032702.23872	23735	258	175	96857	121	121	77	1	2	140	1	60	0.000151040
SRR11032702.23950	23773	246	167	771	37	37	23	0	0	0	0	-1	0.000104600
SRR11032702.24097	24481	269	182	281134	53	53	61	0	0	0	0	-1	0.000107680
SRR11032702.24325	25888	252	171	170283	154	154	109	1	2	160	1	60	0.000152720
SRR11032702.24483	22656	231	156	112913	86	86	59	1	2	108	1	60	0.000126681
SRR11032702.24623	21658	220	149	23351	78	78	35	1	2	113	1	60	0.000124720
SRR11032702.24724	20482	196	133	23537	59	59	45	1	2	80	1	60	0.000111880
SRR11032702.24842	27821	253	171	180470	55	55	19	2	3	104	1	60	0.000146481
SRR11032702.24994	23402	231	156	107628	66	66	41	1	2	105	1	60	0.000148480
SRR11032702.25109	21439	224	152	42812	31	31	12	0	0	0	0	-1	0.000092720
SRR11032702.25264	22364	242	164	61872	84	84	51	1	2	111	1	60	0.000150801
SRR11032702.25389	24065	240	163	8168	52	52	37	0	0	0	0	-1	0.000103080
SRR11032702.25540	27398	264	179	44262	31	31	43	0	0	0	0	-1	0.000112360
SRR11032702.25666	27693	283	192	116510	69	69	55	0	0	0	0	-1	0.000125640
SRR11032702.25824	22981	264	179	105454	86	86	37	2	3	134	1	60	0.000151640
SRR11032702.25960	20214	177	120	430	26	26	21	0	0	0	0	-1	0.000077641
SRR11032702.26159	22105	218	148	18030	30	30	60	0	0	0	0	-1	0.000086720
SRR11032702.26263	23404	239	162	4350	39	39	33	0	0	0	0	-1	0.000098561
SRR11032702.26435	25531	282	191	874	61	61	32	2	3	115	1	60	0.000147881
SRR11032702.26519	20476	240	163	34112	76	76	45	1	2	102	1	60	0.000119481
SRR11032702.26609	24508	236	160	207999	70	70	41	1	2	100	1	60	0.000134241
SRR11032702.26769	23183	246	167	186777	32783	32783	1419	6	4	127	1	0	0.000668041
SRR11032702.27097	24194	224	152	6791	113	113	151	0	0	0	0	-1	0.000108280
SRR11032702.27213	27263	310	210	115572	2381	2381	614	4	3	147	1	0	0.000321161
SRR11032702.27328	25686	251	170	160309	355	355	275	1	2	115	1	60	0.000188480
SRR11032702.29375	22469	242	164	204	0	0	0	0	0	0	0	-1	0.000089760
SRR11032702.30855	23030	222	150	197	6	6	12	0	0	0	0	-1	0.000087600
SRR11032702.33092	24856	251	170	245	0	0	0	0	0	0	0	-1	0.000094640
SRR11032702.34991	25028	237	160	149	0	0	0	0	0	0	0	-1	0.000090081
SRR11032702.36288	24420	256	173	250	0	0	0	0	0	0	0	-1	0.000094240
SRR11032702.37950	26665	266	180	105	0	0	0	0	0	0	0	-1	0.000096920
SRR11032658.87	26804	247	167	272619	57	57	25	1	2	108	1	60	0.000127401
SRR11032658.295	26812	281	190	213781	101	101	95	0	0	0	0	-1	0.000132681
SRR11032658.520	22880	227	154	294197	144	144	171	1	2	108	1	60	0.000167481
SRR11032658.681	21495	183	124	15910	55	55	53	0	0	0	0	-1	0.000091440
SRR11032658.778	20922	207	140	291	16	16	19	0	0	0	0	-1	0.000084000
SRR11032658.881	26842	271	183	118954	100	100	43	1	2	134	1	60	0.000139080
SRR11032658.993	22710	255	173	129153	44	44	33	0	0	0	0	-1	0.000102480
SRR11032658.1100	26334	280	190	61603	78	78	151	0	0	0	0	-1	0.000114560
SRR11032658.1184	25200	269	182	102276	5556	5556	733	0	0	0	0	-1	0.000187361
SRR11032658.1451	20796	223	151	130415	55	55	51	0	0	0	0	-1	0.000093520
SRR11032658.1575	25123	248	168	79624	119	119	83	1	2	132	1	60	0.000144240
SRR11032658.1813	27546	288	195	126038	55	55	19	1	2	119	1	60	0.000137680
SRR11032658.1983	26267	252	171	28005	98	98	23	1	2	157	1	60	0.000134000
SRR11032658.2100	25971	256	173	364154	271	271	388	1	2	147	1	60	0.000214801
SRR11032658.2317	20262	202	137	59298	50	50	9	2	3	93	1	60	0.000130161
SRR11032658.2409	26563	237	160	68581	74	74	31	1	2	102	1	60	0.000126521
SRR11032658.2554	21296	213	144	71418	69	69	69	0	0	0	0	-1	0.000099560
SRR11032658.2727	23708	221	150	108905	93	93	45	1	2	118	1	60	0.000129440
SRR11032658.2862	21436	237	160	29379	80	80	37	1	2	119	1	60	0.000124720
SRR11032658.3020	22027	154	104	14562	1363	1363	883	0	0	0	0	-1	0.000187200
SRR11032658.3133	26754	246	167	12523	77	77	33	1	2	118	1	60	0.000150960
SRR11032658.3252	25906	245	166	31605	88	88	31	2	3	131	1	60	0.000146801
SRR11032658.3443	20291	214	145	62287	109	109	57	1	2	128	1	60	0.000122681
SRR11032658.3585	21693	209	142	16631	95	95	53	1	2	113	1	60	0.000122801
SRR11032658.3777	25173	268	181	74880	104	104	47	1	2	139	1	60	0.000145241
SRR11032658.3914	20202	216	146	384	44	44	39	0	0	0	0	-1	0.000086801
SRR11032658.4071	26654	246	167	59046	106	106	63	2	3	127	1	60	0.000155801
SRR11032658.4166	23474	233	158	106739	85	85	25	1	2	132	1	60	0.000123880
SRR11032658.4416	24044	225	152	51761	52	52	33	0	0	0	0	-1	0.000100840
SRR11032658.4553	24081	233	158	165042	80	80	84	0	0	0	0	-1	0.000163760
SRR11032658.4722	22187	226	153	277	20	20	11	0	0	0	0	-1	0.000092200
SRR11032658.4853	23465	228	154	68890	73	73	51	2	3	94	1	60	0.000130760
SRR11032658.4938	22323	216	146	88083	89	89	37	2	3	113	1	60	0.000142400
SRR11032658.5068	22181	223	151	25118	48	48	41	0	0	0	0	-1	0.000095640
SRR11032658.5190	25518	235	159	154467	68	68	87	0	0	0	0	-1	0.000111041
SRR11032658.5328	27156	250	169	31461	78	78	77	0	0	0	0	-1	0.000117601
SRR11032658.5417	21706	215	146	23416	71	71	42	1	2	96	1	60	0.000123921
SRR11032658.5627	22272	213	144	14348	12	12	17	0	0	0	0	-1	0.000082800
SRR11032658.5751	20352	209	142	110838	93	93	111	1	2	90	1	60	0.000148960
SRR11032658.5883	27029	291	197	74883	48	48	45	0	0	0	0	-1	0.000114800
SRR11032658.6015	21832	230	156	224208	119	119	105	2	3	125	1	60	0.000156920
SRR11032658.6114	22014	219	148	226556	81	81	65	1	2	100	1	60	0.000133320
SRR11032658.6338	20272	203	138	124281	63	63	49	1	2	86	1	60	0.000118480
SRR11032658.6413	20441	205	139	4636	96	96	69	1	2	110	1	60	0.000116881
SRR11032658.6582	24522	249	169	109476	56	56	35	0	0	0	0	-1	0.000110641
SRR11032658.6756	24622	241	163	6946	97	97	77	1	2	109	1	60	0.000133960
SRR11032658.6958	23496	249	169	41905	144	144	101	2	3	157	1	60	0.000160760
SRR11032658.7070	21285	214	145	9148	1	1	2	0	0	0	0	-1	0.000079840
SRR11032658.7161	23346	205	139	55710	68	68	57	1	2	85	1	60	0.000121760
SRR11032658.7346	24055	256	173	11218	48	48	36	0	0	0	0	-1	0.000105040
SRR11032658.7467	23278	228	154	25849	96	96	57	1	2	113	1	60	0.000129440
SRR11032658.7682	22076	216	146	6748	75	75	25	1	2	115	1	60	0.000119601
SRR11032658.7804	23898	219	148	71796	113	113	67	1	2	127	1	60	0.000135841
SRR11032658.7877	21518	221	150	6814	68	68	31	1	2	92	1	60	0.000117441
SRR11032658.8074	22300	234	158	9791	0	0	0	0	0	0	0	-1	0.000085441
SRR11032658.8207	23499	233	158	223848	99	99	85	1	2	103	1	60	0.000135320
SRR11032658.8348	25090	248	168	239484	167	167	175	1	2	143	1	60	0.000167361
SRR11032658.8439	22812	215	146	62306	76	76	25	1	2	118	1	60	0.000129440
SRR11032658.8580	22912	233	158	107979	75	75	37	2	3	99	1	60	0.000134880
SRR11032658.8710	24104	226	153	7999	89	89	53	1	2	120	1	60	0.000122200
SRR11032658.8859	20530	219	148	136516	79	79	57	1	2	96	1	60	0.000127001
SRR11032658.9015	23724	265	179	167938	127	127	87	1	2	159	1	60	0.000148321
SRR11032658.9183	26635	272	184	106213	29	29	25	0	0	0	0	-1	0.000105201
SRR11032658.9312	21442	215	146	181819	116	116	110	1	2	108	1	60	0.000137440
SRR11032658.9467	20146	193	131	100845	73	73	27	1	2	110	1	60	0.000104201
SRR11032658.9649	26656	254	172	46191	94	94	45	1	2	132	1	60	0.000137800
SRR11032658.9822	26518	259	175	261478	100	100	63	1	2	132	1	60	0.000144120
SRR11032658.9941	20547	218	148	875	80	80	35	2	3	112	1	60	0.000138360
SRR11032658.10053	24166	231	156	75850	78	78	39	1	2	103	1	60	0.000126560
SRR11032658.10164	23490	224	152	186574	78	78	43	1	2	101	1	60	0.000135241
SRR11032658.10299	23635	236	160	3373	78	78	53	2	3	103	1	60	0.000159841
SRR11032658.10453	20431	184	125	10665	64	64	65	0	0	0	0	-1	0.000095641
SRR11032658.10574	23168	226	153	274307	92	92	71	1	2	109	1	60	0.000137961
SRR11032658.10768	26215	272	184	56901	61	61	69	0	0	0	0	-1	0.000113761
SRR11032658.10867	24733	240	163	24923	117	117	107	1	2	120	1	60	0.000142841
SRR11032658.10959	27787	269	182	191811	101	101	33	2	3	154	1	60	0.000166641
SRR11032658.11036	26993	274	185	192695	91	91	77	1	2	118	1	60	0.000152600
SRR11032658.11114	25069	261	177	78481	55	55	29	0	0	0	0	-1	0.000107481
SRR11032658.11240	24320	226	153	215364	94	94	97	0	0	0	0	-1	0.000112601
SRR11032658.11430	23232	235	159	32513	46	46	52	0	0	0	0	-1	0.000100440
SRR11032658.11548	22008	208	141	18706	38	38	41	0	0	0	0	-1	0.000087320
SRR11032658.11652	21517	211	143	100274	58	58	49	0	0	0	0	-1	0.000094160
SRR11032658.11839	20362	196	133	66940	100	100	107	1	2	87	1	60	0.000126120
SRR11032658.11957	22354	200	136	105516	40	40	39	0	0	0	0	-1	0.000089680
SRR11032658.12063	22561	209	142	4759	102	102	51	1	2	121	1	60	0.000123920
SRR11032658.12181	20608	205	139	121015	75	75	30	2	3	109	1	60	0.000133280
SRR11032658.12438	27125	259	175	216176	74	74	37	1	2	105	1	60	0.000142760
SRR11032658.12617	22328	220	149	51510	70	70	51	1	2	93	1	60	0.000124761
SRR11032658.12716	25684	250	169	96861	55	55	47	0	0	0	0	-1	0.000108441
SRR11032658.12880	24314	257	174	105691	93	93	69	1	2	119	1	60	0.000140480
SRR11032658.12970	24369	211	143	18440	82	82	35	1	2	110	1	60	0.000134560
SRR11032658.13181	20473	202	137	32897	32	32	41	0	0	0	0	-1	0.000083600
SRR11032658.13351	24283	266	180	127266	63	63	41	0	0	0	0	-1	0.000113800
SRR11032658.13460	22583	227	154	91722	100	100	89	1	2	105	1	60	0.000141160
SRR11032658.13540	23694	245	166	94847	52	52	43	0	0	0	0	-1	0.000105280
SRR11032658.13702	26627	273	185	71601	126	126	49	1	2	179	1	60	0.000143840
SRR11032658.13807	21683	229	155	75413	181	181	177	2	3	161	1	60	0.000160241
SRR11032658.13972	22172	199	135	18085	47	47	15	1	2	85	1	60	0.000109841
SRR11032658.14104	20276	222	150	136491	111	111	57	1	2	141	1	60	0.000128080
SRR11032658.14316	26756	262	177	70585	68	68	31	1	2	105	1	60	0.000145921
SRR11032658.14401	24919	238	161	91735	56	56	59	0	0	0	0	-1	0.000106041
SRR11032658.14545	21391	217	147	65427	34	34	21	0	0	0	0	-1	0.000088241
SRR11032658.14657	23404	238	161	77854	83	83	35	1	2	123	1	60	0.000124680
SRR11032658.14765	25500	253	171	25437	17	17	25	0	0	0	0	-1	0.000099120
SRR11032658.14918	25783	239	162	39788	89	89	71	1	2	105	1	60	0.000135080
SRR11032658.15040	21346	174	118	96804	196	196	311	0	0	0	0	-1	0.000103280
SRR11032658.15163	23809	236	160	77421	102	102	31	2	3	148	1	60	0.000162200
SRR11032658.15294	21383	215	146	93642	82	82	51	1	2	109	1	60	0.000130920
SRR11032658.15387	23970	218	148	234155	111	111	99	1	2	112	1	60	0.000150801
SRR11032658.15568	22634	216	146	43229	78	78	49	1	2	110	1	60	0.000126480
SRR11032658.15732	23537	259	175	104784	67	67	49	0	0	0	0	-1	0.000112001
SRR11032658.15956	26507	303	205	31433	21	21	20	0	0	0	0	-1	0.000123921
SRR11032658.16066	21150	230	156	112137	120	120	81	1	2	133	1	60	0.000128761
SRR11032658.16224	23416	220	149	6300	0	0	0	0	0	0	0	-1	0.000082840
SRR11032658.16375	25304	281	190	243148	92	92	37	1	2	143	1	60	0.000145640
SRR11032658.16429	22277	175	119	79	0	0	0	0	0	0	0	-1	0.000074560
SRR11032658.16550	21559	182	123	133925	46	46	25	0	0	0	0	-1	0.000091040
SRR11032658.16733	22577	239	162	134199	64	64	37	1	2	106	1	60	0.000124681
SRR11032658.16865	20553	203	138	183487	64	64	55	2	3	88	1	60	0.000128201
SRR11032658.17015	21595	217	147	129073	130	130	136	0	0	0	0	-1	0.000123081
SRR11032658.17183	26417	255	173	107541	84	84	61	1	2	112	1	60	0.000138560
SRR11032658.17280	25844	330	223	72012	18572	18572	670	8	7	171	1	0	0.000453281
SRR11032658.17502	25226	230	156	71891	121	121	94	1	2	119	1	60	0.000137440
SRR11032658.17640	25737	293	198	89852	98	98	43	1	2	143	1	60	0.000153280
SRR11032658.17781	24782	263	178	765	84	84	61	1	2	111	1	60	0.000136241
SRR11032658.17925	21976	205	139	140	0	0	0	0	0	0	0	-1	0.000081680
SRR11032658.18064	23160	251	170	32945	71	71	35	1	2	115	1	60	0.000126920
SRR11032658.18198	26648	272	184	39126	17	17	12	0	0	0	0	-1	0.000102600
SRR11032658.18341	21915	214	145	1118	45	45	23	0	0	0	0	-1	0.000090001
SRR11032658.18535	22181	215	146	121821	96	96	73	1	2	110	1	60	0.000133801
SRR11032658.18636	27428	293	198	13568	125	125	79	1	2	153	1	60	0.000154241
SRR11032658.18790	23031	254	172	171793	133	133	77	1	2	157	1	60	0.000135360
SRR11032658.18980	22093	218	148	14222	77	77	55	1	2	90	1	60	0.000125000
SRR11032658.19120	25840	255	173	27667	20	20	37	0	0	0	0	-1	0.000101841
SRR11032658.19272	25064	261	177	3308	54	54	47	0	0	0	0	-1	0.000106760
SRR11032658.19381	25978	265	179	41353	70	70	41	0	0	0	0	-1	0.000118160
SRR11032658.19505	24279	268	181	19924	121	121	29	1	2	168	1	60	0.000132800
SRR11032658.19771	23221	229	155	84974	40	40	51	0	0	0	0	-1	0.000096720
SRR11032658.19878	23374	226	153	102605	55	55	53	0	0	0	0	-1	0.000099120
SRR11032658.20024	27059	271	183	188824	109	109	74	0	0	0	0	-1	0.000133560
SRR11032658.20144	21811	246	167	4208	5	5	10	0	0	0	0	-1	0.000087921
SRR11032658.20343	22790	239	162	8716	60	60	29	1	2	98	1	60	0.000121321
SRR11032658.20455	22439	230	156	29104	65	65	15	1	2	106	1	60	0.000121920
SRR11032658.20589	27422	274	185	103076	36	36	17	0	0	0	0	-1	0.000109160
SRR11032658.20714	22116	214	145	140225	82	82	35	1	2	113	1	60	0.000134800
SRR11032658.20927	25567	288	195	209164	41	41	45	0	0	0	0	-1	0.000108520
SRR11032658.21029	27151	283	192	131373	45702	45702	1087	152	5	153	1	0	0.004329210
SRR11032658.21103	22931	229	155	33684	30	30	47	0	0	0	0	-1	0.000096160
SRR11032658.21240	22601	236	160	2933	6	6	11	0	0	0	0	-1	0.000092560
SRR11032658.21408	26866	283	192	119297	81	81	25	1	2	144	1	60	0.000148080
SRR11032658.21507	20387	183	124	75945	49	49	31	1	0	0	0	-1	0.000101480
SRR11032658.21675	22555	212	144	59139	56	56	17	1	2	99	1	60	0.000113400
SRR11032658.21842	20591	204	138	155777	66	66	25	1	2	108	1	60	0.000112000
SRR11032658.21958	26964	288	195	23554	10	10	19	0	0	0	0	-1	0.000109561
SRR11032658.22084	25081	259	175	32983	46	46	43	0	0	0	0	-1	0.000108000
SRR11032658.22189	26532	333	225	100255	30211	30211	873	12	3	208	1	0	0.000552481
SRR11032658.22289	25086	270	183	160448	112	112	111	1	2	109	1	60	0.000154120
SRR11032658.22456	24137	250	169	126446	49	49	36	0	0	0	0	-1	0.000103561
SRR11032658.22626	25616	251	170	122396	126	126	89	1	2	143	1	60	0.000152801
SRR11032658.22765	21584	221	150	256196	118	118	172	0	0	0	0	-1	0.000117881
SRR11032658.22877	22878	239	162	34684	65	65	109	0	0	0	0	-1	0.000105801
SRR11032658.22962	24934	220	149	108340	51	51	45	0	0	0	0	-1	0.000098400
SRR11032658.23056	23903	241	163	41207	104	104	55	1	2	137	1	60	0.000135200
SRR11032658.23189	24283	246	167	139145	47	47	37	0	0	0	0	-1	0.000101720
SRR11032658.23243	24633	271	183	82174	60	60	49	0	0	0	0	-1	0.000112081
SRR11032658.23402	23474	218	148	28696	2	2	4	0	0	0	0	-1	0.000085360
SRR11032658.23576	27723	259	175	178821	62	62	31	1	2	106	1	60	0.000134440
SRR11032658.23807	23401	241	163	59524	57	57	110	0	0	0	0	-1	0.000103240
SRR11032658.23969	21281	229	155	55224	87	87	71	1	2	94	1	60	0.000119361
SRR11032658.24175	25927	223	151	68184	357	357	366	0	0	0	0	-1	0.000176521
SRR11032658.24278	22849	172	117	87609	5571	5571	2734	3	4	95	1	0	0.000716162
SRR11032658.24337	21406	189	128	74397	820	820	1555	0	0	0	0	-1	0.000378921
SRR11032658.24437	23069	217	147	164993	73	73	63	0	0	0	0	-1	0.000105000
SRR11032658.24512	23522	262	177	163690	73	73	45	0	0	0	0	-1	0.000118400
SRR11032658.24604	21434	204	138	161	0	0	0	0	0	0	0	-1	0.000078440
SRR11032658.24745	26796	255	173	1760	29	29	19	0	0	0	0	-1	0.000105240
SRR11032658.24917	22363	214	145	625	50	50	46	0	0	0	0	-1	0.000112800
SRR11032658.25032	20843	196	133	704	20	20	34	0	0	0	0	-1	0.000083440
SRR11032658.25208	26056	254	172	44534	92	92	39	1	2	127	1	60	0.000138440
SRR11032658.25316	22084	208	141	34795	74	74	77	0	0	0	0	-1	0.000106120
SRR11032658.25489	24436	226	153	57583	14	14	28	0	0	0	0	-1	0.000092640
SRR11032658.26015	26163	210	142	67957	0	0	0	0	0	0	0	-1	0.000089120
SRR11032658.26130	26232	256	173	2043	23	23	46	0	0	0	0	-1	0.000109240
SRR11032658.26879	23977	221	150	4948	15	15	30	0	0	0	0	-1	0.000091200
SRR11032658.27792	20224	219	148	156	0	0	0	0	0	0	0	-1	0.000079360
SRR11032658.28440	25528	238	161	1201	47	47	94	0	0	0	0	-1	0.000108680
SRR11032658.29751	24573	215	146	1113	35	35	70	0	0	0	0	-1	0.000097201
SRR11032658.30979	24089	227	154	86	0	0	0	0	0	0	0	-1	0.000089360
SRR11032658.32303	26247	241	163	12302	1	1	2	0	0	0	0	-1	0.000094800
SRR11032658.33307	20942	216	146	273	0	0	0	0	0	0	0	-1	0.000079480
SRR11032658.33994	22990	223	151	270	0	0	0	0	0	0	0	-1	0.000084761
SRR11032658.35276	21752	218	148	1333	73	73	146	0	0	0	0	-1	0.000101160
SRR11032658.36093	26371	270	183	586	5	5	10	0	0	0	0	-1	0.000101360
SRR11032658.37244	22142	251	170	159	0	0	0	0	0	0	0	-1	0.000088761
SRR11032752.28	25706	266	180	5346	0	0	0	0	0	0	0	-1	0.000097040
SRR11032752.142	21225	196	133	85423	15	15	13	0	0	0	0	-1	0.000078960
SRR11032752.264	23222	232	157	14910	23	23	44	0	0	0	0	-1	0.000094481
SRR11032752.384	23801	231	156	34853	22	22	21	0	0	0	0	-1	0.000092960
SRR11032752.509	25545	253	171	169367	42	42	55	0	0	0	0	-1	0.000103440
SRR11032752.681	20473	225	152	56099	39	39	37	0	0	0	0	-1	0.000089561
SRR11032752.751	22255	222	150	126666	34	34	53	0	0	0	0	-1	0.000090400
SRR11032752.919	23041	253	171	477	20	20	40	0	0	0	0	-1	0.000095441
SRR11032752.1064	22919	231	156	21647	20	20	32	0	0	0	0	-1	0.000092040
SRR11032752.1206	20326	203	138	10789	27	27	40	0	0	0	0	-1	0.000080720
SRR11032752.1374	22287	224	152	85325	52	52	32	0	0	0	0	-1	0.000107721
SRR11032752.1521	20381	183	124	82575	40	40	79	0	0	0	0	-1	0.000078280
SRR11032752.1793	23603	244	165	28848	20	20	37	0	0	0	0	-1	0.000094600
SRR11032752.1995	25585	264	179	41681	28	28	39	0	0	0	0	-1	0.000105400
SRR11032752.2132	24745	247	167	129014	34	34	53	0	0	0	0	-1	0.000099920
SRR11032752.2307	22918	225	152	12902	0	0	0	0	0	0	0	-1	0.000088120
SRR11032752.2465	21560	232	157	2555	4	4	4	0	0	0	0	-1	0.000085440
SRR11032752.2656	21075	201	136	48644	9	9	11	0	0	0	0	-1	0.000078800
SRR11032752.2778	20545	173	117	166	3	3	6	0	0	0	0	-1	0.000072520
SRR11032752.2865	26637	278	188	25800	0	0	0	0	0	0	0	-1	0.000101320
SRR11032752.2966	22792	194	131	13010	0	0	0	0	0	0	0	-1	0.000078120
SRR11032752.3059	26512	278	188	12932	9	9	18	0	0	0	0	-1	0.000102840
SRR11032752.3170	22311	206	140	51159	38	38	57	0	0	0	0	-1	0.000087200
SRR11032752.3329	26452	252	171	10953	13	13	26	0	0	0	0	-1	0.000115720
SRR11032752.3405	22850	193	131	82056	18	18	19	0	0	0	0	-1	0.000082361
SRR11032752.3558	27072	254	172	17995	11	11	20	0	0	0	0	-1	0.000102360
SRR11032752.3825	23536	245	166	119373	30	30	43	0	0	0	0	-1	0.000095681
SRR11032752.4016	23105	241	163	35793	19	19	27	0	0	0	0	-1	0.000093160
SRR11032752.4160	22959	255	173	104602	43	43	42	0	0	0	0	-1	0.000100200
SRR11032752.4361	22320	204	138	1689	27	27	36	0	0	0	0	-1	0.000086680
SRR11032752.4469	20474	212	144	10164	57	57	61	0	0	0	0	-1	0.000089640
SRR11032752.4631	25354	273	185	262	35	35	27	0	0	0	0	-1	0.000103481
SRR11032752.4710	25892	249	169	4915	68	68	49	0	0	0	0	-1	0.000112920
SRR11032752.4790	22399	233	158	69903	23	23	34	0	0	0	0	-1	0.000100721
SRR11032752.4895	21329	200	136	74357	50	50	33	0	0	0	0	-1	0.000097880
SRR11032752.5058	21952	236	160	635	15	15	22	0	0	0	0	-1	0.000087600
SRR11032752.5138	26939	288	195	19508	39	39	59	0	0	0	0	-1	0.000112240
SRR11032752.5310	25351	242	164	159640	28	28	47	0	0	0	0	-1	0.000097760
SRR11032752.5465	21465	211	143	116469	36	36	35	0	0	0	0	-1	0.000085520
SRR11032752.5568	23842	240	163	29958	0	0	0	0	0	0	0	-1	0.000088800
SRR11032752.5755	27931	280	190	90287	63	63	55	0	0	0	0	-1	0.000117120
SRR11032752.5877	22476	255	173	20777	23	23	31	0	0	0	0	-1	0.000094840
SRR11032752.6028	20584	217	147	86994	31	31	49	0	0	0	0	-1	0.000085560
SRR11032752.6140	25846	249	169	17008	24	24	29	0	0	0	0	-1	0.000098601
SRR11032752.6404	26390	270	183	42445	19	19	21	0	0	0	0	-1	0.000103760
SRR11032752.6602	20277	210	142	816	17	17	34	0	0	0	0	-1	0.000081840
SRR11032752.6706	27450	270	183	22243	25	25	43	0	0	0	0	-1	0.000114360
SRR11032752.6885	22167	211	143	409	29	29	43	0	0	0	0	-1	0.000089040
SRR11032752.7097	25249	240	163	32925	49	49	51	0	0	0	0	-1	0.000103400
SRR11032752.7238	26015	248	168	1059	18	18	25	0	0	0	0	-1	0.000098760
SRR11032752.7369	22752	207	140	22039	64	64	71	0	0	0	0	-1	0.000101320
SRR11032752.7471	23089	252	171	36210	47	47	51	0	0	0	0	-1	0.000099280
SRR11032752.7609	27279	253	171	505	42	42	53	0	0	0	0	-1	0.000252761
SRR11032752.7725	25437	250	169	54282	57	57	65	0	0	0	0	-1	0.000110721
SRR11032752.7912	26434	268	181	67591	29	29	31	0	0	0	0	-1	0.000108920
SRR11032752.8110	21077	189	128	95	0	0	0	0	0	0	0	-1	0.000077520
SRR11032752.8314	25957	260	176	89008	1	1	2	0	0	0	0	-1	0.000101120
SRR11032752.8509	25412	257	174	26894	22	22	38	0	0	0	0	-1	0.000109560
SRR11032752.8628	20073	216	146	4330	3	3	6	0	0	0	0	-1	0.000080240
SRR11032752.8875	21682	234	158	11429	55	55	73	0	0	0	0	-1	0.000099761
SRR11032752.9008	20469	205	139	26259	29	29	29	0	0	0	0	-1	0.000083360
SRR11032752.9174	23783	240	163	33971	42	42	51	0	0	0	0	-1	0.000102081
SRR11032752.9285	24147	248	168	31832	27	27	52	0	0	0	0	-1	0.000100680
SRR11032752.9423	24015	255	173	21087	19	19	29	0	0	0	0	-1	0.000098920
SRR11032752.9497	20592	209	142	5190	26	26	35	0	0	0	0	-1	0.000085800
SRR11032752.9649	26696	258	175	171733	93	93	119	0	0	0	0	-1	0.000140721
SRR11032752.9724	24330	240	163	444	18	18	36	0	0	0	0	-1	0.000098040
SRR11032752.9820	27675	268	181	12521	47	47	59	0	0	0	0	-1	0.000112400
SRR11032752.10058	25376	271	183	22012	32	32	36	0	0	0	0	-1	0.000105281
SRR11032752.10241	20226	219	148	69748	4	4	3	0	0	0	0	-1	0.000077440
SRR11032752.10357	27191	251	170	11095	10	10	16	0	0	0	0	-1	0.000099041
SRR11032752.10511	26988	242	164	5688	62	62	67	0	0	0	0	-1	0.000111760
SRR11032752.10648	20987	211	143	62095	33	33	29	0	0	0	0	-1	0.000085000
SRR11032752.10777	27361	295	200	23683	14	14	25	0	0	0	0	-1	0.000107040
SRR11032752.10976	22015	232	157	266	9	9	17	0	0	0	0	-1	0.000088800
SRR11032752.11237	23556	234	158	7129	77	77	69	0	0	0	0	-1	0.000107760
SRR11032752.11347	22629	216	146	89164	42	42	29	0	0	0	0	-1	0.000092000
SRR11032752.11442	24196	225	152	22002	70	70	53	1	2	94	1	60	0.000127600
SRR11032752.11554	20002	200	136	999	28	28	22	0	0	0	0	-1	0.000086880
SRR11032752.11715	26328	252	171	52598	8	8	16	0	0	0	0	-1	0.000098000
SRR11032752.11958	24672	241	163	14919	26	26	33	0	0	0	0	-1	0.000099360
SRR11032752.12154	24079	229	155	109043	32	32	47	0	0	0	0	-1	0.000234921
SRR11032752.12368	27921	255	173	54640	19	19	38	0	0	0	0	-1	0.000110360
SRR11032752.12545	22523	210	142	15775	25	25	22	0	0	0	0	-1	0.000089360
SRR11032752.12688	26369	251	170	29692	23	23	37	0	0	0	0	-1	0.000106240
SRR11032752.12801	25254	252	171	67197	68	68	59	0	0	0	0	-1	0.000118201
SRR11032752.12889	26505	256	173	36961	38	38	31	0	0	0	0	-1	0.000105280
SRR11032752.13031	20353	230	156	10238	1	1	2	0	0	0	0	-1	0.000085401
SRR11032752.13105	24432	242	164	202248	60	60	57	0	0	0	0	-1	0.000112120
SRR11032752.13298	24980	238	161	2713	78	78	53	1	0	0	0	-1	0.000130001
SRR11032752.13495	25219	278	188	1122	17	17	34	0	0	0	0	-1	0.000103160
SRR11032752.13649	24669	248	168	604	15	15	18	0	0	0	0	-1	0.000096441
SRR11032752.13812	22103	221	150	1404	8	8	16	0	0	0	0	-1	0.000086040
SRR11032752.14022	21033	215	146	108440	43	43	57	0	0	0	0	-1	0.000088320
SRR11032752.14152	20636	222	150	33055	71	71	79	0	0	0	0	-1	0.000106720
SRR11032752.14297	20257	203	138	70189	29	29	38	0	0	0	0	-1	0.000081120
SRR11032752.14507	20678	191	129	104069	21	21	23	0	0	0	0	-1	0.000078520
SRR11032752.14685	24286	243	165	41655	30	30	37	0	0	0	0	-1	0.000104921
SRR11032752.14812	22087	247	167	1110	20	20	31	0	0	0	0	-1	0.000094280
SRR11032752.14935	22508	221	150	3731	0	0	0	0	0	0	0	-1	0.000081960
SRR11032752.15116	27206	280	190	1831	40	40	57	0	0	0	0	-1	0.000108560
SRR11032752.15265	20720	197	133	15149	43	43	49	0	0	0	0	-1	0.000084120
SRR11032752.15421	22333	248	168	124995	65	65	49	0	0	0	0	-1	0.000105161
SRR11032752.15583	22372	210	142	85158	27	27	39	0	0	0	0	-1	0.000086680
SRR11032752.15752	24943	246	167	8014	49	49	57	0	0	0	0	-1	0.000101960
SRR11032752.15956	27427	265	179	207446	51	51	76	0	0	0	0	-1	0.000111680
SRR11032752.16162	24578	241	163	107009	44	44	39	0	0	0	0	-1	0.000098240
SRR11032752.16294	26394	280	190	100014	31	31	45	0	0	0	0	-1	0.000105640
SRR11032752.16406	20281	217	147	44719	10	10	20	0	0	0	0	-1	0.000080840
SRR11032752.16529	20300	182	123	302	2	2	4	0	0	0	0	-1	0.000072440
SRR11032752.16749	23322	247	167	519	6	6	12	0	0	0	0	-1	0.000100360
SRR11032752.16921	22442	217	147	30786	54	54	59	0	0	0	0	-1	0.000103760
SRR11032752.17090	21386	197	133	69762	54	54	40	0	0	0	0	-1	0.000093280
SRR11032752.17223	23464	231	156	117734	47	47	59	0	0	0	0	-1	0.000099120
SRR11032752.17355	22673	241	163	232668	78	78	97	0	0	0	0	-1	0.000108080
SRR11032752.17438	21334	208	141	23207	27	27	44	0	0	0	0	-1	0.000084441
SRR11032752.17592	21963	237	160	23922	45	45	51	0	0	0	0	-1	0.000093360
SRR11032752.17739	25734	282	191	98958	37	37	47	0	0	0	0	-1	0.000106360
SRR11032752.17936	20996	194	131	57068	39	39	47	0	0	0	0	-1	0.000084200
SRR11032752.18092	24927	233	158	624	1	1	2	0	0	0	0	-1	0.000091880
SRR11032752.18232	23345	249	169	533	44	44	35	0	0	0	0	-1	0.000099361
SRR11032752.18378	24974	267	181	3425	27	27	54	0	0	0	0	-1	0.000103320
SRR11032752.18524	25237	239	162	184604	44	44	57	0	0	0	0	-1	0.000102200
SRR11032752.18725	21646	233	158	31494	26	26	34	0	0	0	0	-1	0.000089960
SRR11032752.18852	21341	214	145	15654	37	37	41	0	0	0	0	-1	0.000087840
SRR11032752.18971	24073	254	172	139152	34	34	43	0	0	0	0	-1	0.000098441
SRR11032752.19099	20425	202	137	95295	44	44	41	0	0	0	0	-1	0.000087120
SRR11032752.19198	20639	215	146	117098	22	22	21	0	0	0	0	-1	0.000080360
SRR11032752.19378	21566	224	152	78594	34	34	39	0	0	0	0	-1	0.000086040
SRR11032752.19603	21039	213	144	398	0	0	0	0	0	0	0	-1	0.000077121
SRR11032752.19742	21810	209	142	4157	4	4	8	0	0	0	0	-1	0.000079360
SRR11032752.19872	20070	162	110	96455	398	398	570	0	0	0	0	-1	0.000132960
SRR11032752.20038	22158	233	158	17214	27	27	46	0	0	0	0	-1	0.000092161
SRR11032752.20135	24959	259	175	28845	24	24	27	0	0	0	0	-1	0.000098360
SRR11032752.20250	26727	281	190	184680	102	102	129	0	0	0	0	-1	0.000126321
SRR11032752.20339	22027	233	158	20726	12	12	20	0	0	0	0	-1	0.000088720
SRR11032752.20563	24313	227	154	1211	7	7	14	0	0	0	0	-1	0.000088600
SRR11032752.20726	26577	261	177	95539	32	32	54	0	0	0	0	-1	0.000103320
SRR11032752.21009	21953	209	142	83069	78	78	105	0	0	0	0	-1	0.000105760
SRR11032752.21183	21108	175	119	13468	17	17	31	0	0	0	0	-1	0.000094920
SRR11032752.21330	21466	242	164	351	49	49	59	0	0	0	0	-1	0.000104881
SRR11032752.21431	22326	226	153	58	0	0	0	0	0	0	0	-1	0.000083280
SRR11032752.21521	22863	219	148	28634	305	305	300	0	0	0	0	-1	0.000116120
SRR11032752.21645	23133	234	158	101844	0	0	0	0	0	0	0	-1	0.000087281
SRR11032752.21870	23810	233	158	4943	6	6	12	0	0	0	0	-1	0.000091960
SRR11032752.21979	27483	260	176	59455	22	22	37	0	0	0	0	-1	0.000103801
SRR11032752.22150	21475	223	151	18904	41	41	58	0	0	0	0	-1	0.000090960
SRR11032752.22353	22785	216	146	99904	11	11	14	0	0	0	0	-1	0.000084680
SRR11032752.22480	25546	263	178	54203	0	0	0	0	0	0	0	-1	0.000095361
SRR11032752.22818	22785	211	143	91700	63	63	47	0	0	0	0	-1	0.000097480
SRR11032752.22962	24450	231	156	111194	44	44	31	0	0	0	0	-1	0.000098680
SRR11032752.23066	21292	203	138	65947	0	0	0	0	0	0	0	-1	0.000093760
SRR11032752.23169	23217	208	141	22629	37	37	53	0	0	0	0	-1	0.000090200
SRR11032752.23272	28000	268	181	9684	72	72	53	0	0	0	0	-1	0.000122200
SRR11032752.23485	21630	200	136	17567	52	52	73	0	0	0	0	-1	0.000089241
SRR11032752.23659	21254	219	148	11608	21	21	35	0	0	0	0	-1	0.000087200
SRR11032752.23763	22263	226	153	17521	39	39	47	0	0	0	0	-1	0.000094001
SRR11032752.23891	23305	221	150	276179	55	55	53	0	0	0	0	-1	0.000095760
SRR11032752.23998	24493	282	191	77677	56	56	112	0	0	0	0	-1	0.000106120
SRR11032752.24135	21788	214	145	114921	19	19	31	0	0	0	0	-1	0.000082761
SRR11032752.24308	24591	243	165	79450	72	72	29	1	2	102	1	60	0.000127920
SRR11032752.24433	24665	251	170	162994	17	17	27	0	0	0	0	-1	0.000095960
SRR11032752.24598	21012	215	146	83139	17	17	34	0	0	0	0	-1	0.000082560
SRR11032752.24757	22903	225	152	5560	40	40	29	0	0	0	0	-1	0.000111560
SRR11032752.24907	26401	253	171	7939	33	33	55	0	0	0	0	-1	0.000106080
SRR11032752.25092	27113	254	172	17013	60	60	73	0	0	0	0	-1	0.000111160
SRR11032752.25283	21939	230	156	240980	95	95	93	1	0	0	0	-1	0.000142280
SRR11032752.25448	26951	261	177	182537	55	55	70	0	0	0	0	-1	0.000108000
SRR11032752.25594	20322	203	138	100299	51	51	51	0	0	0	0	-1	0.000085200
SRR11032752.25743	23755	230	156	101801	38	38	47	0	0	0	0	-1	0.000094320
SRR11032752.26012	25391	243	165	403	2	2	4	0	0	0	0	-1	0.000091960
SRR11032752.26120	22086	233	158	55132	32	32	27	0	0	0	0	-1	0.000089960
SRR11032752.26370	20027	209	142	129862	37	37	64	0	0	0	0	-1	0.000086120
SRR11032752.26671	22278	208	141	25344	47	47	39	0	0	0	0	-1	0.000089841
SRR11032752.27094	22249	226	153	50101	23	23	38	0	0	0	0	-1	0.000090160
SRR11032752.27243	23291	230	156	67933	0	0	0	0	0	0	0	-1	0.000087120
SRR11032752.27373	22948	206	140	11129	26	26	43	0	0	0	0	-1	0.000085160
SRR11032752.27693	22433	240	163	76243	52	52	103	0	0	0	0	-1	0.000120720
SRR11032752.27870	23157	233	158	55784	58	58	40	0	0	0	0	-1	0.000100920
SRR11032752.28036	26269	304	206	58810	11	11	20	0	0	0	0	-1	0.000108160
SRR11032752.28145	21475	188	127	10880	75	75	71	1	2	77	1	60	0.000112000
SRR11032752.28352	21741	223	151	243	0	0	0	0	0	0	0	-1	0.000080040
SRR11032752.28558	21036	216	146	166384	46	46	43	0	0	0	0	-1	0.000087880
SRR11032752.28717	22459	255	173	3397	6	6	11	0	0	0	0	-1	0.000093000
SRR11032752.28855	22254	243	165	174600	0	0	0	0	0	0	0	-1	0.000087361
SRR11032752.29060	26938	240	163	98090	36	36	61	0	0	0	0	-1	0.000104480
SRR11032752.29223	22416	224	152	80792	5	5	8	0	0	0	0	-1	0.000084080
SRR11032752.29406	23053	256	173	2931	0	0	0	0	0	0	0	-1	0.000100680
SRR11032752.29659	22749	259	175	1146	23	23	40	0	0	0	0	-1	0.000095000
SRR11032752.29856	21667	213	144	1440	0	0	0	0	0	0	0	-1	0.000079400
SRR11032752.29945	27042	264	179	6027	24	24	21	0	0	0	0	-1	0.000104560
SRR11032752.30118	25737	263	178	58694	55	55	53	0	0	0	0	-1	0.000109361
SRR11032752.30392	24278	270	183	111075	7	7	14	0	0	0	0	-1	0.000099960
SRR11032752.30575	25006	250	169	70023	56	56	37	0	0	0	0	-1	0.000104760
SRR11032752.30797	26561	250	169	25630	7	7	11	0	0	0	0	-1	0.000097401
SRR11032752.30953	20929	236	160	57392	40	40	39	0	0	0	0	-1	0.000092360
SRR11032752.31129	26999	252	171	81265	43	43	47	0	0	0	0	-1	0.000104960
SRR11032752.31306	21311	214	145	24800	54	54	31	0	0	0	0	-1	0.000101880
SRR11032752.31423	24540	283	192	29086	8	8	14	0	0	0	0	-1	0.000102000
SRR11032752.31541	20461	208	141	38879	17	17	13	0	0	0	0	-1	0.000077880
SRR11032752.31671	27781	279	189	22020	0	0	0	0	0	0	0	-1	0.000103360
SRR11032752.31790	27028	275	186	43904	23	23	39	0	0	0	0	-1	0.000108560
SRR11032752.31959	27701	290	196	77764	26	26	19	0	0	0	0	-1	0.000109280
SRR11032752.32230	26396	269	182	2155	0	0	0	0	0	0	0	-1	0.000097240
SRR11032752.32414	23744	231	156	17456	0	0	0	0	0	0	0	-1	0.000086081
SRR11032752.32544	25160	259	175	13395	42	42	35	0	0	0	0	-1	0.000103760
SRR11032752.32719	24955	246	167	215943	30	30	43	0	0	0	0	-1	0.000097760
SRR11032752.32843	23651	232	157	9084	0	0	0	0	0	0	0	-1	0.000088241
SRR11032752.32998	20303	213	144	94547	44	44	29	0	0	0	0	-1	0.000087920
SRR11032752.33106	27922	253	171	79902	94	94	107	0	0	0	0	-1	0.000125920
SRR11032752.33211	25385	252	171	107569	28	28	31	0	0	0	0	-1	0.000097601
SRR11032752.33293	21272	230	156	24857	47	47	49	0	0	0	0	-1	0.000092160
SRR11032752.33549	26405	289	196	6074	46	46	58	0	0	0	0	-1	0.000111600
SRR11032752.33708	20620	193	131	520	7	7	14	0	0	0	0	-1	0.000076200
SRR11032752.33775	21739	225	152	72265	4	4	8	0	0	0	0	-1	0.000083041
SRR11032752.34127	26336	230	156	89801	945	945	1621	0	0	0	0	-1	0.000390641
SRR11032752.34305	20421	191	129	2259	17	17	34	0	0	0	0	-1	0.000077560
SRR11032752.34533	23588	196	133	259	0	0	0	0	0	0	0	-1	0.000079760
SRR11032752.34769	24354	261	177	135	0	0	0	0	0	0	0	-1	0.000091960
SRR11032752.34868	23081	232	157	369	0	0	0	0	0	0	0	-1	0.000085401
SRR11032752.35194	21631	209	142	334	26	26	52	0	0	0	0	-1	0.000085160
SRR11032752.35651	20501	229	155	130	0	0	0	0	0	0	0	-1	0.000080440
SRR11032752.35839	21843	197	133	190	0	0	0	0	0	0	0	-1	0.000075880
SRR11032752.36448	26595	267	181	269	0	0	0	0	0	0	0	-1	0.000097880
SRR11032752.36849	26111	267	181	222	0	0	0	0	0	0	0	-1	0.000099120
SRR11032676.133	22364	221	150	7171	41	41	61	0	0	0	0	-1	0.000094880
SRR11032676.355	27811	287	194	238425	110	110	63	1	2	146	1	60	0.000176320
SRR11032676.446	24908	260	176	116032	77	77	33	2	3	114	1	60	0.000142920
SRR11032676.570	26254	251	170	160608	163	163	165	1	2	148	1	60	0.000153161
SRR11032676.823	20636	192	130	105232	69	69	50	2	3	77	1	60	0.000121121
SRR11032676.1033	22576	209	142	89033	561	561	446	0	0	0	0	-1	0.000122281
SRR11032676.1204	25323	209	142	77601	945	945	956	0	0	0	0	-1	0.000277680
SRR11032676.1354	24060	232	157	98266	67	67	35	1	2	99	1	60	0.000124881
SRR11032676.1544	27799	278	188	7283	106	106	39	1	2	161	1	60	0.000142000
SRR11032676.1750	25251	290	196	177353	155	155	131	1	2	157	1	60	0.000160800
SRR11032676.1874	23300	210	142	104120	113	113	67	1	2	121	1	60	0.000132880
SRR11032676.2055	22651	229	155	28977	79	79	25	1	2	109	1	60	0.000115560
SRR11032676.2385	20984	212	144	46377	81	81	45	1	2	110	1	60	0.000121600
SRR11032676.2629	22042	208	141	158041	92	92	56	2	4	104	1	60	0.000138920
SRR11032676.2824	23289	241	163	21003	36	36	43	0	0	0	0	-1	0.000097800
SRR11032676.3080	27590	271	183	48138	56	56	39	0	0	0	0	-1	0.000117521
SRR11032676.3452	25641	253	171	73356	94	94	41	1	2	132	1	60	0.000132440
SRR11032676.3623	22939	241	163	19326	47	47	43	0	0	0	0	-1	0.000099800
SRR11032676.3915	20220	186	126	28918	95	95	69	2	3	102	1	60	0.000126360
SRR11032676.4128	25004	246	167	120129	128	128	101	1	2	123	1	60	0.000150320
SRR11032676.4271	21631	225	152	14988	82	82	35	1	2	118	1	60	0.000116320
SRR11032676.4421	21914	240	163	23922	65	65	30	2	3	100	1	60	0.000126161
SRR11032676.4631	22202	235	159	89207	86	86	31	1	2	131	1	60	0.000123041
SRR11032676.4909	23380	244	165	12960	82	82	37	1	2	117	1	60	0.000124280
SRR11032676.5213	20655	206	140	103572	53	53	27	1	2	87	1	60	0.000115800
SRR11032676.5485	20749	235	159	44994	1988	1988	447	0	0	0	0	-1	0.000131560
SRR11032676.5716	20796	227	154	16853	103	103	49	1	2	135	1	60	0.000119440
SRR11032676.5920	27696	298	202	5235	72	72	35	1	0	0	0	-1	0.000145360
SRR11032676.6130	25552	255	173	22971	87	87	35	1	2	122	1	60	0.000129840
SRR11032676.6277	21813	205	139	12342	41	41	37	0	0	0	0	-1	0.000085680
SRR11032676.6578	26248	245	166	129319	65	65	31	1	2	114	1	60	0.000153360
SRR11032676.6842	25581	251	170	173632	124	124	77	1	2	144	1	60	0.000141360
SRR11032676.7079	24942	229	155	3364	91	91	111	0	0	0	0	-1	0.000100360
SRR11032676.7289	20428	198	134	107272	80	80	47	1	2	95	1	60	0.000104760
SRR11032676.7586	23652	243	165	162741	75	75	85	0	0	0	0	-1	0.000106800
SRR11032676.7730	26748	275	186	79042	115	115	97	1	2	134	1	60	0.000154360
SRR11032676.7977	26681	251	170	1460	6	6	12	0	0	0	0	-1	0.000097840
SRR11032676.8113	26139	263	178	41084	63	63	56	0	0	0	0	-1	0.000111920
SRR11032676.8225	24747	237	160	125233	105	105	45	1	2	132	1	60	0.000131080
SRR11032676.8448	22794	208	141	40767	19	19	18	0	0	0	0	-1	0.000085040
SRR11032676.8647	21014	200	136	108372	62	62	23	2	3	98	1	60	0.000125520
SRR11032676.8798	24577	240	163	185723	56	56	75	0	0	0	0	-1	0.000102200
SRR11032676.9042	27143	288	195	66533	108	108	55	1	2	154	1	60	0.000159320
SRR11032676.9152	21321	203	138	78869	73	73	38	2	4	95	1	60	0.000131560
SRR11032676.9381	27842	286	194	90662	107	107	49	1	2	151	1	60	0.000147800
SRR11032676.9535	26638	279	189	4344	122	122	77	1	2	134	1	60	0.000148600
SRR11032676.9802	21860	192	130	10407	66	66	27	1	2	91	1	60	0.000110960
SRR11032676.10025	20960	205	139	64694	57	57	27	1	0	0	0	-1	0.000107600
SRR11032676.10381	27370	265	179	179212	98	98	75	1	2	119	1	60	0.000154920
SRR11032676.10536	26968	279	189	200724	121	121	89	1	2	135	1	60	0.000155120
SRR11032676.10747	22334	256	173	54583	6293	6293	749	14	3	116	1	0	0.000432801
SRR11032676.11113	27460	279	189	39207	109	109	55	1	2	135	1	60	0.000160041
SRR11032676.11368	26985	264	179	84030	65	65	43	0	0	0	0	-1	0.000112001
SRR11032676.11527	20025	197	133	27175	59	59	29	1	2	87	1	60	0.000106680
SRR11032676.11688	21983	211	143	91446	65	65	49	1	0	0	0	-1	0.000115680
SRR11032676.11804	20794	199	135	26728	79	79	37	1	2	112	1	60	0.000113600
SRR11032676.11954	26160	253	171	114628	102	102	35	1	2	156	1	60	0.000135280
SRR11032676.12156	23926	218	148	105810	52	52	15	1	2	97	1	60	0.000123720
SRR11032676.12445	22214	227	154	67376	140	140	137	2	3	92	1	0	0.000179080
SRR11032676.12540	26561	259	175	104929	12	12	21	0	0	0	0	-1	0.000099640
SRR11032676.12714	27112	267	181	95516	54	54	52	0	0	0	0	-1	0.000113560
SRR11032676.12941	24144	227	154	19066	49	49	63	0	0	0	0	-1	0.000099921
SRR11032676.13107	23014	249	169	6914	81	81	55	1	2	110	1	60	0.000149601
SRR11032676.13297	23734	231	156	13762	66	66	65	1	2	94	1	60	0.000132681
SRR11032676.13492	27070	268	181	17100	105	105	59	2	3	134	1	60	0.000159241
SRR11032676.13745	22226	237	160	61478	87	87	63	1	2	115	1	60	0.000128840
SRR11032676.13988	26969	261	177	170519	121	121	87	1	2	137	1	60	0.000151240
SRR11032676.14096	25393	214	145	23721	77	77	51	1	2	86	1	60	0.000150360
SRR11032676.14299	23868	223	151	155695	123	123	103	1	2	117	1	60	0.000140520
SRR11032676.14520	23039	213	144	31840	105	105	75	1	2	117	1	60	0.000130240
SRR11032676.14749	24995	246	167	17895	64	64	39	0	0	0	0	-1	0.000109880
SRR11032676.14884	22555	223	151	36134	19	19	23	0	0	0	0	-1	0.000088880
SRR11032676.15129	23232	249	169	83495	15863	15863	1002	6	4	158	1	0	0.000440721
SRR11032676.15307	26884	259	175	31512	46	46	55	0	0	0	0	-1	0.000107521
SRR11032676.15495	25489	242	164	135374	76	76	29	1	2	131	1	60	0.000130881
SRR11032676.15668	22597	247	167	122066	23	23	36	0	0	0	0	-1	0.000094320
SRR11032676.15784	20629	205	139	78379	59	59	35	1	2	86	1	60	0.000109561
SRR11032676.16190	22905	239	162	143758	63	63	39	0	0	0	0	-1	0.000106400
SRR11032676.16354	24476	219	148	8052	0	0	0	0	0	0	0	-1	0.000087160
SRR11032676.16515	20591	211	143	11798	130	130	129	1	2	113	1	60	0.000132800
SRR11032676.16695	20832	204	138	41640	63	63	37	1	2	94	1	60	0.000122321
SRR11032676.16919	20138	204	138	143012	27	27	35	0	0	0	0	-1	0.000081801
SRR11032676.17188	21590	220	149	2703	34	34	41	0	0	0	0	-1	0.000085480
SRR11032676.17431	21029	222	150	50898	85	85	69	2	3	92	1	60	0.000166601
SRR11032676.17570	26242	260	176	114684	91	91	25	1	2	132	1	60	0.000132081
SRR11032676.17733	21627	204	138	99860	76	76	33	1	2	99	1	60	0.000116840
SRR11032676.17904	23456	228	154	53073	73	73	39	1	2	95	1	60	0.000117880
SRR11032676.18103	21678	226	153	5331	62	62	59	0	0	0	0	-1	0.000100320
SRR11032676.18190	21220	229	155	6818	56	56	47	0	0	0	0	-1	0.000105960
SRR11032676.18325	22273	195	132	24927	52	52	33	1	0	0	0	-1	0.000107680
SRR11032676.18439	27156	294	199	31902	122	122	103	2	3	129	1	60	0.000163121
SRR11032676.18604	20740	230	156	86310	65	65	43	0	0	0	0	-1	0.000108920
SRR11032676.18753	26200	284	192	90719	134	134	83	1	2	160	1	60	0.000154720
SRR11032676.18907	24755	237	160	96431	118	118	79	2	3	128	1	60	0.000147001
SRR11032676.18998	23314	226	153	392	49	49	43	0	0	0	0	-1	0.000095840
SRR11032676.19146	24772	265	179	11092	145	145	119	1	2	144	1	60	0.000148201
SRR11032676.19286	27745	245	166	257370	97	97	63	1	2	111	1	60	0.000145281
SRR11032676.19467	26374	309	209	246823	85	85	41	1	2	134	1	60	0.000152681
SRR11032676.19789	21378	218	148	19576	31	31	45	0	0	0	0	-1	0.000089560
SRR11032676.19940	26144	272	184	170973	125	125	105	1	2	132	1	60	0.000155801
SRR11032676.20199	27020	241	163	8773	5	5	10	0	0	0	0	-1	0.000096361
SRR11032676.20342	26754	264	179	37266	94	94	55	2	3	129	1	60	0.000153881
SRR11032676.20534	24817	216	146	667	65	65	25	1	2	97	1	60	0.000126480
SRR11032676.20793	25775	274	185	149981	88	88	79	0	0	0	0	-1	0.000121800
SRR11032676.21088	21608	240	163	36856	67	67	45	0	0	0	0	-1	0.000104200
SRR11032676.21342	24776	257	174	35624	56	56	39	0	0	0	0	-1	0.000107680
SRR11032676.21467	27692	271	183	419	4	4	8	0	0	0	0	-1	0.000103081
SRR11032676.21611	25948	229	155	140295	156	156	126	2	2	100	1	60	0.000166680
SRR11032676.21724	26179	265	179	121692	47	47	67	0	0	0	0	-1	0.000108320
SRR11032676.22051	27963	286	194	68967	24	24	23	0	0	0	0	-1	0.000128400
SRR11032676.22339	23460	228	154	197168	49	49	23	1	2	93	1	60	0.000118800
SRR11032676.22545	23260	218	148	20162	58	58	35	0	0	0	0	-1	0.000098120
SRR11032676.22695	21728	226	153	111625	34200	34200	1148	34	2	123	1	60	0.001099643
SRR11032676.22988	25564	231	156	324556	107	107	123	2	2	101	1	60	0.000160440
SRR11032676.23168	26713	252	171	6637	40	40	27	0	0	0	0	-1	0.000105360
SRR11032676.23375	22776	241	163	106115	142	142	159	1	2	118	1	60	0.000152200
SRR11032676.23428	22556	217	147	101214	77	77	49	1	2	110	1	60	0.000129840
SRR11032676.23555	25814	256	173	67550	66	66	37	2	3	111	1	60	0.000151960
SRR11032676.23727	21258	217	147	105257	70	70	37	1	2	101	1	60	0.000119240
SRR11032676.23909	21712	209	142	96576	75	75	31	2	3	98	1	60	0.000138640
SRR11032676.24134	25319	234	158	5451	102	102	49	1	2	126	1	60	0.000133881
SRR11032676.24279	23581	230	156	149765	85	85	73	1	2	103	1	60	0.000134920
SRR11032676.24470	25000	255	173	159902	113	113	104	1	2	120	1	60	0.000141760
SRR11032676.24757	20409	223	151	270473	81	81	61	1	2	104	1	60	0.000132681
SRR11032676.24930	24905	245	166	11232	66	66	60	1	0	0	0	-1	0.000133040
SRR11032676.25178	21938	222	150	64945	67	67	33	1	2	97	1	60	0.000126360
SRR11032676.25352	27822	304	206	16524	549	549	549	0	0	0	0	-1	0.000160360
SRR11032676.25484	23306	236	160	40300	35	35	33	0	0	0	0	-1	0.000096840
SRR11032676.25706	26538	269	182	62385	39	39	31	0	0	0	0	-1	0.000108960
SRR11032676.25877	26090	235	159	13285	87	87	59	1	2	104	1	60	0.000128200
SRR11032676.26014	25572	256	173	169654	98	98	89	1	2	107	1	60	0.000149841
SRR11032676.26211	26380	217	147	17399	2069	2069	2132	2	3	112	1	0	0.000578441
SRR11032676.26369	24659	284	192	152148	43	43	37	0	0	0	0	-1	0.000110280
SRR11032676.26490	25876	238	161	84096	29	29	29	0	0	0	0	-1	0.000100161
SRR11032676.26771	22184	225	152	152132	301	301	465	1	2	125	1	60	0.000232721
SRR11032676.27051	20609	201	136	36862	15	15	21	0	0	0	0	-1	0.000081760
SRR11032676.27175	27051	251	170	109961	93	93	47	1	2	128	1	60	0.000138840
SRR11032676.27387	25930	261	177	80056	12	12	24	0	0	0	0	-1	0.000102960
SRR11032676.28051	26749	301	204	77296	48	48	96	0	0	0	0	-1	0.000179561
SRR11032676.28237	23907	266	180	66465	309	309	286	2	4	115	1	0	0.000206161
SRR11032676.28863	21192	200	136	216	0	0	0	0	0	0	0	-1	0.000077641
SRR11032676.29517	25837	253	171	329	26	26	52	0	0	0	0	-1	0.000101480
SRR11032676.30670	26971	267	181	155	0	0	0	0	0	0	0	-1	0.000101480
SRR11032701.54	20027	229	155	81526	44	44	37	0	0	0	0	-1	0.000093040
SRR11032701.135	21121	213	144	150185	77	77	31	1	2	121	1	60	0.000118921
SRR11032701.203	20527	182	123	202198	50	50	49	0	0	0	0	-1	0.000086441
SRR11032701.327	25105	261	177	105921	63	63	37	0	0	0	0	-1	0.000113000
SRR11032701.459	22818	227	154	164099	100	100	67	1	2	113	1	60	0.000122280
SRR11032701.559	26896	270	183	365	87	87	29	1	2	144	1	60	0.000130920
SRR11032701.693	21237	194	131	80380	78	78	40	2	3	98	1	60	0.000124400
SRR11032701.961	27492	268	181	150681	293	293	136	2	3	133	1	0	0.000188161
SRR11032701.1048	20057	218	148	30571	37	37	33	0	0	0	0	-1	0.000096440
SRR11032701.1239	20990	193	131	79703	65	65	23	1	2	98	1	60	0.000105240
SRR11032701.1456	22599	237	160	11272	70	70	57	0	0	0	0	-1	0.000105800
SRR11032701.1637	26651	290	196	173549	137	137	103	2	3	152	1	60	0.000173880
SRR11032701.1780	25425	246	167	17212	82	82	35	1	2	119	1	60	0.000127960
SRR11032701.1961	21508	219	148	68010	67	67	15	1	2	102	1	60	0.000116880
SRR11032701.2036	27263	273	185	14821	68	68	63	0	0	0	0	-1	0.000117800
SRR11032701.2166	23321	228	154	31142	58	58	31	1	0	0	0	-1	0.000119440
SRR11032701.2312	25326	236	160	47049	75	75	33	1	2	101	1	60	0.000124920
SRR11032701.2414	22139	243	165	68158	14	14	26	0	0	0	0	-1	0.000091520
SRR11032701.2600	20303	199	135	27191	17	17	32	0	0	0	0	-1	0.000077800
SRR11032701.2777	26932	270	183	134425	156	156	100	2	4	153	1	60	0.000170560
SRR11032701.2873	22545	222	150	121406	111	111	57	1	2	125	1	60	0.000134721
SRR11032701.3005	21580	207	140	20578	37	37	39	0	0	0	0	-1	0.000086080
SRR11032701.3141	23145	228	154	182930	85	85	67	1	2	94	1	60	0.000129880
SRR11032701.3237	26428	242	164	161943	114	114	51	2	3	127	1	60	0.000153160
SRR11032701.3437	24666	252	171	9077	83	83	41	1	2	109	1	60	0.000130240
SRR11032701.3576	21268	245	166	248305	270	270	395	2	3	138	1	60	0.000201081
SRR11032701.3745	22847	224	152	8254	78	78	43	1	2	111	1	60	0.000124561
SRR11032701.3950	24877	243	165	176666	75	75	73	0	0	0	0	-1	0.000118240
SRR11032701.4259	23094	259	175	9696	45	45	39	0	0	0	0	-1	0.000101600
SRR11032701.4369	25623	262	177	174057	25	25	23	0	0	0	0	-1	0.000099920
SRR11032701.4450	25158	224	152	85442	68	68	43	1	0	0	0	-1	0.000129920
SRR11032701.4578	20143	198	134	151031	63	63	13	1	2	102	1	60	0.000105000
SRR11032701.4744	22422	236	160	11313	46	46	35	0	0	0	0	-1	0.000094241
SRR11032701.4848	26161	284	192	2845	104	104	53	1	2	133	1	60	0.000141440
SRR11032701.5007	21913	218	148	36373	63	63	51	0	0	0	0	-1	0.000100441
SRR11032701.5161	20797	207	140	566	66	66	39	1	2	92	1	60	0.000114080
SRR11032701.5342	25997	234	158	104983	81	81	45	1	2	111	1	60	0.000129161
SRR11032701.5579	22508	224	152	1833	56	56	43	0	0	0	0	-1	0.000097760
SRR11032701.5724	21291	212	144	31717	79	79	29	1	2	111	1	60	0.000114600
SRR11032701.5821	23834	244	165	75251	57	57	34	0	0	0	0	-1	0.000101120
SRR11032701.5963	27496	283	192	77900	109	109	53	1	2	151	1	60	0.000156281
SRR11032701.6138	27854	283	192	82844	106	106	49	2	3	139	1	60	0.000165001
SRR11032701.6255	20880	217	147	39546	84	84	71	1	2	92	1	60	0.000136560
SRR11032701.6342	20742	202	137	121446	89	89	61	1	2	106	1	60	0.000117160
SRR11032701.6552	24821	233	158	32930	86	86	55	1	2	111	1	60	0.000125120
SRR11032701.6662	26465	236	160	91026	76	76	47	1	2	97	1	60	0.000128521
SRR11032701.6942	22141	194	131	121747	125	125	113	1	2	116	1	60	0.000131641
SRR11032701.7082	24365	240	163	42220	55	55	45	0	0	0	0	-1	0.000103441
SRR11032701.7261	24647	202	137	314533	219	219	331	1	2	96	1	60	0.000170760
SRR11032701.7394	20343	211	143	6806	86	86	47	1	2	104	1	60	0.000121080
SRR11032701.7528	27157	249	169	79111	106	106	60	2	4	122	1	60	0.000153560
SRR11032701.7699	24612	223	151	97822	85	85	63	1	2	107	1	60	0.000156160
SRR11032701.7814	21550	216	146	12727	114	114	75	1	2	133	1	60	0.000125961
SRR11032701.7920	27037	292	198	107693	53	53	41	0	0	0	0	-1	0.000114240
SRR11032701.8039	21850	209	142	101	0	0	0	0	0	0	0	-1	0.000078640
SRR11032701.8196	22030	229	155	18792	63	63	54	0	0	0	0	-1	0.000102320
SRR11032701.8329	24057	231	156	250029	419	419	636	2	3	128	1	60	0.000293081
SRR11032701.8474	26533	230	156	118670	37	37	69	0	0	0	0	-1	0.000101760
SRR11032701.8544	22658	214	145	209264	69	69	41	1	2	91	1	60	0.000123921
SRR11032701.8761	23711	249	169	168073	56	56	29	0	0	0	0	-1	0.000106001
SRR11032701.8943	21064	222	150	192323	143	143	106	1	2	102	1	60	0.000139840
SRR11032701.9027	26873	267	181	24429	90	90	41	1	2	140	1	60	0.000138880
SRR11032701.9156	27098	298	202	213921	103	103	63	1	2	144	1	60	0.000158321
SRR11032701.9287	27481	263	178	62904	56	56	29	1	0	0	0	-1	0.000135361
SRR11032701.9386	23153	245	166	17591	85	85	47	1	2	118	1	60	0.000126601
SRR11032701.9508	26272	263	178	76545	75	75	65	0	0	0	0	-1	0.000116681
SRR11032701.9677	21949	190	129	3891	0	0	0	0	0	0	0	-1	0.000077280
SRR11032701.9799	27809	285	193	79345	66	66	39	0	0	0	0	-1	0.000119960
SRR11032701.9943	20089	209	142	68439	64	64	19	1	2	105	1	60	0.000121280
SRR11032701.10149	23792	244	165	8924	92	92	38	2	4	116	1	60	0.000142480
SRR11032701.10322	23741	255	173	156405	76	76	41	1	2	127	1	60	0.000131440
SRR11032701.10468	25329	254	172	32364	59	59	49	0	0	0	0	-1	0.000106800
SRR11032701.10675	25819	282	191	216929	148	148	75	1	2	170	1	60	0.000168120
SRR11032701.10844	22364	234	158	70722	68	68	33	1	2	105	1	60	0.000118001
SRR11032701.10993	22176	245	166	43752	60	60	51	0	0	0	0	-1	0.000099801
SRR11032701.11223	24393	259	175	162667	103	103	77	1	2	129	1	60	0.000148520
SRR11032701.11410	23151	222	150	192992	84	84	63	1	2	109	1	60	0.000137360
SRR11032701.11523	27100	260	176	134655	184	184	164	1	2	155	1	60	0.000161601
SRR11032701.11793	23344	236	160	15473	211	211	131	2	2	119	1	60	0.000182241
SRR11032701.12039	21925	217	147	47926	59	59	21	1	2	96	1	60	0.000117960
SRR11032701.12140	25554	256	173	98083	103	103	41	1	2	147	1	60	0.000138281
SRR11032701.12321	26808	302	204	54639	148	148	93	2	3	157	1	60	0.000178521
SRR11032701.12448	23099	227	154	5792	67	67	23	1	2	98	1	60	0.000117480
SRR11032701.12625	22212	195	132	46517	56	56	25	1	2	85	1	60	0.000107160
SRR11032701.12729	20083	197	133	87021	59	59	21	1	2	97	1	60	0.000106160
SRR11032701.12940	22952	251	170	81142	90	90	51	1	2	119	1	60	0.000135000
SRR11032701.13126	27599	255	173	15771	109	109	101	1	2	120	1	60	0.000158400
SRR11032701.13270	24794	254	172	72603	65	65	45	0	0	0	0	-1	0.000110880
SRR11032701.13399	23849	225	152	184914	78	78	28	2	3	110	1	60	0.000157680
SRR11032701.13651	27293	269	182	202252	114	114	65	1	2	141	1	60	0.000149640
SRR11032701.13788	22682	222	150	144556	105	105	57	2	3	113	1	60	0.000155080
SRR11032701.13934	24650	240	163	36028	101	101	71	2	3	102	1	60	0.000143840
SRR11032701.14179	23536	244	165	109069	66	66	45	1	2	101	1	60	0.000131961
SRR11032701.14339	27067	278	188	2987	63	63	62	0	0	0	0	-1	0.000115961
SRR11032701.14463	25367	235	159	192343	111	111	95	1	2	108	1	60	0.000143241
SRR11032701.14620	20764	211	143	47435	49	49	29	0	0	0	0	-1	0.000089120
SRR11032701.14768	22200	233	158	10941	71	71	31	2	3	111	1	60	0.000127520
SRR11032701.14931	26464	255	173	11203	46	46	17	0	0	0	0	-1	0.000108680
SRR11032701.15140	23450	244	165	142824	88	88	30	2	4	126	1	60	0.000142120
SRR11032701.15315	21376	223	151	35857	55	55	31	1	2	100	1	60	0.000117720
SRR11032701.15487	26227	294	199	40949	109	109	41	1	2	161	1	60	0.000143720
SRR11032701.15650	21217	268	181	125067	44032	44032	1119	109	9	149	1	0	0.003121727
SRR11032701.15828	26959	259	175	235435	89	89	31	2	3	122	1	60	0.000166401
SRR11032701.15965	27795	304	206	62321	102	102	23	1	2	171	1	60	0.000144721
SRR11032701.16167	26410	278	188	103244	94	94	33	1	2	151	1	60	0.000147720
SRR11032701.16430	21896	220	149	194635	92	92	27	2	3	121	1	60	0.000151201
SRR11032701.16593	23239	225	152	79048	71	71	35	1	2	107	1	60	0.000131281
SRR11032701.16788	23204	228	154	11486	22	22	21	0	0	0	0	-1	0.000093120
SRR11032701.16988	24116	230	156	62216	89	89	43	1	2	123	1	60	0.000126120
SRR11032701.17176	21314	211	143	55121	76	76	55	1	2	101	1	60	0.000119481
SRR11032701.17325	20271	183	124	199722	78	78	57	1	2	84	1	60	0.000111240
SRR11032701.17483	22422	231	156	64920	38	38	27	0	0	0	0	-1	0.000097320
SRR11032701.17630	24507	250	169	2305	1	1	2	0	0	0	0	-1	0.000095441
SRR11032701.17783	22298	235	159	74219	59	59	27	1	2	111	1	60	0.000118721
SRR11032701.18000	25748	309	209	89961	116	116	47	1	2	172	1	60	0.000151640
SRR11032701.18104	23908	242	164	40593	63	63	25	1	2	110	1	60	0.000117000
SRR11032701.18253	25520	234	158	91031	1739	1739	2752	0	0	0	0	-1	0.000667841
SRR11032701.18372	25796	245	166	320112	128	128	149	1	2	105	1	60	0.000148801
SRR11032701.18505	25807	251	170	162829	92	92	37	1	2	134	1	60	0.000134720
SRR11032701.18652	23854	229	155	71521	60	60	22	2	0	0	0	-1	0.000147481
SRR11032701.18801	26294	253	171	219821	130	130	93	1	2	140	1	60	0.000150200
SRR11032701.18974	23272	239	162	5689	132	132	81	2	3	116	1	0	0.000153160
SRR11032701.19286	23061	219	148	25494	181	181	73	1	2	125	1	60	0.000148520
SRR11032701.19452	21674	241	163	19680	20	20	35	0	0	0	0	-1	0.000100001
SRR11032701.22190	23030	251	170	522	5	5	10	0	0	0	0	-1	0.000102800
SRR11032701.25743	21292	212	144	407	0	0	0	0	0	0	0	-1	0.000079880
SRR11032677.185	27022	269	182	83857	12	12	11	0	0	0	0	-1	0.000103161
SRR11032677.359	20470	181	123	23501	48	48	21	1	0	0	0	-1	0.000099080
SRR11032677.474	21615	222	150	20831	35	35	50	0	0	0	0	-1	0.000089360
SRR11032677.654	24273	266	180	2337	62	62	44	0	0	0	0	-1	0.000110120
SRR11032677.725	26520	290	196	74418	34	34	39	0	0	0	0	-1	0.000109561
SRR11032677.844	23819	212	144	1314	41	41	42	0	0	0	0	-1	0.000090760
SRR11032677.965	23104	221	150	28044	31	31	35	0	0	0	0	-1	0.000089201
SRR11032677.1081	20883	178	121	88026	50	50	97	0	0	0	0	-1	0.000081560
SRR11032677.1264	27131	271	183	40718	33	33	52	0	0	0	0	-1	0.000111360
SRR11032677.1369	21691	218	148	71447	0	0	0	0	0	0	0	-1	0.000080480
SRR11032677.1515	25637	248	168	23772	48	48	61	0	0	0	0	-1	0.000103680
SRR11032677.1629	22075	238	161	41337	69	69	61	0	0	0	0	-1	0.000104680
SRR11032677.1823	21052	228	154	74972	75	75	49	1	2	106	1	60	0.000121600
SRR11032677.1943	20388	207	140	1206	63	63	21	1	2	99	1	60	0.000106280
SRR11032677.2028	25587	259	175	107110	57	57	57	0	0	0	0	-1	0.000109520
SRR11032677.2159	20843	190	129	1416	0	0	0	0	0	0	0	-1	0.000081640
SRR11032677.2386	27745	285	193	92827	50	50	52	0	0	0	0	-1	0.000115880
SRR11032677.2538	20676	216	146	169520	49	49	41	0	0	0	0	-1	0.000088281
SRR11032677.2714	21778	215	146	79036	81	81	53	2	3	96	1	60	0.000142880
SRR11032677.2798	21847	220	149	17615	149	149	178	0	0	0	0	-1	0.000123041
SRR11032677.2882	22060	242	164	19061	79	79	69	0	0	0	0	-1	0.000102440
SRR11032677.3012	26078	255	173	88230	26	26	33	0	0	0	0	-1	0.000098760
SRR11032677.3188	20368	186	126	40839	34	34	43	0	0	0	0	-1	0.000081160
SRR11032677.3422	22802	228	154	15386	42	42	39	0	0	0	0	-1	0.000112640
SRR11032677.3496	22095	246	167	5144	28	28	29	0	0	0	0	-1	0.000092320
SRR11032677.3661	21720	250	169	290727	115	115	71	1	2	135	1	60	0.000133161
SRR11032677.3794	27946	289	196	11673	39	39	19	0	0	0	0	-1	0.000112280
SRR11032677.3925	20748	205	139	27459	20	20	27	0	0	0	0	-1	0.000080161
SRR11032677.4164	20362	188	127	32507	38	38	41	0	0	0	0	-1	0.000079680
SRR11032677.4329	20056	211	143	43792	32	32	15	0	0	0	0	-1	0.000082801
SRR11032677.4401	21546	198	134	42368	33	33	29	0	0	0	0	-1	0.000082480
SRR11032677.4493	27853	284	192	143013	24	24	43	0	0	0	0	-1	0.000110480
SRR11032677.4577	23731	243	165	135530	47	47	45	0	0	0	0	-1	0.000101161
SRR11032677.4652	22237	225	152	101169	11	11	22	0	0	0	0	-1	0.000093200
SRR11032677.4737	20045	184	125	10256	37	37	49	0	0	0	0	-1	0.000080400
SRR11032677.4901	21742	221	150	41204	49	49	37	0	0	0	0	-1	0.000090120
SRR11032677.5039	23625	216	146	4398	33	33	54	0	0	0	0	-1	0.000089920
SRR11032677.5192	26573	257	174	52750	21	21	19	0	0	0	0	-1	0.000101240
SRR11032677.5290	20839	209	142	85852	55	55	30	0	0	0	0	-1	0.000092720
SRR11032677.5409	25271	256	173	621	20	20	36	0	0	0	0	-1	0.000097120
SRR11032677.5603	24198	244	165	6867	13	13	17	0	0	0	0	-1	0.000094600
SRR11032677.5771	26434	263	178	160	6	6	12	0	0	0	0	-1	0.000099600
SRR11032677.5861	22674	224	152	32226	30	30	45	0	0	0	0	-1	0.000089720
SRR11032677.5970	23769	224	152	590	33	33	51	0	0	0	0	-1	0.000111201
SRR11032677.6096	21906	228	154	59923	260	260	453	0	0	0	0	-1	0.000146720
SRR11032677.6205	25271	266	180	254949	65	65	95	0	0	0	0	-1	0.000109681
SRR11032677.6370	25722	281	190	48460	19	19	33	0	0	0	0	-1	0.000102720
SRR11032677.6480	24345	230	156	68582	88	88	45	1	2	101	1	60	0.000126481
SRR11032677.6612	23954	248	168	491	43	43	47	0	0	0	0	-1	0.000100480
SRR11032677.6766	22663	224	152	1358	48	48	51	0	0	0	0	-1	0.000093520
SRR11032677.6881	23880	219	148	18748	61	61	93	0	0	0	0	-1	0.000097440
SRR11032677.6997	20526	196	133	337	27	27	49	0	0	0	0	-1	0.000088400
SRR11032677.7174	26507	297	201	89494	50	50	63	0	0	0	0	-1	0.000113680
SRR11032677.7285	23565	239	162	82792	46	46	55	0	0	0	0	-1	0.000099480
SRR11032677.7420	21705	194	131	27932	56	56	33	1	0	0	0	-1	0.000106200
SRR11032677.7517	25071	243	165	81441	49	49	67	0	0	0	0	-1	0.000101560
SRR11032677.7630	22428	238	161	21997	58	58	37	1	0	0	0	-1	0.000117240
SRR11032677.7737	26894	268	181	23307	21	21	38	0	0	0	0	-1	0.000103600
SRR11032677.7931	22483	233	158	16637	21	21	31	0	0	0	0	-1	0.000098160
SRR11032677.8046	21576	233	158	1001	68	68	67	0	0	0	0	-1	0.000103000
SRR11032677.8105	23299	207	140	8685	15	15	19	0	0	0	0	-1	0.000083521
SRR11032677.8204	25751	252	171	72688	59	59	49	0	0	0	0	-1	0.000108200
SRR11032677.8280	24542	241	163	40248	60	60	49	0	0	0	0	-1	0.000105561
SRR11032677.8424	27111	250	169	20232	60	60	51	0	0	0	0	-1	0.000111560
SRR11032677.8539	21520	217	147	26600	45	45	31	0	0	0	0	-1	0.000087560
SRR11032677.8629	26573	273	185	118735	48	48	63	0	0	0	0	-1	0.000109160
SRR11032677.8732	27376	263	178	73191	33	33	48	0	0	0	0	-1	0.000105321
SRR11032677.8849	27438	245	166	170721	43	43	39	0	0	0	0	-1	0.000121200
SRR11032677.8977	25968	233	158	42381	35	35	50	0	0	0	0	-1	0.000108040
SRR11032677.9046	27845	279	189	39637	22	22	23	0	0	0	0	-1	0.000109000
SRR11032677.9109	21722	182	123	50383	19	19	31	0	0	0	0	-1	0.000080801
SRR11032677.9231	20239	216	146	157527	21	21	32	0	0	0	0	-1	0.000079640
SRR11032677.9337	27626	262	177	13799	38	38	45	0	0	0	0	-1	0.000106961
SRR11032677.9477	20203	199	135	13403	29	29	45	0	0	0	0	-1	0.000080560
SRR11032677.9559	24446	248	168	83442	70	70	71	0	0	0	0	-1	0.000108480
SRR11032677.9676	20927	191	129	22848	31	31	39	0	0	0	0	-1	0.000081920
SRR11032677.9792	26298	235	159	20519	84	84	51	1	2	98	1	60	0.000128760
SRR11032677.9935	20674	206	140	31640	44	44	33	0	0	0	0	-1	0.000088880
SRR11032677.10127	25341	295	200	40663	41	41	41	0	0	0	0	-1	0.000108361
SRR11032677.10201	22824	211	143	1220	53	53	49	0	0	0	0	-1	0.000091840
SRR11032677.10326	22846	238	161	213	0	0	0	0	0	0	0	-1	0.000086840
SRR11032677.10429	20299	200	136	42299	33	33	49	0	0	0	0	-1	0.000080600
SRR11032677.10608	25498	265	179	2915	23	23	23	0	0	0	0	-1	0.000099840
SRR11032677.10705	24304	233	158	37394	45	45	37	0	0	0	0	-1	0.000097240
SRR11032677.10804	22624	222	150	14421	80	80	65	1	2	89	1	60	0.000135641
SRR11032677.10901	26087	264	179	23172	129	129	104	1	2	135	1	60	0.000154961
SRR11032677.10977	23582	258	175	141248	39	39	37	0	0	0	0	-1	0.000100240
SRR11032677.11132	22409	220	149	55424	25	25	27	0	0	0	0	-1	0.000086240
SRR11032677.11310	23227	229	155	6454	65	65	35	1	2	95	1	60	0.000118560
SRR11032677.11447	20881	202	137	12252	0	0	0	0	0	0	0	-1	0.000074720
SRR11032677.11527	20479	198	134	61707	11	11	19	0	0	0	0	-1	0.000078080
SRR11032677.11622	26901	254	172	180333	86	86	100	0	0	0	0	-1	0.000122360
SRR11032677.11747	24651	260	176	105070	7	7	12	0	0	0	0	-1	0.000096601
SRR11032677.11861	27668	302	204	148898	63	63	57	0	0	0	0	-1	0.000121880
SRR11032677.12040	20277	218	148	77462	25	25	24	0	0	0	0	-1	0.000082080
SRR11032677.12170	21580	224	152	23474	28	28	47	0	0	0	0	-1	0.000087440
SRR11032677.12226	21483	204	138	655	52	52	43	0	0	0	0	-1	0.000089041
SRR11032677.12345	23573	225	152	1043	32	32	50	0	0	0	0	-1	0.000094120
SRR11032677.12479	26099	278	188	51035	69	69	62	0	0	0	0	-1	0.000112760
SRR11032677.12647	24406	232	157	96221	70	70	87	0	0	0	0	-1	0.000102840
SRR11032677.12784	26679	303	205	195269	52	52	39	0	0	0	0	-1	0.000116881
SRR11032677.12957	23068	237	160	2213	17	17	32	0	0	0	0	-1	0.000092360
SRR11032677.13118	24963	244	165	1409	46	46	35	0	0	0	0	-1	0.000100600
SRR11032677.13226	20539	204	138	70991	20	20	21	0	0	0	0	-1	0.000079840
SRR11032677.13375	27154	276	187	36808	64	64	59	0	0	0	0	-1	0.000119000
SRR11032677.13476	25916	261	177	136794	77	77	70	0	0	0	0	-1	0.000119640
SRR11032677.13574	27728	287	194	39701	57	57	27	0	0	0	0	-1	0.000118361
SRR11032677.13718	25025	256	173	54245	117	117	90	2	3	139	1	60	0.000170320
SRR11032677.13811	27518	293	198	3312	0	0	0	0	0	0	0	-1	0.000102121
SRR11032677.13932	27040	259	175	92394	63	63	53	0	0	0	0	-1	0.000114520
SRR11032677.14003	26026	270	183	125090	11	11	11	0	0	0	0	-1	0.000100240
SRR11032677.14087	20613	213	144	81548	53	53	43	0	0	0	0	-1	0.000091800
SRR11032677.14232	26295	238	161	30030	47	47	49	0	0	0	0	-1	0.000102120
SRR11032677.14295	21150	216	146	923	12	12	24	0	0	0	0	-1	0.000084240
SRR11032677.14427	26716	250	169	25759	31	31	47	0	0	0	0	-1	0.000163600
SRR11032677.14506	21253	190	129	78725	41	41	47	0	0	0	0	-1	0.000084441
SRR11032677.14635	23964	258	175	47441	48	48	58	0	0	0	0	-1	0.000102720
SRR11032677.14750	20509	225	152	95444	46	46	43	0	0	0	0	-1	0.000088681
SRR11032677.14821	25194	275	186	104080	3	3	6	0	0	0	0	-1	0.000097080
SRR11032677.14895	22993	215	146	46490	59	59	44	0	0	0	0	-1	0.000096440
SRR11032677.15068	21595	223	151	19074	18	18	29	0	0	0	0	-1	0.000084840
SRR11032677.15155	20054	209	142	367	0	0	0	0	0	0	0	-1	0.000074080
SRR11032677.15319	21203	230	156	10860	39	39	49	0	0	0	0	-1	0.000092801
SRR11032677.15488	24518	216	146	102193	24	24	27	0	0	0	0	-1	0.000088920
SRR11032677.15652	24686	262	177	30345	30	30	49	0	0	0	0	-1	0.000100680
SRR11032677.15765	20683	189	128	1972	0	0	0	0	0	0	0	-1	0.000095320
SRR11032677.15838	26178	256	173	12152	39	39	39	0	0	0	0	-1	0.000142240
SRR11032677.15942	24384	246	167	45093	50	50	61	0	0	0	0	-1	0.000101000
SRR11032677.16080	23814	263	178	141899	62	62	53	0	0	0	0	-1	0.000107041
SRR11032677.16293	23641	235	159	19571	100	100	138	0	0	0	0	-1	0.000114720
SRR11032677.16413	20618	204	138	525	27	27	31	0	0	0	0	-1	0.000080680
SRR11032677.16529	22669	281	190	78358	186	186	346	0	0	0	0	-1	0.000128920
SRR11032677.16606	24720	259	175	98354	36	36	45	0	0	0	0	-1	0.000118000
SRR11032677.16689	23083	247	167	142288	40	40	23	0	0	0	0	-1	0.000104840
SRR11032677.16855	20784	194	131	5633	18	18	19	0	0	0	0	-1	0.000078121
SRR11032677.16982	25919	236	160	3141	33	33	31	0	0	0	0	-1	0.000098920
SRR11032677.17061	21411	203	138	16857	12	12	17	0	0	0	0	-1	0.000078080
SRR11032677.17184	22881	223	151	117682	59	59	29	0	0	0	0	-1	0.000095281
SRR11032677.17265	25064	254	172	39473	39	39	37	0	0	0	0	-1	0.000101800
SRR11032677.17429	22032	213	144	56157	23	23	27	0	0	0	0	-1	0.000083960
SRR11032677.17535	22639	208	141	97767	50	50	41	0	0	0	0	-1	0.000088880
SRR11032677.17633	20496	233	158	28163	34	34	50	0	0	0	0	-1	0.000092440
SRR11032677.17695	22999	239	162	87035	70	70	83	0	0	0	0	-1	0.000104401
SRR11032677.17800	27896	258	175	94079	41	41	55	0	0	0	0	-1	0.000108560
SRR11032677.17866	21885	216	146	37760	39	39	29	0	0	0	0	-1	0.000087360
SRR11032677.17986	20247	186	126	36075	30	30	35	0	0	0	0	-1	0.000078400
SRR11032677.18090	25513	261	177	33694	64	64	41	1	2	106	1	60	0.000137001
SRR11032677.18259	21338	214	145	107787	47	47	63	0	0	0	0	-1	0.000099480
SRR11032677.18349	25471	249	169	90828	53	53	55	0	0	0	0	-1	0.000105600
SRR11032677.18456	27497	283	192	32869	44	44	74	0	0	0	0	-1	0.000112720
SRR11032677.18569	22553	217	147	80235	42	42	37	0	0	0	0	-1	0.000090920
SRR11032677.18663	25424	253	171	119481	18	18	25	0	0	0	0	-1	0.000100081
SRR11032677.18764	27575	275	186	12952	35	35	50	0	0	0	0	-1	0.000109320
SRR11032677.18911	22653	212	144	73916	0	0	0	0	0	0	0	-1	0.000079880
SRR11032677.19092	24171	252	171	121774	27	27	37	0	0	0	0	-1	0.000096080
SRR11032677.19177	27429	266	180	352	73	73	47	0	0	0	0	-1	0.000118441
SRR11032677.19269	27557	286	194	208793	117	117	109	0	0	0	0	-1	0.000151240
SRR11032677.19428	20967	197	133	5171	19	19	31	0	0	0	0	-1	0.000082241
SRR11032677.19543	21206	227	154	45176	41	41	43	0	0	0	0	-1	0.000090280
SRR11032677.19673	20618	211	143	463	10	10	14	0	0	0	0	-1	0.000079760
SRR11032677.19782	24187	225	152	120161	28	28	35	0	0	0	0	-1	0.000093640
SRR11032677.19872	21488	212	144	225377	421	421	310	2	3	86	1	0	0.000231041
SRR11032677.20162	23371	251	170	92930	19	19	19	0	0	0	0	-1	0.000093680
SRR11032677.20390	22222	208	141	129605	33	33	26	0	0	0	0	-1	0.000086480
SRR11032677.20550	25845	243	165	154202	25	25	31	0	0	0	0	-1	0.000099681
SRR11032677.20679	22287	217	147	177719	43	43	56	0	0	0	0	-1	0.000098680
SRR11032677.20830	20338	195	132	27291	31	31	43	0	0	0	0	-1	0.000081040
SRR11032677.20937	23770	267	181	111298	47	47	37	0	0	0	0	-1	0.000102120
SRR11032677.21171	20314	191	129	5241	33	33	31	0	0	0	0	-1	0.000079880
SRR11032677.21281	21805	234	158	78739	51	51	76	0	0	0	0	-1	0.000094160
SRR11032677.21375	20906	194	131	3607	7	7	13	0	0	0	0	-1	0.000076280
SRR11032677.21470	22104	229	155	129442	45	45	39	0	0	0	0	-1	0.000093561
SRR11032677.21571	24745	271	183	27191	47	47	44	0	0	0	0	-1	0.000105560
SRR11032677.21707	21542	220	149	72916	54	54	27	0	0	0	0	-1	0.000095520
SRR11032677.21800	22082	205	139	7443	8	8	13	0	0	0	0	-1	0.000080760
SRR11032677.21880	26871	297	201	148586	89	89	71	0	0	0	0	-1	0.000133120
SRR11032677.21997	23335	225	152	13942	9	9	16	0	0	0	0	-1	0.000094760
SRR11032677.22130	20250	175	119	95469	23	23	27	0	0	0	0	-1	0.000095160
SRR11032677.22180	27112	273	185	5374	10	10	18	0	0	0	0	-1	0.000102561
SRR11032677.22291	20309	204	138	7595	8	8	13	0	0	0	0	-1	0.000077960
SRR11032677.22416	20313	193	131	256001	44	44	45	0	0	0	0	-1	0.000082640
SRR11032677.22487	25325	252	171	24779	39	39	31	0	0	0	0	-1	0.000101800
SRR11032677.22621	21575	216	146	9720	3	3	6	0	0	0	0	-1	0.000079760
SRR11032677.22794	25559	254	172	23499	22	22	27	0	0	0	0	-1	0.000097400
SRR11032677.22871	22795	227	154	252149	97	97	117	0	0	0	0	-1	0.000107040
SRR11032677.22959	21684	193	131	1103	52	52	93	0	0	0	0	-1	0.000090961
SRR11032677.23076	24826	261	177	86959	0	0	0	0	0	0	0	-1	0.000094480
SRR11032677.23227	23988	231	156	106180	20	20	24	0	0	0	0	-1	0.000093081
SRR11032677.23360	23131	217	147	27872	17	17	24	0	0	0	0	-1	0.000084120
SRR11032677.23530	20794	197	133	23032	45	45	38	0	0	0	0	-1	0.000085760
SRR11032677.23632	20181	224	152	18071	39	39	49	0	0	0	0	-1	0.000086600
SRR11032677.23717	24455	238	161	47146	35	35	35	0	0	0	0	-1	0.000094400
SRR11032677.23863	23514	249	169	11733	48	48	45	0	0	0	0	-1	0.000098240
SRR11032677.23984	20884	204	138	835	30	30	47	0	0	0	0	-1	0.000091720
SRR11032677.24676	21710	200	136	10383	46	46	70	0	0	0	0	-1	0.000102921
SRR11032677.24803	21414	210	142	94992	73	73	128	0	0	0	0	-1	0.000091040
SRR11032677.24908	21996	212	144	21964	34	34	61	0	0	0	0	-1	0.000088000
SRR11032677.25107	27422	265	179	191	0	0	0	0	0	0	0	-1	0.000099360
SRR11032677.25665	24930	238	161	453	0	0	0	0	0	0	0	-1	0.000090640
SRR11032677.26019	24362	250	169	128	0	0	0	0	0	0	0	-1	0.000090400
SRR11032677.26376	25775	272	184	233	0	0	0	0	0	0	0	-1	0.000097200
SRR11032665.26	27342	275	186	230053	47	47	25	0	0	0	0	-1	0.000109641
SRR11032665.179	20819	221	150	110076	95	95	89	1	2	92	1	60	0.000132720
SRR11032665.416	20261	188	127	81837	12302	12302	1111	3	3	76	1	0	0.000262040
SRR11032665.518	23931	232	157	6274	24	24	46	0	0	0	0	-1	0.000094201
SRR11032665.699	25907	226	153	87942	40	40	22	0	0	0	0	-1	0.000100960
SRR11032665.931	26895	273	185	16918	44	44	68	0	0	0	0	-1	0.000110720
SRR11032665.1144	22964	241	163	165403	63	63	47	0	0	0	0	-1	0.000107841
SRR11032665.1290	22268	196	133	39722	40	40	25	0	0	0	0	-1	0.000086880
SRR11032665.1417	20817	213	144	71851	86	86	81	0	0	0	0	-1	0.000101840
SRR11032665.1625	25484	250	169	31921	77	77	39	1	2	108	1	60	0.000148360
SRR11032665.1795	21634	226	153	605	0	0	0	0	0	0	0	-1	0.000085880
SRR11032665.2000	22027	225	152	57048	41	41	31	0	0	0	0	-1	0.000092360
SRR11032665.2179	21950	197	133	30131	69	69	37	2	3	85	1	60	0.000124600
SRR11032665.2325	20643	216	146	45889	6	6	12	0	0	0	0	-1	0.000077720
SRR11032665.2441	24581	245	166	18575	91	91	85	1	2	104	1	60	0.000132560
SRR11032665.2566	22169	226	153	117388	63	63	43	1	2	91	1	60	0.000117600
SRR11032665.2768	27094	262	177	2033	37	37	33	0	0	0	0	-1	0.000107520
SRR11032665.2999	22712	227	154	551	15	15	25	0	0	0	0	-1	0.000089520
SRR11032665.3150	20480	223	151	16428	69	69	81	0	0	0	0	-1	0.000096161
SRR11032665.3251	20846	205	139	186982	200	200	269	2	3	108	1	60	0.000187160
SRR11032665.3475	20557	195	132	140837	94	94	101	0	0	0	0	-1	0.000123600
SRR11032665.3577	20971	195	132	101538	158	158	235	0	0	0	0	-1	0.000105281
SRR11032665.3722	20036	156	106	9482	59	59	73	0	0	0	0	-1	0.000084440
SRR11032665.4039	26896	254	172	9976	70	70	67	0	0	0	0	-1	0.000118200
SRR11032665.4198	22857	210	142	267473	135	135	175	1	2	100	1	60	0.000153601
SRR11032665.4417	21635	213	144	8573	54	54	57	0	0	0	0	-1	0.000094360
SRR11032665.4686	20257	218	148	11677	57	57	39	0	0	0	0	-1	0.000094440
SRR11032665.4900	25977	261	177	30317	21	21	37	0	0	0	0	-1	0.000130640
SRR11032665.5097	27460	252	171	68297	49	49	47	0	0	0	0	-1	0.000111040
SRR11032665.5377	24243	231	156	34348	2	2	4	0	0	0	0	-1	0.000088880
SRR11032665.5704	27138	269	182	6516	67	67	41	0	0	0	0	-1	0.000116120
SRR11032665.5876	20575	218	148	124672	64	64	51	0	0	0	0	-1	0.000101200
SRR11032665.6007	21883	209	142	38234	29	29	27	0	0	0	0	-1	0.000086040
SRR11032665.6154	26078	260	176	947	0	0	0	0	0	0	0	-1	0.000095560
SRR11032665.6334	25094	244	165	84689	42	42	51	0	0	0	0	-1	0.000099480
SRR11032665.6497	27459	282	191	4376	5	5	10	0	0	0	0	-1	0.000104201
SRR11032665.6660	24079	244	165	259	0	0	0	0	0	0	0	-1	0.000090440
SRR11032665.6786	20859	189	128	12322	34	34	31	0	0	0	0	-1	0.000089920
SRR11032665.7023	23436	214	145	125003	79	79	65	1	2	100	1	60	0.000131080
SRR11032665.7147	26324	242	164	103927	30	30	41	0	0	0	0	-1	0.000101800
SRR11032665.7251	21203	207	140	82831	23	23	27	0	0	0	0	-1	0.000081720
SRR11032665.7376	27060	256	173	9611	56	56	41	0	0	0	0	-1	0.000110680
SRR11032665.7542	23306	215	146	102517	69	69	43	1	0	0	0	-1	0.000134240
SRR11032665.7689	24401	256	173	46802	34	34	17	0	0	0	0	-1	0.000098520
SRR11032665.7758	25073	238	161	36867	0	0	0	0	0	0	0	-1	0.000091800
SRR11032665.7851	20413	251	170	22570	55	55	70	0	0	0	0	-1	0.000095000
SRR11032665.7984	26598	271	183	72329	74	74	69	0	0	0	0	-1	0.000118120
SRR11032665.8102	27907	262	177	30696	65	65	59	0	0	0	0	-1	0.000124640
SRR11032665.8213	21129	186	126	4680	31	31	39	0	0	0	0	-1	0.000101240
SRR11032665.8412	23488	230	156	22971	0	0	0	0	0	0	0	-1	0.000085841
SRR11032665.8614	24835	261	177	128528	72	72	63	0	0	0	0	-1	0.000113360
SRR11032665.8731	23296	221	150	5638	27	27	23	0	0	0	0	-1	0.000088360
SRR11032665.8933	25587	246	167	118324	45	45	21	0	0	0	0	-1	0.000106320
SRR11032665.9084	27674	281	190	71454	8	8	14	0	0	0	0	-1	0.000104440
SRR11032665.9236	20809	228	154	129136	34	34	23	0	0	0	0	-1	0.000108321
SRR11032665.9426	24024	268	181	96587	3936	3936	668	0	0	0	0	-1	0.000173121
SRR11032665.9628	25421	253	171	450	33	33	21	0	0	0	0	-1	0.000099040
SRR11032665.9757	20960	198	134	251717	101	101	91	1	2	100	1	60	0.000129400
SRR11032665.9875	25620	246	167	49660	75	75	67	0	0	0	0	-1	0.000115120
SRR11032665.10017	25855	271	183	76065	16	16	28	0	0	0	0	-1	0.000102280
SRR11032665.10139	21737	213	144	14727	48	48	33	0	0	0	0	-1	0.000092200
SRR11032665.10310	27502	228	154	87694	3298	3298	4805	3	4	93	1	0	0.001140923
SRR11032665.10464	25614	264	179	146037	103	103	135	0	0	0	0	-1	0.000123160
SRR11032665.10609	23208	213	144	204	14	14	28	0	0	0	0	-1	0.000086120
SRR11032665.10717	25873	257	174	55	0	0	0	0	0	0	0	-1	0.000117240
SRR11032665.11644	22786	215	146	131	0	0	0	0	0	0	0	-1	0.000082000
SRR11032665.12363	21217	204	138	149	0	0	0	0	0	0	0	-1	0.000076440
SRR11032665.13687	24529	237	160	151	0	0	0	0	0	0	0	-1	0.000089760
SRR11032665.14958	23852	260	176	209	0	0	0	0	0	0	0	-1	0.000093600
